code,shape,shape_name,handle,glb_path
10126,HT,heart,comfort-fit-2mm-six-prong-solitaire-ring-heart-center-stone,C:\brileent earth\10126_Comfort-Fit-2mm-Six-Prong-Solitaire-Ring-14K-White-Gold-BE10126-76788446\3d_model\BE10126_HT_200ct_RENDER.glb
10126,MQ,marquise,comfort-fit-2mm-six-prong-solitaire-ring-marquise-center-stone,C:\brileent earth\10126_Comfort-Fit-2mm-Six-Prong-Solitaire-Ring-14K-White-Gold-BE10126-76788446\3d_model\BE10126_MQ_200ct_RENDER.glb
10126,OV,oval,comfort-fit-2mm-six-prong-solitaire-ring-oval-center-stone,C:\brileent earth\10126_Comfort-Fit-2mm-Six-Prong-Solitaire-Ring-14K-White-Gold-BE10126-76788446\3d_model\BE10126_OV_200ct_RENDER.glb
10126,PE,pear,comfort-fit-2mm-six-prong-solitaire-ring-pear-center-stone,C:\brileent earth\10126_Comfort-Fit-2mm-Six-Prong-Solitaire-Ring-14K-White-Gold-BE10126-76788446\3d_model\BE10126_PE_200ct_RENDER.glb
10126,RD,round,comfort-fit-2mm-six-prong-solitaire-ring-round-center-stone,C:\brileent earth\10126_Comfort-Fit-2mm-Six-Prong-Solitaire-Ring-14K-White-Gold-BE10126-76788446\3d_model\BE10126_RD_200ct_RENDER.glb
101,AS,asscher,comfort-fit-2mm-solitaire-ring-asscher-cut-center-stone,C:\brileent earth\101_Comfort-Fit-2mm-Solitaire-Ring-14K-White-Gold-BE101-76820097\3d_model\BE101_AS_200ct_RENDER.glb
101,CU,cushion,comfort-fit-2mm-solitaire-ring-cushion-cut-center-stone,C:\brileent earth\101_Comfort-Fit-2mm-Solitaire-Ring-14K-White-Gold-BE101-76820097\3d_model\BE101_CU_200ct_RENDER.glb
101,EM,emerald,comfort-fit-2mm-solitaire-ring-emerald-cut-center-stone,C:\brileent earth\101_Comfort-Fit-2mm-Solitaire-Ring-14K-White-Gold-BE101-76820097\3d_model\BE101_EM_200ct_RENDER.glb
101,HT,heart,comfort-fit-2mm-solitaire-ring-heart-center-stone,C:\brileent earth\101_Comfort-Fit-2mm-Solitaire-Ring-14K-White-Gold-BE101-76820097\3d_model\BE101_HT_200ct_RENDER.glb
101,MQ,marquise,comfort-fit-2mm-solitaire-ring-marquise-center-stone,C:\brileent earth\101_Comfort-Fit-2mm-Solitaire-Ring-14K-White-Gold-BE101-76820097\3d_model\BE101_MQ_200ct_RENDER.glb
101,OV,oval,comfort-fit-2mm-solitaire-ring-oval-center-stone,C:\brileent earth\101_Comfort-Fit-2mm-Solitaire-Ring-14K-White-Gold-BE101-76820097\3d_model\BE101_OV_200ct_RENDER.glb
101,PE,pear,comfort-fit-2mm-solitaire-ring-pear-center-stone,C:\brileent earth\101_Comfort-Fit-2mm-Solitaire-Ring-14K-White-Gold-BE101-76820097\3d_model\BE101_PE_200ct_RENDER.glb
101,PR,princess,comfort-fit-2mm-solitaire-ring-princess-cut-center-stone,C:\brileent earth\101_Comfort-Fit-2mm-Solitaire-Ring-14K-White-Gold-BE101-76820097\3d_model\BE101_PR_200ct_RENDER.glb
101,RA,radiant,comfort-fit-2mm-solitaire-ring-radiant-cut-center-stone,C:\brileent earth\101_Comfort-Fit-2mm-Solitaire-Ring-14K-White-Gold-BE101-76820097\3d_model\BE101_RA_200ct_RENDER.glb
101,RD,round,comfort-fit-2mm-solitaire-ring-round-center-stone,C:\brileent earth\101_Comfort-Fit-2mm-Solitaire-Ring-14K-White-Gold-BE101-76820097\3d_model\BE101_RD_200ct_RENDER.glb
104BS,AS,asscher,luxe-willow-sapphire-and-diamond-ring-1-8-ct-tw-asscher-cut-center-stone,C:\brileent earth\104BS_Luxe-Willow-Sapphire-and-Diamond-Ring-_1_8-ct_-tw_-14K-White-Gold-BE104BS-76827472\3d_model\BE104BS_AS_200ct_RENDER.glb
104BS,CU,cushion,luxe-willow-sapphire-and-diamond-ring-1-8-ct-tw-cushion-cut-center-stone,C:\brileent earth\104BS_Luxe-Willow-Sapphire-and-Diamond-Ring-_1_8-ct_-tw_-14K-White-Gold-BE104BS-76827472\3d_model\BE104BS_CU_200ct_RENDER.glb
104BS,EM,emerald,luxe-willow-sapphire-and-diamond-ring-1-8-ct-tw-emerald-cut-center-stone,C:\brileent earth\104BS_Luxe-Willow-Sapphire-and-Diamond-Ring-_1_8-ct_-tw_-14K-White-Gold-BE104BS-76827472\3d_model\BE104BS_EM_200ct_RENDER.glb
104BS,HT,heart,luxe-willow-sapphire-and-diamond-ring-1-8-ct-tw-heart-center-stone,C:\brileent earth\104BS_Luxe-Willow-Sapphire-and-Diamond-Ring-_1_8-ct_-tw_-14K-White-Gold-BE104BS-76827472\3d_model\BE104BS_HT_200ct_RENDER.glb
104BS,MQ,marquise,luxe-willow-sapphire-and-diamond-ring-1-8-ct-tw-marquise-center-stone,C:\brileent earth\104BS_Luxe-Willow-Sapphire-and-Diamond-Ring-_1_8-ct_-tw_-14K-White-Gold-BE104BS-76827472\3d_model\BE104BS_MQ_200ct_RENDER.glb
104BS,OV,oval,luxe-willow-sapphire-and-diamond-ring-1-8-ct-tw-oval-center-stone,C:\brileent earth\104BS_Luxe-Willow-Sapphire-and-Diamond-Ring-_1_8-ct_-tw_-14K-White-Gold-BE104BS-76827472\3d_model\BE104BS_OV_200ct_RENDER.glb
104BS,PE,pear,luxe-willow-sapphire-and-diamond-ring-1-8-ct-tw-pear-center-stone,C:\brileent earth\104BS_Luxe-Willow-Sapphire-and-Diamond-Ring-_1_8-ct_-tw_-14K-White-Gold-BE104BS-76827472\3d_model\BE104BS_PE_200ct_RENDER.glb
104BS,PR,princess,luxe-willow-sapphire-and-diamond-ring-1-8-ct-tw-princess-cut-center-stone,C:\brileent earth\104BS_Luxe-Willow-Sapphire-and-Diamond-Ring-_1_8-ct_-tw_-14K-White-Gold-BE104BS-76827472\3d_model\BE104BS_PR_200ct_RENDER.glb
104BS,RA,radiant,luxe-willow-sapphire-and-diamond-ring-1-8-ct-tw-radiant-cut-center-stone,C:\brileent earth\104BS_Luxe-Willow-Sapphire-and-Diamond-Ring-_1_8-ct_-tw_-14K-White-Gold-BE104BS-76827472\3d_model\BE104BS_RA_200ct_RENDER.glb
104BS,RD,round,luxe-willow-sapphire-and-diamond-ring-1-8-ct-tw-round-center-stone,C:\brileent earth\104BS_Luxe-Willow-Sapphire-and-Diamond-Ring-_1_8-ct_-tw_-14K-White-Gold-BE104BS-76827472\3d_model\BE104BS_RD_200ct_RENDER.glb
104B,AS,asscher,luxe-willow-diamond-ring-1-4-ct-tw-asscher-cut-center-stone,C:\brileent earth\104B_Luxe-Willow-Diamond-Ring-_1_4-ct_-tw_-14K-Gold-BE104B-76820154\3d_model\BE104B_AS_200ct_RENDER.glb
104B,CU,cushion,luxe-willow-diamond-ring-1-4-ct-tw-cushion-cut-center-stone,C:\brileent earth\104B_Luxe-Willow-Diamond-Ring-_1_4-ct_-tw_-14K-Gold-BE104B-76820154\3d_model\BE104B_CU_200ct_RENDER.glb
104B,EM,emerald,luxe-willow-diamond-ring-1-4-ct-tw-emerald-cut-center-stone,C:\brileent earth\104B_Luxe-Willow-Diamond-Ring-_1_4-ct_-tw_-14K-Gold-BE104B-76820154\3d_model\BE104B_EM_200ct_RENDER.glb
104B,HT,heart,luxe-willow-diamond-ring-1-4-ct-tw-heart-center-stone,C:\brileent earth\104B_Luxe-Willow-Diamond-Ring-_1_4-ct_-tw_-14K-Gold-BE104B-76820154\3d_model\BE104B_HT_200ct_RENDER.glb
104B,MQ,marquise,luxe-willow-diamond-ring-1-4-ct-tw-marquise-center-stone,C:\brileent earth\104B_Luxe-Willow-Diamond-Ring-_1_4-ct_-tw_-14K-Gold-BE104B-76820154\3d_model\BE104B_MQ_200ct_RENDER.glb
104B,OV,oval,luxe-willow-diamond-ring-1-4-ct-tw-oval-center-stone,C:\brileent earth\104B_Luxe-Willow-Diamond-Ring-_1_4-ct_-tw_-14K-Gold-BE104B-76820154\3d_model\BE104B_OV_200ct_RENDER.glb
104B,PE,pear,luxe-willow-diamond-ring-1-4-ct-tw-pear-center-stone,C:\brileent earth\104B_Luxe-Willow-Diamond-Ring-_1_4-ct_-tw_-14K-Gold-BE104B-76820154\3d_model\BE104B_PE_200ct_RENDER.glb
104B,PR,princess,luxe-willow-diamond-ring-1-4-ct-tw-princess-cut-center-stone,C:\brileent earth\104B_Luxe-Willow-Diamond-Ring-_1_4-ct_-tw_-14K-Gold-BE104B-76820154\3d_model\BE104B_PR_200ct_RENDER.glb
104B,RA,radiant,luxe-willow-diamond-ring-1-4-ct-tw-radiant-cut-center-stone,C:\brileent earth\104B_Luxe-Willow-Diamond-Ring-_1_4-ct_-tw_-14K-Gold-BE104B-76820154\3d_model\BE104B_RA_200ct_RENDER.glb
104B,RD,round,luxe-willow-diamond-ring-1-4-ct-tw-round-center-stone,C:\brileent earth\104B_Luxe-Willow-Diamond-Ring-_1_4-ct_-tw_-14K-Gold-BE104B-76820154\3d_model\BE104B_RD_200ct_RENDER.glb
104H,AS,asscher,luxe-willow-halo-diamond-ring-2-5-ct-tw-asscher-cut-center-stone,C:\brileent earth\104H_Luxe-Willow-Halo-Diamond-Ring-_2_5-ct_-tw_-14K-White-Gold-BE104H-76824007\3d_model\BE104H_AS_200ct_RENDER.glb
104H,CU,cushion,luxe-willow-halo-diamond-ring-2-5-ct-tw-cushion-cut-center-stone,C:\brileent earth\104H_Luxe-Willow-Halo-Diamond-Ring-_2_5-ct_-tw_-14K-White-Gold-BE104H-76824007\3d_model\BE104H_CU_200ct_RENDER.glb
104H,EM,emerald,luxe-willow-halo-diamond-ring-2-5-ct-tw-emerald-cut-center-stone,C:\brileent earth\104H_Luxe-Willow-Halo-Diamond-Ring-_2_5-ct_-tw_-14K-White-Gold-BE104H-76824007\3d_model\BE104H_EM_200ct_RENDER.glb
104H,MQ,marquise,luxe-willow-halo-diamond-ring-2-5-ct-tw-marquise-center-stone,C:\brileent earth\104H_Luxe-Willow-Halo-Diamond-Ring-_2_5-ct_-tw_-14K-White-Gold-BE104H-76824007\3d_model\BE104H_MQ_200ct_RENDER.glb
104H,OV,oval,luxe-willow-halo-diamond-ring-2-5-ct-tw-oval-center-stone,C:\brileent earth\104H_Luxe-Willow-Halo-Diamond-Ring-_2_5-ct_-tw_-14K-White-Gold-BE104H-76824007\3d_model\BE104H_OV_200ct_RENDER.glb
104H,PE,pear,luxe-willow-halo-diamond-ring-2-5-ct-tw-pear-center-stone,C:\brileent earth\104H_Luxe-Willow-Halo-Diamond-Ring-_2_5-ct_-tw_-14K-White-Gold-BE104H-76824007\3d_model\BE104H_PE_200ct_RENDER.glb
104H,PR,princess,luxe-willow-halo-diamond-ring-2-5-ct-tw-princess-cut-center-stone,C:\brileent earth\104H_Luxe-Willow-Halo-Diamond-Ring-_2_5-ct_-tw_-14K-White-Gold-BE104H-76824007\3d_model\BE104H_PR_200ct_RENDER.glb
104H,RA,radiant,luxe-willow-halo-diamond-ring-2-5-ct-tw-radiant-cut-center-stone,C:\brileent earth\104H_Luxe-Willow-Halo-Diamond-Ring-_2_5-ct_-tw_-14K-White-Gold-BE104H-76824007\3d_model\BE104H_RA_200ct_RENDER.glb
104H,RD,round,luxe-willow-halo-diamond-ring-2-5-ct-tw-round-center-stone,C:\brileent earth\104H_Luxe-Willow-Halo-Diamond-Ring-_2_5-ct_-tw_-14K-White-Gold-BE104H-76824007\3d_model\BE104H_RD_200ct_RENDER.glb
104,AS,asscher,willow-diamond-ring-1-8-ct-tw-asscher-cut-center-stone,C:\brileent earth\104_Willow-Diamond-Ring-_1_8-ct_-tw_-14K-White-Gold-BE104-76820143\3d_model\BE104_AS_200ct_RENDER.glb
104,CU,cushion,willow-diamond-ring-1-8-ct-tw-cushion-cut-center-stone,C:\brileent earth\104_Willow-Diamond-Ring-_1_8-ct_-tw_-14K-White-Gold-BE104-76820143\3d_model\BE104_CU_200ct_RENDER.glb
104,EM,emerald,willow-diamond-ring-1-8-ct-tw-emerald-cut-center-stone,C:\brileent earth\104_Willow-Diamond-Ring-_1_8-ct_-tw_-14K-White-Gold-BE104-76820143\3d_model\BE104_EM_200ct_RENDER.glb
104,HT,heart,willow-diamond-ring-1-8-ct-tw-heart-center-stone,C:\brileent earth\104_Willow-Diamond-Ring-_1_8-ct_-tw_-14K-White-Gold-BE104-76820143\3d_model\BE104_HT_200ct_RENDER.glb
104,MQ,marquise,willow-diamond-ring-1-8-ct-tw-marquise-center-stone,C:\brileent earth\104_Willow-Diamond-Ring-_1_8-ct_-tw_-14K-White-Gold-BE104-76820143\3d_model\BE104_MQ_200ct_RENDER.glb
104,OV,oval,willow-diamond-ring-1-8-ct-tw-oval-center-stone,C:\brileent earth\104_Willow-Diamond-Ring-_1_8-ct_-tw_-14K-White-Gold-BE104-76820143\3d_model\BE104_OV_200ct_RENDER.glb
104,PE,pear,willow-diamond-ring-1-8-ct-tw-pear-center-stone,C:\brileent earth\104_Willow-Diamond-Ring-_1_8-ct_-tw_-14K-White-Gold-BE104-76820143\3d_model\BE104_PE_200ct_RENDER.glb
104,PR,princess,willow-diamond-ring-1-8-ct-tw-princess-cut-center-stone,C:\brileent earth\104_Willow-Diamond-Ring-_1_8-ct_-tw_-14K-White-Gold-BE104-76820143\3d_model\BE104_PR_200ct_RENDER.glb
104,RA,radiant,willow-diamond-ring-1-8-ct-tw-radiant-cut-center-stone,C:\brileent earth\104_Willow-Diamond-Ring-_1_8-ct_-tw_-14K-White-Gold-BE104-76820143\3d_model\BE104_RA_200ct_RENDER.glb
104,RD,round,willow-diamond-ring-1-8-ct-tw-round-center-stone,C:\brileent earth\104_Willow-Diamond-Ring-_1_8-ct_-tw_-14K-White-Gold-BE104-76820143\3d_model\BE104_RD_200ct_RENDER.glb
1131,AS,asscher,celtic-love-knot-ring-asscher-cut-center-stone,C:\brileent earth\1131_Celtic-Love-Knot-Ring-14K-White-Gold-BE1131-76823503\3d_model\BE1131_AS_200ct_RENDER.glb
1131,CU,cushion,celtic-love-knot-ring-cushion-cut-center-stone,C:\brileent earth\1131_Celtic-Love-Knot-Ring-14K-White-Gold-BE1131-76823503\3d_model\BE1131_CU_200ct_RENDER.glb
1131,EM,emerald,celtic-love-knot-ring-emerald-cut-center-stone,C:\brileent earth\1131_Celtic-Love-Knot-Ring-14K-White-Gold-BE1131-76823503\3d_model\BE1131_EM_200ct_RENDER.glb
1131,HT,heart,celtic-love-knot-ring-heart-center-stone,C:\brileent earth\1131_Celtic-Love-Knot-Ring-14K-White-Gold-BE1131-76823503\3d_model\BE1131_HT_200ct_RENDER.glb
1131,MQ,marquise,celtic-love-knot-ring-marquise-center-stone,C:\brileent earth\1131_Celtic-Love-Knot-Ring-14K-White-Gold-BE1131-76823503\3d_model\BE1131_MQ_200ct_RENDER.glb
1131,OV,oval,celtic-love-knot-ring-oval-center-stone,C:\brileent earth\1131_Celtic-Love-Knot-Ring-14K-White-Gold-BE1131-76823503\3d_model\BE1131_OV_200ct_RENDER.glb
1131,PE,pear,celtic-love-knot-ring-pear-center-stone,C:\brileent earth\1131_Celtic-Love-Knot-Ring-14K-White-Gold-BE1131-76823503\3d_model\BE1131_PE_200ct_RENDER.glb
1131,PR,princess,celtic-love-knot-ring-princess-cut-center-stone,C:\brileent earth\1131_Celtic-Love-Knot-Ring-14K-White-Gold-BE1131-76823503\3d_model\BE1131_PR_200ct_RENDER.glb
1131,RA,radiant,celtic-love-knot-ring-radiant-cut-center-stone,C:\brileent earth\1131_Celtic-Love-Knot-Ring-14K-White-Gold-BE1131-76823503\3d_model\BE1131_RA_200ct_RENDER.glb
1131,RD,round,celtic-love-knot-ring-round-center-stone,C:\brileent earth\1131_Celtic-Love-Knot-Ring-14K-White-Gold-BE1131-76823503\3d_model\BE1131_RD_200ct_RENDER.glb
113,AS,asscher,budding-willow-solitaire-ring-asscher-cut-center-stone,C:\brileent earth\113_Budding-Willow-Solitaire-Ring-14K-White-Gold-BE113-76788782\3d_model\BE113_AS_200ct_RENDER.glb
113,CU,cushion,budding-willow-solitaire-ring-cushion-cut-center-stone,C:\brileent earth\113_Budding-Willow-Solitaire-Ring-14K-White-Gold-BE113-76788782\3d_model\BE113_CU_200ct_RENDER.glb
113,EM,emerald,budding-willow-solitaire-ring-emerald-cut-center-stone,C:\brileent earth\113_Budding-Willow-Solitaire-Ring-14K-White-Gold-BE113-76788782\3d_model\BE113_EM_200ct_RENDER.glb
113,HT,heart,budding-willow-solitaire-ring-heart-center-stone,C:\brileent earth\113_Budding-Willow-Solitaire-Ring-14K-White-Gold-BE113-76788782\3d_model\BE113_HT_200ct_RENDER.glb
113,MQ,marquise,budding-willow-solitaire-ring-marquise-center-stone,C:\brileent earth\113_Budding-Willow-Solitaire-Ring-14K-White-Gold-BE113-76788782\3d_model\BE113_MQ_200ct_RENDER.glb
113,OV,oval,budding-willow-solitaire-ring-oval-center-stone,C:\brileent earth\113_Budding-Willow-Solitaire-Ring-14K-White-Gold-BE113-76788782\3d_model\BE113_OV_200ct_RENDER.glb
113,PE,pear,budding-willow-solitaire-ring-pear-center-stone,C:\brileent earth\113_Budding-Willow-Solitaire-Ring-14K-White-Gold-BE113-76788782\3d_model\BE113_PE_200ct_RENDER.glb
113,PR,princess,budding-willow-solitaire-ring-princess-cut-center-stone,C:\brileent earth\113_Budding-Willow-Solitaire-Ring-14K-White-Gold-BE113-76788782\3d_model\BE113_PR_200ct_RENDER.glb
113,RA,radiant,budding-willow-solitaire-ring-radiant-cut-center-stone,C:\brileent earth\113_Budding-Willow-Solitaire-Ring-14K-White-Gold-BE113-76788782\3d_model\BE113_RA_200ct_RENDER.glb
113,RD,round,budding-willow-solitaire-ring-round-center-stone,C:\brileent earth\113_Budding-Willow-Solitaire-Ring-14K-White-Gold-BE113-76788782\3d_model\BE113_RD_200ct_RENDER.glb
1182,AS,asscher,peyton-3mm-solitaire-ring-asscher-cut-center-stone,C:\brileent earth\1182_Peyton-3mm-Solitaire-Ring-14K-Gold-BE1182-76786010\3d_model\BE1182_AS_200ct_RENDER.glb
1182,CU,cushion,peyton-3mm-solitaire-ring-cushion-cut-center-stone,C:\brileent earth\1182_Peyton-3mm-Solitaire-Ring-14K-Gold-BE1182-76786010\3d_model\BE1182_CU_200ct_RENDER.glb
1182,EM,emerald,peyton-3mm-solitaire-ring-emerald-cut-center-stone,C:\brileent earth\1182_Peyton-3mm-Solitaire-Ring-14K-Gold-BE1182-76786010\3d_model\BE1182_EM_200ct_RENDER.glb
1182,MQ,marquise,peyton-3mm-solitaire-ring-marquise-center-stone,C:\brileent earth\1182_Peyton-3mm-Solitaire-Ring-14K-Gold-BE1182-76786010\3d_model\BE1182_MQ_200ct_RENDER.glb
1182,OV,oval,peyton-3mm-solitaire-ring-oval-center-stone,C:\brileent earth\1182_Peyton-3mm-Solitaire-Ring-14K-Gold-BE1182-76786010\3d_model\BE1182_OV_200ct_RENDER.glb
1182,PE,pear,peyton-3mm-solitaire-ring-pear-center-stone,C:\brileent earth\1182_Peyton-3mm-Solitaire-Ring-14K-Gold-BE1182-76786010\3d_model\BE1182_PE_200ct_RENDER.glb
1182,PR,princess,peyton-3mm-solitaire-ring-princess-cut-center-stone,C:\brileent earth\1182_Peyton-3mm-Solitaire-Ring-14K-Gold-BE1182-76786010\3d_model\BE1182_PR_200ct_RENDER.glb
1182,RA,radiant,peyton-3mm-solitaire-ring-radiant-cut-center-stone,C:\brileent earth\1182_Peyton-3mm-Solitaire-Ring-14K-Gold-BE1182-76786010\3d_model\BE1182_RA_200ct_RENDER.glb
1182,RD,round,peyton-3mm-solitaire-ring-round-center-stone,C:\brileent earth\1182_Peyton-3mm-Solitaire-Ring-14K-Gold-BE1182-76786010\3d_model\BE1182_RD_200ct_RENDER.glb
11961,MQ,marquise,esme-2-5mm-solitaire-ring-marquise-center-stone,C:\brileent earth\11961_Esme-2_5mm-Solitaire-Ring-14K-Gold-BE11961-76787163\3d_model\BE11961_MQ_200ct_RENDER.glb
11961,OV,oval,esme-2-5mm-solitaire-ring-oval-center-stone,C:\brileent earth\11961_Esme-2_5mm-Solitaire-Ring-14K-Gold-BE11961-76787163\3d_model\BE11961_OV_200ct_RENDER.glb
11961,PE,pear,esme-2-5mm-solitaire-ring-pear-center-stone,C:\brileent earth\11961_Esme-2_5mm-Solitaire-Ring-14K-Gold-BE11961-76787163\3d_model\BE11961_PE_200ct_RENDER.glb
11961,RD,round,esme-2-5mm-solitaire-ring-round-center-stone,C:\brileent earth\11961_Esme-2_5mm-Solitaire-Ring-14K-Gold-BE11961-76787163\3d_model\BE11961_RD_200ct_RENDER.glb
1199H6,HT,heart,six-prong-petite-comfort-fit-1-5mm-solitaire-ring-heart-center-stone,C:\brileent earth\1199H6_Six-Prong-Petite-Comfort-Fit-1_5mm-Solitaire-Ring-14K-White-Gold-BE1199H6-76788554\3d_model\BE1199H6_HT_200ct_RENDER.glb
1199H6,MQ,marquise,six-prong-petite-comfort-fit-1-5mm-solitaire-ring-marquise-center-stone,C:\brileent earth\1199H6_Six-Prong-Petite-Comfort-Fit-1_5mm-Solitaire-Ring-14K-White-Gold-BE1199H6-76788554\3d_model\BE1199H6_MQ_200ct_RENDER.glb
1199H6,OV,oval,six-prong-petite-comfort-fit-1-5mm-solitaire-ring-oval-center-stone,C:\brileent earth\1199H6_Six-Prong-Petite-Comfort-Fit-1_5mm-Solitaire-Ring-14K-White-Gold-BE1199H6-76788554\3d_model\BE1199H6_OV_200ct_RENDER.glb
1199H6,PE,pear,six-prong-petite-comfort-fit-1-5mm-solitaire-ring-pear-center-stone,C:\brileent earth\1199H6_Six-Prong-Petite-Comfort-Fit-1_5mm-Solitaire-Ring-14K-White-Gold-BE1199H6-76788554\3d_model\BE1199H6_PE_200ct_RENDER.glb
1199H6,RD,round,six-prong-petite-comfort-fit-1-5mm-solitaire-ring-round-center-stone,C:\brileent earth\1199H6_Six-Prong-Petite-Comfort-Fit-1_5mm-Solitaire-Ring-14K-White-Gold-BE1199H6-76788554\3d_model\BE1199H6_RD_200ct_RENDER.glb
1199,AS,asscher,four-prong-comfort-fit-1-5mm-ring-asscher-cut-center-stone,C:\brileent earth\1199_Four-Prong-Comfort-Fit-1_5mm-Ring-14K-White-Gold-BE1199-76826298\3d_model\BE1199_AS_200ct_RENDER.glb
1199,CU,cushion,four-prong-comfort-fit-1-5mm-ring-cushion-cut-center-stone,C:\brileent earth\1199_Four-Prong-Comfort-Fit-1_5mm-Ring-14K-White-Gold-BE1199-76826298\3d_model\BE1199_CU_200ct_RENDER.glb
1199,EM,emerald,four-prong-comfort-fit-1-5mm-ring-emerald-cut-center-stone,C:\brileent earth\1199_Four-Prong-Comfort-Fit-1_5mm-Ring-14K-White-Gold-BE1199-76826298\3d_model\BE1199_EM_200ct_RENDER.glb
1199,HT,heart,four-prong-comfort-fit-1-5mm-ring-heart-center-stone,C:\brileent earth\1199_Four-Prong-Comfort-Fit-1_5mm-Ring-14K-White-Gold-BE1199-76826298\3d_model\BE1199_HT_200ct_RENDER.glb
1199,OV,oval,four-prong-comfort-fit-1-5mm-ring-oval-center-stone,C:\brileent earth\1199_Four-Prong-Comfort-Fit-1_5mm-Ring-14K-White-Gold-BE1199-76826298\3d_model\BE1199_OV_200ct_RENDER.glb
1199,PR,princess,four-prong-comfort-fit-1-5mm-ring-princess-cut-center-stone,C:\brileent earth\1199_Four-Prong-Comfort-Fit-1_5mm-Ring-14K-White-Gold-BE1199-76826298\3d_model\BE1199_PR_200ct_RENDER.glb
1199,RA,radiant,four-prong-comfort-fit-1-5mm-ring-radiant-cut-center-stone,C:\brileent earth\1199_Four-Prong-Comfort-Fit-1_5mm-Ring-14K-White-Gold-BE1199-76826298\3d_model\BE1199_RA_200ct_RENDER.glb
1199,RD,round,four-prong-comfort-fit-1-5mm-ring-round-center-stone,C:\brileent earth\1199_Four-Prong-Comfort-Fit-1_5mm-Ring-14K-White-Gold-BE1199-76826298\3d_model\BE1199_RD_200ct_RENDER.glb
12112,AS,asscher,2mm-provence-solitaire-ring-asscher-cut-center-stone,C:\brileent earth\12112_2mm-Provence-Solitaire-Ring-14K-Gold-BE12112-76787239\3d_model\BE12112_AS_200ct_RENDER.glb
12112,CU,cushion,2mm-provence-solitaire-ring-cushion-cut-center-stone,C:\brileent earth\12112_2mm-Provence-Solitaire-Ring-14K-Gold-BE12112-76787239\3d_model\BE12112_CU_200ct_RENDER.glb
12112,EM,emerald,2mm-provence-solitaire-ring-emerald-cut-center-stone,C:\brileent earth\12112_2mm-Provence-Solitaire-Ring-14K-Gold-BE12112-76787239\3d_model\BE12112_EM_200ct_RENDER.glb
12112,MQ,marquise,2mm-provence-solitaire-ring-marquise-center-stone,C:\brileent earth\12112_2mm-Provence-Solitaire-Ring-14K-Gold-BE12112-76787239\3d_model\BE12112_MQ_200ct_RENDER.glb
12112,OV,oval,2mm-provence-solitaire-ring-oval-center-stone,C:\brileent earth\12112_2mm-Provence-Solitaire-Ring-14K-Gold-BE12112-76787239\3d_model\BE12112_OV_200ct_RENDER.glb
12112,PE,pear,2mm-provence-solitaire-ring-pear-center-stone,C:\brileent earth\12112_2mm-Provence-Solitaire-Ring-14K-Gold-BE12112-76787239\3d_model\BE12112_PE_200ct_RENDER.glb
12112,PR,princess,2mm-provence-solitaire-ring-princess-cut-center-stone,C:\brileent earth\12112_2mm-Provence-Solitaire-Ring-14K-Gold-BE12112-76787239\3d_model\BE12112_PR_200ct_RENDER.glb
12112,RA,radiant,2mm-provence-solitaire-ring-radiant-cut-center-stone,C:\brileent earth\12112_2mm-Provence-Solitaire-Ring-14K-Gold-BE12112-76787239\3d_model\BE12112_RA_200ct_RENDER.glb
12112,RD,round,2mm-provence-solitaire-ring-round-center-stone,C:\brileent earth\12112_2mm-Provence-Solitaire-Ring-14K-Gold-BE12112-76787239\3d_model\BE12112_RD_200ct_RENDER.glb
12148,AS,asscher,peyton-4mm-solitaire-ring-asscher-cut-center-stone,C:\brileent earth\12148_Peyton-4mm-Solitaire-Ring-14K-Gold-BE12148-76788458\3d_model\BE12148_AS_200ct_RENDER.glb
12148,CU,cushion,peyton-4mm-solitaire-ring-cushion-cut-center-stone,C:\brileent earth\12148_Peyton-4mm-Solitaire-Ring-14K-Gold-BE12148-76788458\3d_model\BE12148_CU_200ct_RENDER.glb
12148,EM,emerald,peyton-4mm-solitaire-ring-emerald-cut-center-stone,C:\brileent earth\12148_Peyton-4mm-Solitaire-Ring-14K-Gold-BE12148-76788458\3d_model\BE12148_EM_200ct_RENDER.glb
12148,MQ,marquise,peyton-4mm-solitaire-ring-marquise-center-stone,C:\brileent earth\12148_Peyton-4mm-Solitaire-Ring-14K-Gold-BE12148-76788458\3d_model\BE12148_MQ_200ct_RENDER.glb
12148,OV,oval,peyton-4mm-solitaire-ring-oval-center-stone,C:\brileent earth\12148_Peyton-4mm-Solitaire-Ring-14K-Gold-BE12148-76788458\3d_model\BE12148_OV_200ct_RENDER.glb
12148,PE,pear,peyton-4mm-solitaire-ring-pear-center-stone,C:\brileent earth\12148_Peyton-4mm-Solitaire-Ring-14K-Gold-BE12148-76788458\3d_model\BE12148_PE_200ct_RENDER.glb
12148,PR,princess,peyton-4mm-solitaire-ring-princess-cut-center-stone,C:\brileent earth\12148_Peyton-4mm-Solitaire-Ring-14K-Gold-BE12148-76788458\3d_model\BE12148_PR_200ct_RENDER.glb
12148,RA,radiant,peyton-4mm-solitaire-ring-radiant-cut-center-stone,C:\brileent earth\12148_Peyton-4mm-Solitaire-Ring-14K-Gold-BE12148-76788458\3d_model\BE12148_RA_200ct_RENDER.glb
12148,RD,round,peyton-4mm-solitaire-ring-round-center-stone,C:\brileent earth\12148_Peyton-4mm-Solitaire-Ring-14K-Gold-BE12148-76788458\3d_model\BE12148_RD_200ct_RENDER.glb
121H6,HT,heart,classic-six-prong-solitaire-ring-heart-center-stone,C:\brileent earth\121H6_Classic-Six-Prong-Solitaire-Ring-14K-White-Gold-BE121H6-76788909\3d_model\BE121H6_HT_200ct_RENDER.glb
121H6,MQ,marquise,classic-six-prong-solitaire-ring-marquise-center-stone,C:\brileent earth\121H6_Classic-Six-Prong-Solitaire-Ring-14K-White-Gold-BE121H6-76788909\3d_model\BE121H6_MQ_200ct_RENDER.glb
121H6,OV,oval,classic-six-prong-solitaire-ring-oval-center-stone,C:\brileent earth\121H6_Classic-Six-Prong-Solitaire-Ring-14K-White-Gold-BE121H6-76788909\3d_model\BE121H6_OV_200ct_RENDER.glb
121H6,PE,pear,classic-six-prong-solitaire-ring-pear-center-stone,C:\brileent earth\121H6_Classic-Six-Prong-Solitaire-Ring-14K-White-Gold-BE121H6-76788909\3d_model\BE121H6_PE_200ct_RENDER.glb
121H6,RD,round,classic-six-prong-solitaire-ring-round-center-stone,C:\brileent earth\121H6_Classic-Six-Prong-Solitaire-Ring-14K-White-Gold-BE121H6-76788909\3d_model\BE121H6_RD_200ct_RENDER.glb
12430,AS,asscher,petite-luna-1-5mm-bezel-ring-asscher-cut-center-stone,C:\brileent earth\12430_Petite-Luna-1_5mm-Bezel-Ring-14K-Gold-BE12430-76820256\3d_model\BE12430_AS_200ct_RENDER.glb
12430,CU,cushion,petite-luna-1-5mm-bezel-ring-cushion-cut-center-stone,C:\brileent earth\12430_Petite-Luna-1_5mm-Bezel-Ring-14K-Gold-BE12430-76820256\3d_model\BE12430_CU_200ct_RENDER.glb
12430,EM,emerald,petite-luna-1-5mm-bezel-ring-emerald-cut-center-stone,C:\brileent earth\12430_Petite-Luna-1_5mm-Bezel-Ring-14K-Gold-BE12430-76820256\3d_model\BE12430_EM_200ct_RENDER.glb
12430,OV,oval,petite-luna-1-5mm-bezel-ring-oval-center-stone,C:\brileent earth\12430_Petite-Luna-1_5mm-Bezel-Ring-14K-Gold-BE12430-76820256\3d_model\BE12430_OV_200ct_RENDER.glb
12430,PE,pear,petite-luna-1-5mm-bezel-ring-pear-center-stone,C:\brileent earth\12430_Petite-Luna-1_5mm-Bezel-Ring-14K-Gold-BE12430-76820256\3d_model\BE12430_PE_200ct_RENDER.glb
12430,PR,princess,petite-luna-1-5mm-bezel-ring-princess-cut-center-stone,C:\brileent earth\12430_Petite-Luna-1_5mm-Bezel-Ring-14K-Gold-BE12430-76820256\3d_model\BE12430_PR_200ct_RENDER.glb
12430,RA,radiant,petite-luna-1-5mm-bezel-ring-radiant-cut-center-stone,C:\brileent earth\12430_Petite-Luna-1_5mm-Bezel-Ring-14K-Gold-BE12430-76820256\3d_model\BE12430_RA_200ct_RENDER.glb
12430,RD,round,petite-luna-1-5mm-bezel-ring-round-center-stone,C:\brileent earth\12430_Petite-Luna-1_5mm-Bezel-Ring-14K-Gold-BE12430-76820256\3d_model\BE12430_RD_200ct_RENDER.glb
1258,AS,asscher,peyton-6mm-solitaire-ring-asscher-cut-center-stone,C:\brileent earth\1258_Peyton-6mm-Solitaire-Ring-14K-Gold-BE1258-76785985\3d_model\BE1258_AS_200ct_RENDER.glb
1258,CU,cushion,peyton-6mm-solitaire-ring-cushion-cut-center-stone,C:\brileent earth\1258_Peyton-6mm-Solitaire-Ring-14K-Gold-BE1258-76785985\3d_model\BE1258_CU_200ct_RENDER.glb
1258,EM,emerald,peyton-6mm-solitaire-ring-emerald-cut-center-stone,C:\brileent earth\1258_Peyton-6mm-Solitaire-Ring-14K-Gold-BE1258-76785985\3d_model\BE1258_EM_200ct_RENDER.glb
1258,HT,heart,peyton-6mm-solitaire-ring-heart-center-stone,C:\brileent earth\1258_Peyton-6mm-Solitaire-Ring-14K-Gold-BE1258-76785985\3d_model\BE1258_HT_200ct_RENDER.glb
1258,MQ,marquise,peyton-6mm-solitaire-ring-marquise-center-stone,C:\brileent earth\1258_Peyton-6mm-Solitaire-Ring-14K-Gold-BE1258-76785985\3d_model\BE1258_MQ_200ct_RENDER.glb
1258,OV,oval,peyton-6mm-solitaire-ring-oval-center-stone,C:\brileent earth\1258_Peyton-6mm-Solitaire-Ring-14K-Gold-BE1258-76785985\3d_model\BE1258_OV_200ct_RENDER.glb
1258,PE,pear,peyton-6mm-solitaire-ring-pear-center-stone,C:\brileent earth\1258_Peyton-6mm-Solitaire-Ring-14K-Gold-BE1258-76785985\3d_model\BE1258_PE_200ct_RENDER.glb
1258,PR,princess,peyton-6mm-solitaire-ring-princess-cut-center-stone,C:\brileent earth\1258_Peyton-6mm-Solitaire-Ring-14K-Gold-BE1258-76785985\3d_model\BE1258_PR_200ct_RENDER.glb
1258,RA,radiant,peyton-6mm-solitaire-ring-radiant-cut-center-stone,C:\brileent earth\1258_Peyton-6mm-Solitaire-Ring-14K-Gold-BE1258-76785985\3d_model\BE1258_RA_200ct_RENDER.glb
1258,RD,round,peyton-6mm-solitaire-ring-round-center-stone,C:\brileent earth\1258_Peyton-6mm-Solitaire-Ring-14K-Gold-BE1258-76785985\3d_model\BE1258_RD_200ct_RENDER.glb
1293,AS,asscher,thea-tapered-solitaire-diamond-ring-asscher-cut-center-stone,C:\brileent earth\1293_Thea-Tapered-Solitaire-Diamond-Ring-14K-White-Gold-BE1293-76785900\3d_model\BE1293_AS_200ct_RENDER.glb
1293,CU,cushion,thea-tapered-solitaire-diamond-ring-cushion-cut-center-stone,C:\brileent earth\1293_Thea-Tapered-Solitaire-Diamond-Ring-14K-White-Gold-BE1293-76785900\3d_model\BE1293_CU_200ct_RENDER.glb
1293,EM,emerald,thea-tapered-solitaire-diamond-ring-emerald-cut-center-stone,C:\brileent earth\1293_Thea-Tapered-Solitaire-Diamond-Ring-14K-White-Gold-BE1293-76785900\3d_model\BE1293_EM_200ct_RENDER.glb
1293,MQ,marquise,thea-tapered-solitaire-diamond-ring-marquise-center-stone,C:\brileent earth\1293_Thea-Tapered-Solitaire-Diamond-Ring-14K-White-Gold-BE1293-76785900\3d_model\BE1293_MQ_200ct_RENDER.glb
1293,OV,oval,thea-tapered-solitaire-diamond-ring-oval-center-stone,C:\brileent earth\1293_Thea-Tapered-Solitaire-Diamond-Ring-14K-White-Gold-BE1293-76785900\3d_model\BE1293_OV_200ct_RENDER.glb
1293,PE,pear,thea-tapered-solitaire-diamond-ring-pear-center-stone,C:\brileent earth\1293_Thea-Tapered-Solitaire-Diamond-Ring-14K-White-Gold-BE1293-76785900\3d_model\BE1293_PE_200ct_RENDER.glb
1293,PR,princess,thea-tapered-solitaire-diamond-ring-princess-cut-center-stone,C:\brileent earth\1293_Thea-Tapered-Solitaire-Diamond-Ring-14K-White-Gold-BE1293-76785900\3d_model\BE1293_PR_200ct_RENDER.glb
1293,RA,radiant,thea-tapered-solitaire-diamond-ring-radiant-cut-center-stone,C:\brileent earth\1293_Thea-Tapered-Solitaire-Diamond-Ring-14K-White-Gold-BE1293-76785900\3d_model\BE1293_RA_200ct_RENDER.glb
1293,RD,round,thea-tapered-solitaire-diamond-ring-round-center-stone,C:\brileent earth\1293_Thea-Tapered-Solitaire-Diamond-Ring-14K-White-Gold-BE1293-76785900\3d_model\BE1293_RD_200ct_RENDER.glb
132D35,MQ,marquise,hudson-engraved-three-stone-diamond-ring-1-3-ct-tw-marquise-center-stone,C:\brileent earth\132D35_Hudson-Engraved-Three-Stone-Diamond-Ring-_1_3-ct_-tw_-14K-Gold-BE132D35-76823814\3d_model\BE132D35_MQ_200ct_RENDER.glb
132D35,OV,oval,hudson-engraved-three-stone-diamond-ring-1-3-ct-tw-oval-center-stone,C:\brileent earth\132D35_Hudson-Engraved-Three-Stone-Diamond-Ring-_1_3-ct_-tw_-14K-Gold-BE132D35-76823814\3d_model\BE132D35_OV_200ct_RENDER.glb
132D35,PE,pear,hudson-engraved-three-stone-diamond-ring-1-3-ct-tw-pear-center-stone,C:\brileent earth\132D35_Hudson-Engraved-Three-Stone-Diamond-Ring-_1_3-ct_-tw_-14K-Gold-BE132D35-76823814\3d_model\BE132D35_PE_200ct_RENDER.glb
132D35,RD,round,hudson-engraved-three-stone-diamond-ring-1-3-ct-tw-round-center-stone,C:\brileent earth\132D35_Hudson-Engraved-Three-Stone-Diamond-Ring-_1_3-ct_-tw_-14K-Gold-BE132D35-76823814\3d_model\BE132D35_RD_200ct_RENDER.glb
132D,AS,asscher,hudson-engraved-diamond-ring-asscher-cut-center-stone,C:\brileent earth\132D_Hudson-Engraved-Diamond-Ring-14K-Gold-BE132D-76788493\3d_model\BE132D_AS_200ct_RENDER.glb
132D,CU,cushion,hudson-engraved-diamond-ring-cushion-cut-center-stone,C:\brileent earth\132D_Hudson-Engraved-Diamond-Ring-14K-Gold-BE132D-76788493\3d_model\BE132D_CU_200ct_RENDER.glb
132D,EM,emerald,hudson-engraved-diamond-ring-emerald-cut-center-stone,C:\brileent earth\132D_Hudson-Engraved-Diamond-Ring-14K-Gold-BE132D-76788493\3d_model\BE132D_EM_200ct_RENDER.glb
132D,MQ,marquise,hudson-engraved-diamond-ring-marquise-center-stone,C:\brileent earth\132D_Hudson-Engraved-Diamond-Ring-14K-Gold-BE132D-76788493\3d_model\BE132D_MQ_200ct_RENDER.glb
132D,OV,oval,hudson-engraved-diamond-ring-oval-center-stone,C:\brileent earth\132D_Hudson-Engraved-Diamond-Ring-14K-Gold-BE132D-76788493\3d_model\BE132D_OV_200ct_RENDER.glb
132D,PE,pear,hudson-engraved-diamond-ring-pear-center-stone,C:\brileent earth\132D_Hudson-Engraved-Diamond-Ring-14K-Gold-BE132D-76788493\3d_model\BE132D_PE_200ct_RENDER.glb
132D,PR,princess,hudson-engraved-diamond-ring-princess-cut-center-stone,C:\brileent earth\132D_Hudson-Engraved-Diamond-Ring-14K-Gold-BE132D-76788493\3d_model\BE132D_PR_200ct_RENDER.glb
132D,RA,radiant,hudson-engraved-diamond-ring-radiant-cut-center-stone,C:\brileent earth\132D_Hudson-Engraved-Diamond-Ring-14K-Gold-BE132D-76788493\3d_model\BE132D_RA_200ct_RENDER.glb
132D,RD,round,hudson-engraved-diamond-ring-round-center-stone,C:\brileent earth\132D_Hudson-Engraved-Diamond-Ring-14K-Gold-BE132D-76788493\3d_model\BE132D_RD_200ct_RENDER.glb
132,AS,asscher,hudson-engraved-ring-asscher-cut-center-stone,C:\brileent earth\132_Hudson-Engraved-Ring-14K-Gold-BE132-76820164\3d_model\BE132_AS_200ct_RENDER.glb
132,CU,cushion,hudson-engraved-ring-cushion-cut-center-stone,C:\brileent earth\132_Hudson-Engraved-Ring-14K-Gold-BE132-76820164\3d_model\BE132_CU_200ct_RENDER.glb
132,EM,emerald,hudson-engraved-ring-emerald-cut-center-stone,C:\brileent earth\132_Hudson-Engraved-Ring-14K-Gold-BE132-76820164\3d_model\BE132_EM_200ct_RENDER.glb
132,MQ,marquise,hudson-engraved-ring-marquise-center-stone,C:\brileent earth\132_Hudson-Engraved-Ring-14K-Gold-BE132-76820164\3d_model\BE132_MQ_200ct_RENDER.glb
132,OV,oval,hudson-engraved-ring-oval-center-stone,C:\brileent earth\132_Hudson-Engraved-Ring-14K-Gold-BE132-76820164\3d_model\BE132_OV_200ct_RENDER.glb
132,PE,pear,hudson-engraved-ring-pear-center-stone,C:\brileent earth\132_Hudson-Engraved-Ring-14K-Gold-BE132-76820164\3d_model\BE132_PE_200ct_RENDER.glb
132,PR,princess,hudson-engraved-ring-princess-cut-center-stone,C:\brileent earth\132_Hudson-Engraved-Ring-14K-Gold-BE132-76820164\3d_model\BE132_PR_200ct_RENDER.glb
132,RA,radiant,hudson-engraved-ring-radiant-cut-center-stone,C:\brileent earth\132_Hudson-Engraved-Ring-14K-Gold-BE132-76820164\3d_model\BE132_RA_200ct_RENDER.glb
132,RD,round,hudson-engraved-ring-round-center-stone,C:\brileent earth\132_Hudson-Engraved-Ring-14K-Gold-BE132-76820164\3d_model\BE132_RD_200ct_RENDER.glb
1342,AS,asscher,elsie-engraved-ring-asscher-cut-center-stone,C:\brileent earth\1342_Elsie-Engraved-Ring-14K-Gold-BE1342-76788356\3d_model\BE1342_AS_200ct_RENDER.glb
1342,CU,cushion,elsie-engraved-ring-cushion-cut-center-stone,C:\brileent earth\1342_Elsie-Engraved-Ring-14K-Gold-BE1342-76788356\3d_model\BE1342_CU_200ct_RENDER.glb
1342,EM,emerald,elsie-engraved-ring-emerald-cut-center-stone,C:\brileent earth\1342_Elsie-Engraved-Ring-14K-Gold-BE1342-76788356\3d_model\BE1342_EM_200ct_RENDER.glb
1342,MQ,marquise,elsie-engraved-ring-marquise-center-stone,C:\brileent earth\1342_Elsie-Engraved-Ring-14K-Gold-BE1342-76788356\3d_model\BE1342_MQ_200ct_RENDER.glb
1342,OV,oval,elsie-engraved-ring-oval-center-stone,C:\brileent earth\1342_Elsie-Engraved-Ring-14K-Gold-BE1342-76788356\3d_model\BE1342_OV_200ct_RENDER.glb
1342,PE,pear,elsie-engraved-ring-pear-center-stone,C:\brileent earth\1342_Elsie-Engraved-Ring-14K-Gold-BE1342-76788356\3d_model\BE1342_PE_200ct_RENDER.glb
1342,PR,princess,elsie-engraved-ring-princess-cut-center-stone,C:\brileent earth\1342_Elsie-Engraved-Ring-14K-Gold-BE1342-76788356\3d_model\BE1342_PR_200ct_RENDER.glb
1342,RA,radiant,elsie-engraved-ring-radiant-cut-center-stone,C:\brileent earth\1342_Elsie-Engraved-Ring-14K-Gold-BE1342-76788356\3d_model\BE1342_RA_200ct_RENDER.glb
1342,RD,round,elsie-engraved-ring-round-center-stone,C:\brileent earth\1342_Elsie-Engraved-Ring-14K-Gold-BE1342-76788356\3d_model\BE1342_RD_200ct_RENDER.glb
1343,AS,asscher,freesia-2mm-solitaire-ring-asscher-cut-center-stone,C:\brileent earth\1343_Freesia-2mm-Solitaire-Ring-14K-Gold-BE1343-76787087\3d_model\BE1343_AS_200ct_RENDER.glb
1343,CU,cushion,freesia-2mm-solitaire-ring-cushion-cut-center-stone,C:\brileent earth\1343_Freesia-2mm-Solitaire-Ring-14K-Gold-BE1343-76787087\3d_model\BE1343_CU_200ct_RENDER.glb
1343,EM,emerald,freesia-2mm-solitaire-ring-emerald-cut-center-stone,C:\brileent earth\1343_Freesia-2mm-Solitaire-Ring-14K-Gold-BE1343-76787087\3d_model\BE1343_EM_200ct_RENDER.glb
1343,MQ,marquise,freesia-2mm-solitaire-ring-marquise-center-stone,C:\brileent earth\1343_Freesia-2mm-Solitaire-Ring-14K-Gold-BE1343-76787087\3d_model\BE1343_MQ_200ct_RENDER.glb
1343,OV,oval,freesia-2mm-solitaire-ring-oval-center-stone,C:\brileent earth\1343_Freesia-2mm-Solitaire-Ring-14K-Gold-BE1343-76787087\3d_model\BE1343_OV_200ct_RENDER.glb
1343,PE,pear,freesia-2mm-solitaire-ring-pear-center-stone,C:\brileent earth\1343_Freesia-2mm-Solitaire-Ring-14K-Gold-BE1343-76787087\3d_model\BE1343_PE_200ct_RENDER.glb
1343,PR,princess,freesia-2mm-solitaire-ring-princess-cut-center-stone,C:\brileent earth\1343_Freesia-2mm-Solitaire-Ring-14K-Gold-BE1343-76787087\3d_model\BE1343_PR_200ct_RENDER.glb
1343,RA,radiant,freesia-2mm-solitaire-ring-radiant-cut-center-stone,C:\brileent earth\1343_Freesia-2mm-Solitaire-Ring-14K-Gold-BE1343-76787087\3d_model\BE1343_RA_200ct_RENDER.glb
1343,RD,round,freesia-2mm-solitaire-ring-round-center-stone,C:\brileent earth\1343_Freesia-2mm-Solitaire-Ring-14K-Gold-BE1343-76787087\3d_model\BE1343_RD_200ct_RENDER.glb
13477,AS,asscher,peyton-bezel-diamond-solitaire-ring-asscher-cut-center-stone,C:\brileent earth\13477_Peyton-Bezel-Diamond-Solitaire-Ring-Gold-BE13477-78682712\3d_model\BE13477_AS_200ct_RENDER.glb
13477,CU,cushion,peyton-bezel-diamond-solitaire-ring-cushion-cut-center-stone,C:\brileent earth\13477_Peyton-Bezel-Diamond-Solitaire-Ring-Gold-BE13477-78682712\3d_model\BE13477_CU_200ct_RENDER.glb
13477,EM,emerald,peyton-bezel-diamond-solitaire-ring-emerald-cut-center-stone,C:\brileent earth\13477_Peyton-Bezel-Diamond-Solitaire-Ring-Gold-BE13477-78682712\3d_model\BE13477_EM_200ct_RENDER.glb
13477,HT,heart,peyton-bezel-diamond-solitaire-ring-heart-center-stone,C:\brileent earth\13477_Peyton-Bezel-Diamond-Solitaire-Ring-Gold-BE13477-78682712\3d_model\BE13477_HT_200ct_RENDER.glb
13477,MQ,marquise,peyton-bezel-diamond-solitaire-ring-marquise-center-stone,C:\brileent earth\13477_Peyton-Bezel-Diamond-Solitaire-Ring-Gold-BE13477-78682712\3d_model\BE13477_MQ_200ct_RENDER.glb
13477,OV,oval,peyton-bezel-diamond-solitaire-ring-oval-center-stone,C:\brileent earth\13477_Peyton-Bezel-Diamond-Solitaire-Ring-Gold-BE13477-78682712\3d_model\BE13477_OV_200ct_RENDER.glb
13477,PE,pear,peyton-bezel-diamond-solitaire-ring-pear-center-stone,C:\brileent earth\13477_Peyton-Bezel-Diamond-Solitaire-Ring-Gold-BE13477-78682712\3d_model\BE13477_PE_200ct_RENDER.glb
13477,PR,princess,peyton-bezel-diamond-solitaire-ring-princess-cut-center-stone,C:\brileent earth\13477_Peyton-Bezel-Diamond-Solitaire-Ring-Gold-BE13477-78682712\3d_model\BE13477_PR_200ct_RENDER.glb
13477,RA,radiant,peyton-bezel-diamond-solitaire-ring-radiant-cut-center-stone,C:\brileent earth\13477_Peyton-Bezel-Diamond-Solitaire-Ring-Gold-BE13477-78682712\3d_model\BE13477_RA_200ct_RENDER.glb
13477,RD,round,peyton-bezel-diamond-solitaire-ring-round-center-stone,C:\brileent earth\13477_Peyton-Bezel-Diamond-Solitaire-Ring-Gold-BE13477-78682712\3d_model\BE13477_RD_200ct_RENDER.glb
1353,AS,asscher,freesia-2-7mm-solitaire-ring-asscher-cut-center-stone,C:\brileent earth\1353_Freesia-2_7mm-Solitaire-Ring-14K-Gold-BE1353-76788479\3d_model\BE1353_AS_200ct_RENDER.glb
1353,CU,cushion,freesia-2-7mm-solitaire-ring-cushion-cut-center-stone,C:\brileent earth\1353_Freesia-2_7mm-Solitaire-Ring-14K-Gold-BE1353-76788479\3d_model\BE1353_CU_200ct_RENDER.glb
1353,EM,emerald,freesia-2-7mm-solitaire-ring-emerald-cut-center-stone,C:\brileent earth\1353_Freesia-2_7mm-Solitaire-Ring-14K-Gold-BE1353-76788479\3d_model\BE1353_EM_200ct_RENDER.glb
1353,MQ,marquise,freesia-2-7mm-solitaire-ring-marquise-center-stone,C:\brileent earth\1353_Freesia-2_7mm-Solitaire-Ring-14K-Gold-BE1353-76788479\3d_model\BE1353_MQ_200ct_RENDER.glb
1353,OV,oval,freesia-2-7mm-solitaire-ring-oval-center-stone,C:\brileent earth\1353_Freesia-2_7mm-Solitaire-Ring-14K-Gold-BE1353-76788479\3d_model\BE1353_OV_200ct_RENDER.glb
1353,PE,pear,freesia-2-7mm-solitaire-ring-pear-center-stone,C:\brileent earth\1353_Freesia-2_7mm-Solitaire-Ring-14K-Gold-BE1353-76788479\3d_model\BE1353_PE_200ct_RENDER.glb
1353,PR,princess,freesia-2-7mm-solitaire-ring-princess-cut-center-stone,C:\brileent earth\1353_Freesia-2_7mm-Solitaire-Ring-14K-Gold-BE1353-76788479\3d_model\BE1353_PR_200ct_RENDER.glb
1353,RA,radiant,freesia-2-7mm-solitaire-ring-radiant-cut-center-stone,C:\brileent earth\1353_Freesia-2_7mm-Solitaire-Ring-14K-Gold-BE1353-76788479\3d_model\BE1353_RA_200ct_RENDER.glb
1353,RD,round,freesia-2-7mm-solitaire-ring-round-center-stone,C:\brileent earth\1353_Freesia-2_7mm-Solitaire-Ring-14K-Gold-BE1353-76788479\3d_model\BE1353_RD_200ct_RENDER.glb
1389,AS,asscher,aveline-solitaire-ring-asscher-cut-center-stone,C:\brileent earth\1389_Aveline-Solitaire-Ring-14K-Gold-BE1389-76788394\3d_model\BE1389_AS_200ct_RENDER.glb
1389,CU,cushion,aveline-solitaire-ring-cushion-cut-center-stone,C:\brileent earth\1389_Aveline-Solitaire-Ring-14K-Gold-BE1389-76788394\3d_model\BE1389_CU_200ct_RENDER.glb
1389,EM,emerald,aveline-solitaire-ring-emerald-cut-center-stone,C:\brileent earth\1389_Aveline-Solitaire-Ring-14K-Gold-BE1389-76788394\3d_model\BE1389_EM_200ct_RENDER.glb
1389,OV,oval,aveline-solitaire-ring-oval-center-stone,C:\brileent earth\1389_Aveline-Solitaire-Ring-14K-Gold-BE1389-76788394\3d_model\BE1389_OV_200ct_RENDER.glb
1389,PR,princess,aveline-solitaire-ring-princess-cut-center-stone,C:\brileent earth\1389_Aveline-Solitaire-Ring-14K-Gold-BE1389-76788394\3d_model\BE1389_PR_200ct_RENDER.glb
1389,RA,radiant,aveline-solitaire-ring-radiant-cut-center-stone,C:\brileent earth\1389_Aveline-Solitaire-Ring-14K-Gold-BE1389-76788394\3d_model\BE1389_RA_200ct_RENDER.glb
1389,RD,round,aveline-solitaire-ring-round-center-stone,C:\brileent earth\1389_Aveline-Solitaire-Ring-14K-Gold-BE1389-76788394\3d_model\BE1389_RD_200ct_RENDER.glb
14112,AS,asscher,aimee-solitaire-ring-asscher-cut-center-stone,C:\brileent earth\14112_Aimee-Solitaire-Ring-14K-White-Gold-BE14112-76788317\3d_model\BE14112_AS_200ct_RENDER.glb
14112,CU,cushion,aimee-solitaire-ring-cushion-cut-center-stone,C:\brileent earth\14112_Aimee-Solitaire-Ring-14K-White-Gold-BE14112-76788317\3d_model\BE14112_CU_200ct_RENDER.glb
14112,EM,emerald,aimee-solitaire-ring-emerald-cut-center-stone,C:\brileent earth\14112_Aimee-Solitaire-Ring-14K-White-Gold-BE14112-76788317\3d_model\BE14112_EM_200ct_RENDER.glb
14112,MQ,marquise,aimee-solitaire-ring-marquise-center-stone,C:\brileent earth\14112_Aimee-Solitaire-Ring-14K-White-Gold-BE14112-76788317\3d_model\BE14112_MQ_200ct_RENDER.glb
14112,OV,oval,aimee-solitaire-ring-oval-center-stone,C:\brileent earth\14112_Aimee-Solitaire-Ring-14K-White-Gold-BE14112-76788317\3d_model\BE14112_OV_200ct_RENDER.glb
14112,PE,pear,aimee-solitaire-ring-pear-center-stone,C:\brileent earth\14112_Aimee-Solitaire-Ring-14K-White-Gold-BE14112-76788317\3d_model\BE14112_PE_200ct_RENDER.glb
14112,PR,princess,aimee-solitaire-ring-princess-cut-center-stone,C:\brileent earth\14112_Aimee-Solitaire-Ring-14K-White-Gold-BE14112-76788317\3d_model\BE14112_PR_200ct_RENDER.glb
14112,RA,radiant,aimee-solitaire-ring-radiant-cut-center-stone,C:\brileent earth\14112_Aimee-Solitaire-Ring-14K-White-Gold-BE14112-76788317\3d_model\BE14112_RA_200ct_RENDER.glb
14112,RD,round,aimee-solitaire-ring-round-center-stone,C:\brileent earth\14112_Aimee-Solitaire-Ring-14K-White-Gold-BE14112-76788317\3d_model\BE14112_RD_200ct_RENDER.glb
14122,AS,asscher,aimee-open-double-band-solitaire-ring-asscher-cut-center-stone,C:\brileent earth\14122_Aimee-Open-Double-Band-Solitaire-Ring-14K-White-Gold-BE14122-76788846\3d_model\BE14122_AS_200ct_RENDER.glb
14122,CU,cushion,aimee-open-double-band-solitaire-ring-cushion-cut-center-stone,C:\brileent earth\14122_Aimee-Open-Double-Band-Solitaire-Ring-14K-White-Gold-BE14122-76788846\3d_model\BE14122_CU_200ct_RENDER.glb
14122,EM,emerald,aimee-open-double-band-solitaire-ring-emerald-cut-center-stone,C:\brileent earth\14122_Aimee-Open-Double-Band-Solitaire-Ring-14K-White-Gold-BE14122-76788846\3d_model\BE14122_EM_200ct_RENDER.glb
14122,HT,heart,aimee-open-double-band-solitaire-ring-heart-center-stone,C:\brileent earth\14122_Aimee-Open-Double-Band-Solitaire-Ring-14K-White-Gold-BE14122-76788846\3d_model\BE14122_HT_200ct_RENDER.glb
14122,MQ,marquise,aimee-open-double-band-solitaire-ring-marquise-center-stone,C:\brileent earth\14122_Aimee-Open-Double-Band-Solitaire-Ring-14K-White-Gold-BE14122-76788846\3d_model\BE14122_MQ_200ct_RENDER.glb
14122,OV,oval,aimee-open-double-band-solitaire-ring-oval-center-stone,C:\brileent earth\14122_Aimee-Open-Double-Band-Solitaire-Ring-14K-White-Gold-BE14122-76788846\3d_model\BE14122_OV_200ct_RENDER.glb
14122,PE,pear,aimee-open-double-band-solitaire-ring-pear-center-stone,C:\brileent earth\14122_Aimee-Open-Double-Band-Solitaire-Ring-14K-White-Gold-BE14122-76788846\3d_model\BE14122_PE_200ct_RENDER.glb
14122,PR,princess,aimee-open-double-band-solitaire-ring-princess-cut-center-stone,C:\brileent earth\14122_Aimee-Open-Double-Band-Solitaire-Ring-14K-White-Gold-BE14122-76788846\3d_model\BE14122_PR_200ct_RENDER.glb
14122,RA,radiant,aimee-open-double-band-solitaire-ring-radiant-cut-center-stone,C:\brileent earth\14122_Aimee-Open-Double-Band-Solitaire-Ring-14K-White-Gold-BE14122-76788846\3d_model\BE14122_RA_200ct_RENDER.glb
14122,RD,round,aimee-open-double-band-solitaire-ring-round-center-stone,C:\brileent earth\14122_Aimee-Open-Double-Band-Solitaire-Ring-14K-White-Gold-BE14122-76788846\3d_model\BE14122_RD_200ct_RENDER.glb
1435,AS,asscher,elodie-2-5mm-solitaire-ring-asscher-cut-center-stone,C:\brileent earth\1435_Elodie-2_5mm-Solitaire-Ring-14K-Gold-BE1435-76784890\3d_model\BE1435_AS_200ct_RENDER.glb
1435,CU,cushion,elodie-2-5mm-solitaire-ring-cushion-cut-center-stone,C:\brileent earth\1435_Elodie-2_5mm-Solitaire-Ring-14K-Gold-BE1435-76784890\3d_model\BE1435_CU_200ct_RENDER.glb
1435,EM,emerald,elodie-2-5mm-solitaire-ring-emerald-cut-center-stone,C:\brileent earth\1435_Elodie-2_5mm-Solitaire-Ring-14K-Gold-BE1435-76784890\3d_model\BE1435_EM_200ct_RENDER.glb
1435,OV,oval,elodie-2-5mm-solitaire-ring-oval-center-stone,C:\brileent earth\1435_Elodie-2_5mm-Solitaire-Ring-14K-Gold-BE1435-76784890\3d_model\BE1435_OV_200ct_RENDER.glb
1435,PR,princess,elodie-2-5mm-solitaire-ring-princess-cut-center-stone,C:\brileent earth\1435_Elodie-2_5mm-Solitaire-Ring-14K-Gold-BE1435-76784890\3d_model\BE1435_PR_200ct_RENDER.glb
1435,RA,radiant,elodie-2-5mm-solitaire-ring-radiant-cut-center-stone,C:\brileent earth\1435_Elodie-2_5mm-Solitaire-Ring-14K-Gold-BE1435-76784890\3d_model\BE1435_RA_200ct_RENDER.glb
1435,RD,round,elodie-2-5mm-solitaire-ring-round-center-stone,C:\brileent earth\1435_Elodie-2_5mm-Solitaire-Ring-14K-Gold-BE1435-76784890\3d_model\BE1435_RD_200ct_RENDER.glb
1443,AS,asscher,manon-solitaire-ring-asscher-cut-center-stone,C:\brileent earth\1443_Manon-Solitaire-Ring-14K-White-Gold-BE1443-76788637\3d_model\BE1443_AS_200ct_RENDER.glb
1443,CU,cushion,manon-solitaire-ring-cushion-cut-center-stone,C:\brileent earth\1443_Manon-Solitaire-Ring-14K-White-Gold-BE1443-76788637\3d_model\BE1443_CU_200ct_RENDER.glb
1443,EM,emerald,manon-solitaire-ring-emerald-cut-center-stone,C:\brileent earth\1443_Manon-Solitaire-Ring-14K-White-Gold-BE1443-76788637\3d_model\BE1443_EM_200ct_RENDER.glb
1443,MQ,marquise,manon-solitaire-ring-marquise-center-stone,C:\brileent earth\1443_Manon-Solitaire-Ring-14K-White-Gold-BE1443-76788637\3d_model\BE1443_MQ_200ct_RENDER.glb
1443,OV,oval,manon-solitaire-ring-oval-center-stone,C:\brileent earth\1443_Manon-Solitaire-Ring-14K-White-Gold-BE1443-76788637\3d_model\BE1443_OV_200ct_RENDER.glb
1443,PE,pear,manon-solitaire-ring-pear-center-stone,C:\brileent earth\1443_Manon-Solitaire-Ring-14K-White-Gold-BE1443-76788637\3d_model\BE1443_PE_200ct_RENDER.glb
1443,PR,princess,manon-solitaire-ring-princess-cut-center-stone,C:\brileent earth\1443_Manon-Solitaire-Ring-14K-White-Gold-BE1443-76788637\3d_model\BE1443_PR_200ct_RENDER.glb
1443,RA,radiant,manon-solitaire-ring-radiant-cut-center-stone,C:\brileent earth\1443_Manon-Solitaire-Ring-14K-White-Gold-BE1443-76788637\3d_model\BE1443_RA_200ct_RENDER.glb
1443,RD,round,manon-solitaire-ring-round-center-stone,C:\brileent earth\1443_Manon-Solitaire-Ring-14K-White-Gold-BE1443-76788637\3d_model\BE1443_RD_200ct_RENDER.glb
14873,AS,asscher,platinum-mixed-metal-perfect-fit-solitaire-ring-asscher-cut-center-stone,C:\brileent earth\14873_Platinum-Mixed-Metal-Perfect-Fit-Solitaire-Ring-Gold-BE14873-31762821\3d_model\BE14873_AS_200ct_RENDER.glb
14873,CU,cushion,platinum-mixed-metal-perfect-fit-solitaire-ring-cushion-cut-center-stone,C:\brileent earth\14873_Platinum-Mixed-Metal-Perfect-Fit-Solitaire-Ring-Gold-BE14873-31762821\3d_model\BE14873_CU_200ct_RENDER.glb
14873,EM,emerald,platinum-mixed-metal-perfect-fit-solitaire-ring-emerald-cut-center-stone,C:\brileent earth\14873_Platinum-Mixed-Metal-Perfect-Fit-Solitaire-Ring-Gold-BE14873-31762821\3d_model\BE14873_EM_200ct_RENDER.glb
14873,HT,heart,platinum-mixed-metal-perfect-fit-solitaire-ring-heart-center-stone,C:\brileent earth\14873_Platinum-Mixed-Metal-Perfect-Fit-Solitaire-Ring-Gold-BE14873-31762821\3d_model\BE14873_HT_200ct_RENDER.glb
14873,MQ,marquise,platinum-mixed-metal-perfect-fit-solitaire-ring-marquise-center-stone,C:\brileent earth\14873_Platinum-Mixed-Metal-Perfect-Fit-Solitaire-Ring-Gold-BE14873-31762821\3d_model\BE14873_MQ_200ct_RENDER.glb
14873,OV,oval,platinum-mixed-metal-perfect-fit-solitaire-ring-oval-center-stone,C:\brileent earth\14873_Platinum-Mixed-Metal-Perfect-Fit-Solitaire-Ring-Gold-BE14873-31762821\3d_model\BE14873_OV_200ct_RENDER.glb
14873,PE,pear,platinum-mixed-metal-perfect-fit-solitaire-ring-pear-center-stone,C:\brileent earth\14873_Platinum-Mixed-Metal-Perfect-Fit-Solitaire-Ring-Gold-BE14873-31762821\3d_model\BE14873_PE_200ct_RENDER.glb
14873,PR,princess,platinum-mixed-metal-perfect-fit-solitaire-ring-princess-cut-center-stone,C:\brileent earth\14873_Platinum-Mixed-Metal-Perfect-Fit-Solitaire-Ring-Gold-BE14873-31762821\3d_model\BE14873_PR_200ct_RENDER.glb
14873,RA,radiant,platinum-mixed-metal-perfect-fit-solitaire-ring-radiant-cut-center-stone,C:\brileent earth\14873_Platinum-Mixed-Metal-Perfect-Fit-Solitaire-Ring-Gold-BE14873-31762821\3d_model\BE14873_RA_200ct_RENDER.glb
14873,RD,round,platinum-mixed-metal-perfect-fit-solitaire-ring-round-center-stone,C:\brileent earth\14873_Platinum-Mixed-Metal-Perfect-Fit-Solitaire-Ring-Gold-BE14873-31762821\3d_model\BE14873_RD_200ct_RENDER.glb
1512,AS,asscher,tapered-elsie-engraved-solitaire-ring-asscher-cut-center-stone,C:\brileent earth\1512_Tapered-Elsie-Engraved-Solitaire-Ring-14K-Gold-BE1512-76783834\3d_model\BE1512_AS_200ct_RENDER.glb
1512,CU,cushion,tapered-elsie-engraved-solitaire-ring-cushion-cut-center-stone,C:\brileent earth\1512_Tapered-Elsie-Engraved-Solitaire-Ring-14K-Gold-BE1512-76783834\3d_model\BE1512_CU_200ct_RENDER.glb
1512,EM,emerald,tapered-elsie-engraved-solitaire-ring-emerald-cut-center-stone,C:\brileent earth\1512_Tapered-Elsie-Engraved-Solitaire-Ring-14K-Gold-BE1512-76783834\3d_model\BE1512_EM_200ct_RENDER.glb
1512,HT,heart,tapered-elsie-engraved-solitaire-ring-heart-center-stone,C:\brileent earth\1512_Tapered-Elsie-Engraved-Solitaire-Ring-14K-Gold-BE1512-76783834\3d_model\BE1512_HT_200ct_RENDER.glb
1512,MQ,marquise,tapered-elsie-engraved-solitaire-ring-marquise-center-stone,C:\brileent earth\1512_Tapered-Elsie-Engraved-Solitaire-Ring-14K-Gold-BE1512-76783834\3d_model\BE1512_MQ_200ct_RENDER.glb
1512,OV,oval,tapered-elsie-engraved-solitaire-ring-oval-center-stone,C:\brileent earth\1512_Tapered-Elsie-Engraved-Solitaire-Ring-14K-Gold-BE1512-76783834\3d_model\BE1512_OV_200ct_RENDER.glb
1512,PE,pear,tapered-elsie-engraved-solitaire-ring-pear-center-stone,C:\brileent earth\1512_Tapered-Elsie-Engraved-Solitaire-Ring-14K-Gold-BE1512-76783834\3d_model\BE1512_PE_200ct_RENDER.glb
1512,PR,princess,tapered-elsie-engraved-solitaire-ring-princess-cut-center-stone,C:\brileent earth\1512_Tapered-Elsie-Engraved-Solitaire-Ring-14K-Gold-BE1512-76783834\3d_model\BE1512_PR_200ct_RENDER.glb
1512,RA,radiant,tapered-elsie-engraved-solitaire-ring-radiant-cut-center-stone,C:\brileent earth\1512_Tapered-Elsie-Engraved-Solitaire-Ring-14K-Gold-BE1512-76783834\3d_model\BE1512_RA_200ct_RENDER.glb
1512,RD,round,tapered-elsie-engraved-solitaire-ring-round-center-stone,C:\brileent earth\1512_Tapered-Elsie-Engraved-Solitaire-Ring-14K-Gold-BE1512-76783834\3d_model\BE1512_RD_200ct_RENDER.glb
1524,AS,asscher,piper-knife-edge-solitaire-ring-asscher-cut-center-stone,C:\brileent earth\1524_Piper-Knife-Edge-Solitaire-Ring-14K-White-Gold-BE1524-76785969\3d_model\BE1524_AS_200ct_RENDER.glb
1524,CU,cushion,piper-knife-edge-solitaire-ring-cushion-cut-center-stone,C:\brileent earth\1524_Piper-Knife-Edge-Solitaire-Ring-14K-White-Gold-BE1524-76785969\3d_model\BE1524_CU_200ct_RENDER.glb
1524,EM,emerald,piper-knife-edge-solitaire-ring-emerald-cut-center-stone,C:\brileent earth\1524_Piper-Knife-Edge-Solitaire-Ring-14K-White-Gold-BE1524-76785969\3d_model\BE1524_EM_200ct_RENDER.glb
1524,MQ,marquise,piper-knife-edge-solitaire-ring-marquise-center-stone,C:\brileent earth\1524_Piper-Knife-Edge-Solitaire-Ring-14K-White-Gold-BE1524-76785969\3d_model\BE1524_MQ_200ct_RENDER.glb
1524,OV,oval,piper-knife-edge-solitaire-ring-oval-center-stone,C:\brileent earth\1524_Piper-Knife-Edge-Solitaire-Ring-14K-White-Gold-BE1524-76785969\3d_model\BE1524_OV_200ct_RENDER.glb
1524,PE,pear,piper-knife-edge-solitaire-ring-pear-center-stone,C:\brileent earth\1524_Piper-Knife-Edge-Solitaire-Ring-14K-White-Gold-BE1524-76785969\3d_model\BE1524_PE_200ct_RENDER.glb
1524,PR,princess,piper-knife-edge-solitaire-ring-princess-cut-center-stone,C:\brileent earth\1524_Piper-Knife-Edge-Solitaire-Ring-14K-White-Gold-BE1524-76785969\3d_model\BE1524_PR_200ct_RENDER.glb
1524,RA,radiant,piper-knife-edge-solitaire-ring-radiant-cut-center-stone,C:\brileent earth\1524_Piper-Knife-Edge-Solitaire-Ring-14K-White-Gold-BE1524-76785969\3d_model\BE1524_RA_200ct_RENDER.glb
1524,RD,round,piper-knife-edge-solitaire-ring-round-center-stone,C:\brileent earth\1524_Piper-Knife-Edge-Solitaire-Ring-14K-White-Gold-BE1524-76785969\3d_model\BE1524_RD_200ct_RENDER.glb
1542,AS,asscher,dara-low-profile-solitaire-ring-asscher-cut-center-stone,C:\brileent earth\1542_Dara-Low-Profile-Solitaire-Ring-14K-Gold-BE1542-76785928\3d_model\BE1542_AS_200ct_RENDER.glb
1542,CU,cushion,dara-low-profile-solitaire-ring-cushion-cut-center-stone,C:\brileent earth\1542_Dara-Low-Profile-Solitaire-Ring-14K-Gold-BE1542-76785928\3d_model\BE1542_CU_200ct_RENDER.glb
1542,EM,emerald,dara-low-profile-solitaire-ring-emerald-cut-center-stone,C:\brileent earth\1542_Dara-Low-Profile-Solitaire-Ring-14K-Gold-BE1542-76785928\3d_model\BE1542_EM_200ct_RENDER.glb
1542,MQ,marquise,dara-low-profile-solitaire-ring-marquise-center-stone,C:\brileent earth\1542_Dara-Low-Profile-Solitaire-Ring-14K-Gold-BE1542-76785928\3d_model\BE1542_MQ_200ct_RENDER.glb
1542,OV,oval,dara-low-profile-solitaire-ring-oval-center-stone,C:\brileent earth\1542_Dara-Low-Profile-Solitaire-Ring-14K-Gold-BE1542-76785928\3d_model\BE1542_OV_200ct_RENDER.glb
1542,PE,pear,dara-low-profile-solitaire-ring-pear-center-stone,C:\brileent earth\1542_Dara-Low-Profile-Solitaire-Ring-14K-Gold-BE1542-76785928\3d_model\BE1542_PE_200ct_RENDER.glb
1542,PR,princess,dara-low-profile-solitaire-ring-princess-cut-center-stone,C:\brileent earth\1542_Dara-Low-Profile-Solitaire-Ring-14K-Gold-BE1542-76785928\3d_model\BE1542_PR_200ct_RENDER.glb
1542,RA,radiant,dara-low-profile-solitaire-ring-radiant-cut-center-stone,C:\brileent earth\1542_Dara-Low-Profile-Solitaire-Ring-14K-Gold-BE1542-76785928\3d_model\BE1542_RA_200ct_RENDER.glb
1542,RD,round,dara-low-profile-solitaire-ring-round-center-stone,C:\brileent earth\1542_Dara-Low-Profile-Solitaire-Ring-14K-Gold-BE1542-76785928\3d_model\BE1542_RD_200ct_RENDER.glb
1543,AS,asscher,freesia-bezel-solitaire-ring-asscher-cut-center-stone,C:\brileent earth\1543_Freesia-Bezel-Solitaire-Ring-14K-Gold-BE1543-76788468\3d_model\BE1543_AS_200ct_RENDER.glb
1543,CU,cushion,freesia-bezel-solitaire-ring-cushion-cut-center-stone,C:\brileent earth\1543_Freesia-Bezel-Solitaire-Ring-14K-Gold-BE1543-76788468\3d_model\BE1543_CU_200ct_RENDER.glb
1543,EM,emerald,freesia-bezel-solitaire-ring-emerald-cut-center-stone,C:\brileent earth\1543_Freesia-Bezel-Solitaire-Ring-14K-Gold-BE1543-76788468\3d_model\BE1543_EM_200ct_RENDER.glb
1543,MQ,marquise,freesia-bezel-solitaire-ring-marquise-center-stone,C:\brileent earth\1543_Freesia-Bezel-Solitaire-Ring-14K-Gold-BE1543-76788468\3d_model\BE1543_MQ_200ct_RENDER.glb
1543,OV,oval,freesia-bezel-solitaire-ring-oval-center-stone,C:\brileent earth\1543_Freesia-Bezel-Solitaire-Ring-14K-Gold-BE1543-76788468\3d_model\BE1543_OV_200ct_RENDER.glb
1543,PE,pear,freesia-bezel-solitaire-ring-pear-center-stone,C:\brileent earth\1543_Freesia-Bezel-Solitaire-Ring-14K-Gold-BE1543-76788468\3d_model\BE1543_PE_200ct_RENDER.glb
1543,PR,princess,freesia-bezel-solitaire-ring-princess-cut-center-stone,C:\brileent earth\1543_Freesia-Bezel-Solitaire-Ring-14K-Gold-BE1543-76788468\3d_model\BE1543_PR_200ct_RENDER.glb
1543,RA,radiant,freesia-bezel-solitaire-ring-radiant-cut-center-stone,C:\brileent earth\1543_Freesia-Bezel-Solitaire-Ring-14K-Gold-BE1543-76788468\3d_model\BE1543_RA_200ct_RENDER.glb
1543,RD,round,freesia-bezel-solitaire-ring-round-center-stone,C:\brileent earth\1543_Freesia-Bezel-Solitaire-Ring-14K-Gold-BE1543-76788468\3d_model\BE1543_RD_200ct_RENDER.glb
15698,AS,asscher,audrey-perfect-fit-3mm-solitaire-ring-asscher-cut-center-stone,C:\brileent earth\15698_Audrey-Perfect-Fit-3mm-Solitaire-Ring-14K-Gold-BE15698-76787297\3d_model\BE15698_AS_200ct_RENDER.glb
15698,CU,cushion,audrey-perfect-fit-3mm-solitaire-ring-cushion-cut-center-stone,C:\brileent earth\15698_Audrey-Perfect-Fit-3mm-Solitaire-Ring-14K-Gold-BE15698-76787297\3d_model\BE15698_CU_200ct_RENDER.glb
15698,EM,emerald,audrey-perfect-fit-3mm-solitaire-ring-emerald-cut-center-stone,C:\brileent earth\15698_Audrey-Perfect-Fit-3mm-Solitaire-Ring-14K-Gold-BE15698-76787297\3d_model\BE15698_EM_200ct_RENDER.glb
15698,MQ,marquise,audrey-perfect-fit-3mm-solitaire-ring-marquise-center-stone,C:\brileent earth\15698_Audrey-Perfect-Fit-3mm-Solitaire-Ring-14K-Gold-BE15698-76787297\3d_model\BE15698_MQ_200ct_RENDER.glb
15698,OV,oval,audrey-perfect-fit-3mm-solitaire-ring-oval-center-stone,C:\brileent earth\15698_Audrey-Perfect-Fit-3mm-Solitaire-Ring-14K-Gold-BE15698-76787297\3d_model\BE15698_OV_200ct_RENDER.glb
15698,PE,pear,audrey-perfect-fit-3mm-solitaire-ring-pear-center-stone,C:\brileent earth\15698_Audrey-Perfect-Fit-3mm-Solitaire-Ring-14K-Gold-BE15698-76787297\3d_model\BE15698_PE_200ct_RENDER.glb
15698,PR,princess,audrey-perfect-fit-3mm-solitaire-ring-princess-cut-center-stone,C:\brileent earth\15698_Audrey-Perfect-Fit-3mm-Solitaire-Ring-14K-Gold-BE15698-76787297\3d_model\BE15698_PR_200ct_RENDER.glb
15698,RA,radiant,audrey-perfect-fit-3mm-solitaire-ring-radiant-cut-center-stone,C:\brileent earth\15698_Audrey-Perfect-Fit-3mm-Solitaire-Ring-14K-Gold-BE15698-76787297\3d_model\BE15698_RA_200ct_RENDER.glb
15698,RD,round,audrey-perfect-fit-3mm-solitaire-ring-round-center-stone,C:\brileent earth\15698_Audrey-Perfect-Fit-3mm-Solitaire-Ring-14K-Gold-BE15698-76787297\3d_model\BE15698_RD_200ct_RENDER.glb
1574,AS,asscher,fleur-solitaire-ring-asscher-cut-center-stone,C:\brileent earth\1574_Fleur-Solitaire-Ring-14K-Gold-BE1574-76785943\3d_model\BE1574_AS_200ct_RENDER.glb
1574,CU,cushion,fleur-solitaire-ring-cushion-cut-center-stone,C:\brileent earth\1574_Fleur-Solitaire-Ring-14K-Gold-BE1574-76785943\3d_model\BE1574_CU_200ct_RENDER.glb
1574,EM,emerald,fleur-solitaire-ring-emerald-cut-center-stone,C:\brileent earth\1574_Fleur-Solitaire-Ring-14K-Gold-BE1574-76785943\3d_model\BE1574_EM_200ct_RENDER.glb
1574,MQ,marquise,fleur-solitaire-ring-marquise-center-stone,C:\brileent earth\1574_Fleur-Solitaire-Ring-14K-Gold-BE1574-76785943\3d_model\BE1574_MQ_200ct_RENDER.glb
1574,OV,oval,fleur-solitaire-ring-oval-center-stone,C:\brileent earth\1574_Fleur-Solitaire-Ring-14K-Gold-BE1574-76785943\3d_model\BE1574_OV_200ct_RENDER.glb
1574,PE,pear,fleur-solitaire-ring-pear-center-stone,C:\brileent earth\1574_Fleur-Solitaire-Ring-14K-Gold-BE1574-76785943\3d_model\BE1574_PE_200ct_RENDER.glb
1574,PR,princess,fleur-solitaire-ring-princess-cut-center-stone,C:\brileent earth\1574_Fleur-Solitaire-Ring-14K-Gold-BE1574-76785943\3d_model\BE1574_PR_200ct_RENDER.glb
1574,RA,radiant,fleur-solitaire-ring-radiant-cut-center-stone,C:\brileent earth\1574_Fleur-Solitaire-Ring-14K-Gold-BE1574-76785943\3d_model\BE1574_RA_200ct_RENDER.glb
1574,RD,round,fleur-solitaire-ring-round-center-stone,C:\brileent earth\1574_Fleur-Solitaire-Ring-14K-Gold-BE1574-76785943\3d_model\BE1574_RD_200ct_RENDER.glb
16459,AS,asscher,sydney-perfect-fit-2mm-solitaire-ring-asscher-cut-center-stone,C:\brileent earth\16459_Sydney-Perfect-Fit-2mm-Solitaire-Ring-14K-Gold-BE16459-76788334\3d_model\BE16459_AS_200ct_RENDER.glb
16459,CU,cushion,sydney-perfect-fit-2mm-solitaire-ring-cushion-cut-center-stone,C:\brileent earth\16459_Sydney-Perfect-Fit-2mm-Solitaire-Ring-14K-Gold-BE16459-76788334\3d_model\BE16459_CU_200ct_RENDER.glb
16459,EM,emerald,sydney-perfect-fit-2mm-solitaire-ring-emerald-cut-center-stone,C:\brileent earth\16459_Sydney-Perfect-Fit-2mm-Solitaire-Ring-14K-Gold-BE16459-76788334\3d_model\BE16459_EM_200ct_RENDER.glb
16459,MQ,marquise,sydney-perfect-fit-2mm-solitaire-ring-marquise-center-stone,C:\brileent earth\16459_Sydney-Perfect-Fit-2mm-Solitaire-Ring-14K-Gold-BE16459-76788334\3d_model\BE16459_MQ_200ct_RENDER.glb
16459,OV,oval,sydney-perfect-fit-2mm-solitaire-ring-oval-center-stone,C:\brileent earth\16459_Sydney-Perfect-Fit-2mm-Solitaire-Ring-14K-Gold-BE16459-76788334\3d_model\BE16459_OV_200ct_RENDER.glb
16459,PE,pear,sydney-perfect-fit-2mm-solitaire-ring-pear-center-stone,C:\brileent earth\16459_Sydney-Perfect-Fit-2mm-Solitaire-Ring-14K-Gold-BE16459-76788334\3d_model\BE16459_PE_200ct_RENDER.glb
16459,PR,princess,sydney-perfect-fit-2mm-solitaire-ring-princess-cut-center-stone,C:\brileent earth\16459_Sydney-Perfect-Fit-2mm-Solitaire-Ring-14K-Gold-BE16459-76788334\3d_model\BE16459_PR_200ct_RENDER.glb
16459,RA,radiant,sydney-perfect-fit-2mm-solitaire-ring-radiant-cut-center-stone,C:\brileent earth\16459_Sydney-Perfect-Fit-2mm-Solitaire-Ring-14K-Gold-BE16459-76788334\3d_model\BE16459_RA_200ct_RENDER.glb
16459,RD,round,sydney-perfect-fit-2mm-solitaire-ring-round-center-stone,C:\brileent earth\16459_Sydney-Perfect-Fit-2mm-Solitaire-Ring-14K-Gold-BE16459-76788334\3d_model\BE16459_RD_200ct_RENDER.glb
164,AS,asscher,ballad-three-quarter-coverage-diamond-ring-1-4-ct-tw-asscher-cut-center-stone,C:\brileent earth\164_Ballad-Three-Quarter-Coverage-Diamond-Ring-_1_4-ct_-tw_-14K-White-Gold-BE164-76788520\3d_model\BE164_AS_200ct_RENDER.glb
164,CU,cushion,ballad-three-quarter-coverage-diamond-ring-1-4-ct-tw-cushion-cut-center-stone,C:\brileent earth\164_Ballad-Three-Quarter-Coverage-Diamond-Ring-_1_4-ct_-tw_-14K-White-Gold-BE164-76788520\3d_model\BE164_CU_200ct_RENDER.glb
164,EM,emerald,ballad-three-quarter-coverage-diamond-ring-1-4-ct-tw-emerald-cut-center-stone,C:\brileent earth\164_Ballad-Three-Quarter-Coverage-Diamond-Ring-_1_4-ct_-tw_-14K-White-Gold-BE164-76788520\3d_model\BE164_EM_200ct_RENDER.glb
164,HT,heart,ballad-three-quarter-coverage-diamond-ring-1-4-ct-tw-heart-center-stone,C:\brileent earth\164_Ballad-Three-Quarter-Coverage-Diamond-Ring-_1_4-ct_-tw_-14K-White-Gold-BE164-76788520\3d_model\BE164_HT_200ct_RENDER.glb
164,MQ,marquise,ballad-three-quarter-coverage-diamond-ring-1-4-ct-tw-marquise-center-stone,C:\brileent earth\164_Ballad-Three-Quarter-Coverage-Diamond-Ring-_1_4-ct_-tw_-14K-White-Gold-BE164-76788520\3d_model\BE164_MQ_200ct_RENDER.glb
164,OV,oval,ballad-three-quarter-coverage-diamond-ring-1-4-ct-tw-oval-center-stone,C:\brileent earth\164_Ballad-Three-Quarter-Coverage-Diamond-Ring-_1_4-ct_-tw_-14K-White-Gold-BE164-76788520\3d_model\BE164_OV_200ct_RENDER.glb
164,PE,pear,ballad-three-quarter-coverage-diamond-ring-1-4-ct-tw-pear-center-stone,C:\brileent earth\164_Ballad-Three-Quarter-Coverage-Diamond-Ring-_1_4-ct_-tw_-14K-White-Gold-BE164-76788520\3d_model\BE164_PE_200ct_RENDER.glb
164,PR,princess,ballad-three-quarter-coverage-diamond-ring-1-4-ct-tw-princess-cut-center-stone,C:\brileent earth\164_Ballad-Three-Quarter-Coverage-Diamond-Ring-_1_4-ct_-tw_-14K-White-Gold-BE164-76788520\3d_model\BE164_PR_200ct_RENDER.glb
164,RA,radiant,ballad-three-quarter-coverage-diamond-ring-1-4-ct-tw-radiant-cut-center-stone,C:\brileent earth\164_Ballad-Three-Quarter-Coverage-Diamond-Ring-_1_4-ct_-tw_-14K-White-Gold-BE164-76788520\3d_model\BE164_RA_200ct_RENDER.glb
164,RD,round,ballad-three-quarter-coverage-diamond-ring-1-4-ct-tw-round-center-stone,C:\brileent earth\164_Ballad-Three-Quarter-Coverage-Diamond-Ring-_1_4-ct_-tw_-14K-White-Gold-BE164-76788520\3d_model\BE164_RD_200ct_RENDER.glb
16999,MQ,marquise,petite-esme-1-5mm-ring-marquise-center-stone,C:\brileent earth\16999_Petite-Esme-1_5mm-Ring-14K-Gold-BE16999-76786023\3d_model\BE16999_MQ_200ct_RENDER.glb
16999,OV,oval,petite-esme-1-5mm-ring-oval-center-stone,C:\brileent earth\16999_Petite-Esme-1_5mm-Ring-14K-Gold-BE16999-76786023\3d_model\BE16999_OV_200ct_RENDER.glb
16999,PE,pear,petite-esme-1-5mm-ring-pear-center-stone,C:\brileent earth\16999_Petite-Esme-1_5mm-Ring-14K-Gold-BE16999-76786023\3d_model\BE16999_PE_200ct_RENDER.glb
16999,RD,round,petite-esme-1-5mm-ring-round-center-stone,C:\brileent earth\16999_Petite-Esme-1_5mm-Ring-14K-Gold-BE16999-76786023\3d_model\BE16999_RD_200ct_RENDER.glb
1726,AS,asscher,harper-bezel-prong-solitaire-ring-asscher-cut-center-stone,C:\brileent earth\1726_Harper-Bezel-Prong-Solitaire-Ring-Gold-BE1726-77701799\3d_model\BE1726_AS_200ct_RENDER.glb
1726,CU,cushion,harper-bezel-prong-solitaire-ring-cushion-cut-center-stone,C:\brileent earth\1726_Harper-Bezel-Prong-Solitaire-Ring-Gold-BE1726-77701799\3d_model\BE1726_CU_200ct_RENDER.glb
1726,EM,emerald,harper-bezel-prong-solitaire-ring-emerald-cut-center-stone,C:\brileent earth\1726_Harper-Bezel-Prong-Solitaire-Ring-Gold-BE1726-77701799\3d_model\BE1726_EM_200ct_RENDER.glb
1726,HT,heart,harper-bezel-prong-solitaire-ring-heart-center-stone,C:\brileent earth\1726_Harper-Bezel-Prong-Solitaire-Ring-Gold-BE1726-77701799\3d_model\BE1726_HT_200ct_RENDER.glb
1726,MQ,marquise,harper-bezel-prong-solitaire-ring-marquise-center-stone,C:\brileent earth\1726_Harper-Bezel-Prong-Solitaire-Ring-Gold-BE1726-77701799\3d_model\BE1726_MQ_200ct_RENDER.glb
1726,OV,oval,harper-bezel-prong-solitaire-ring-oval-center-stone,C:\brileent earth\1726_Harper-Bezel-Prong-Solitaire-Ring-Gold-BE1726-77701799\3d_model\BE1726_OV_200ct_RENDER.glb
1726,PE,pear,harper-bezel-prong-solitaire-ring-pear-center-stone,C:\brileent earth\1726_Harper-Bezel-Prong-Solitaire-Ring-Gold-BE1726-77701799\3d_model\BE1726_PE_200ct_RENDER.glb
1726,PR,princess,harper-bezel-prong-solitaire-ring-princess-cut-center-stone,C:\brileent earth\1726_Harper-Bezel-Prong-Solitaire-Ring-Gold-BE1726-77701799\3d_model\BE1726_PR_200ct_RENDER.glb
1726,RA,radiant,harper-bezel-prong-solitaire-ring-radiant-cut-center-stone,C:\brileent earth\1726_Harper-Bezel-Prong-Solitaire-Ring-Gold-BE1726-77701799\3d_model\BE1726_RA_200ct_RENDER.glb
1726,RD,round,harper-bezel-prong-solitaire-ring-round-center-stone,C:\brileent earth\1726_Harper-Bezel-Prong-Solitaire-Ring-Gold-BE1726-77701799\3d_model\BE1726_RD_200ct_RENDER.glb
1727,AS,asscher,harper-mixed-metal-solitaire-ring-asscher-cut-center-stone,C:\brileent earth\1727_Harper-Mixed-Metal-Solitaire-Ring-Gold-BE1727-77043845\3d_model\BE1727_AS_200ct_RENDER.glb
1727,CU,cushion,harper-mixed-metal-solitaire-ring-cushion-cut-center-stone,C:\brileent earth\1727_Harper-Mixed-Metal-Solitaire-Ring-Gold-BE1727-77043845\3d_model\BE1727_CU_200ct_RENDER.glb
1727,EM,emerald,harper-mixed-metal-solitaire-ring-emerald-cut-center-stone,C:\brileent earth\1727_Harper-Mixed-Metal-Solitaire-Ring-Gold-BE1727-77043845\3d_model\BE1727_EM_200ct_RENDER.glb
1727,HT,heart,harper-mixed-metal-solitaire-ring-heart-center-stone,C:\brileent earth\1727_Harper-Mixed-Metal-Solitaire-Ring-Gold-BE1727-77043845\3d_model\BE1727_HT_200ct_RENDER.glb
1727,MQ,marquise,harper-mixed-metal-solitaire-ring-marquise-center-stone,C:\brileent earth\1727_Harper-Mixed-Metal-Solitaire-Ring-Gold-BE1727-77043845\3d_model\BE1727_MQ_200ct_RENDER.glb
1727,OV,oval,harper-mixed-metal-solitaire-ring-oval-center-stone,C:\brileent earth\1727_Harper-Mixed-Metal-Solitaire-Ring-Gold-BE1727-77043845\3d_model\BE1727_OV_200ct_RENDER.glb
1727,PE,pear,harper-mixed-metal-solitaire-ring-pear-center-stone,C:\brileent earth\1727_Harper-Mixed-Metal-Solitaire-Ring-Gold-BE1727-77043845\3d_model\BE1727_PE_200ct_RENDER.glb
1727,PR,princess,harper-mixed-metal-solitaire-ring-princess-cut-center-stone,C:\brileent earth\1727_Harper-Mixed-Metal-Solitaire-Ring-Gold-BE1727-77043845\3d_model\BE1727_PR_200ct_RENDER.glb
1727,RA,radiant,harper-mixed-metal-solitaire-ring-radiant-cut-center-stone,C:\brileent earth\1727_Harper-Mixed-Metal-Solitaire-Ring-Gold-BE1727-77043845\3d_model\BE1727_RA_200ct_RENDER.glb
1727,RD,round,harper-mixed-metal-solitaire-ring-round-center-stone,C:\brileent earth\1727_Harper-Mixed-Metal-Solitaire-Ring-Gold-BE1727-77043845\3d_model\BE1727_RD_200ct_RENDER.glb
1732,AS,asscher,frame-solitaire-ring-asscher-cut-center-stone,C:\brileent earth\1732_Frame-Solitaire-Ring-Gold-BE1732-82391248\3d_model\BE1732_AS_200ct_RENDER.glb
1732,CU,cushion,frame-solitaire-ring-cushion-cut-center-stone,C:\brileent earth\1732_Frame-Solitaire-Ring-Gold-BE1732-82391248\3d_model\BE1732_CU_200ct_RENDER.glb
1732,EM,emerald,frame-solitaire-ring-emerald-cut-center-stone,C:\brileent earth\1732_Frame-Solitaire-Ring-Gold-BE1732-82391248\3d_model\BE1732_EM_200ct_RENDER.glb
1732,MQ,marquise,frame-solitaire-ring-marquise-center-stone,C:\brileent earth\1732_Frame-Solitaire-Ring-Gold-BE1732-82391248\3d_model\BE1732_MQ_200ct_RENDER.glb
1732,OV,oval,frame-solitaire-ring-oval-center-stone,C:\brileent earth\1732_Frame-Solitaire-Ring-Gold-BE1732-82391248\3d_model\BE1732_OV_200ct_RENDER.glb
1732,PE,pear,frame-solitaire-ring-pear-center-stone,C:\brileent earth\1732_Frame-Solitaire-Ring-Gold-BE1732-82391248\3d_model\BE1732_PE_200ct_RENDER.glb
1732,PR,princess,frame-solitaire-ring-princess-cut-center-stone,C:\brileent earth\1732_Frame-Solitaire-Ring-Gold-BE1732-82391248\3d_model\BE1732_PR_200ct_RENDER.glb
1732,RA,radiant,frame-solitaire-ring-radiant-cut-center-stone,C:\brileent earth\1732_Frame-Solitaire-Ring-Gold-BE1732-82391248\3d_model\BE1732_RA_200ct_RENDER.glb
1732,RD,round,frame-solitaire-ring-round-center-stone,C:\brileent earth\1732_Frame-Solitaire-Ring-Gold-BE1732-82391248\3d_model\BE1732_RD_200ct_RENDER.glb
1742,AS,asscher,alice-solitaire-ring-asscher-cut-center-stone,C:\brileent earth\1742_Alice-Solitaire-Ring-14K-Gold-BE1742-76784891\3d_model\BE1742_AS_200ct_RENDER.glb
1742,CU,cushion,alice-solitaire-ring-cushion-cut-center-stone,C:\brileent earth\1742_Alice-Solitaire-Ring-14K-Gold-BE1742-76784891\3d_model\BE1742_CU_200ct_RENDER.glb
1742,EM,emerald,alice-solitaire-ring-emerald-cut-center-stone,C:\brileent earth\1742_Alice-Solitaire-Ring-14K-Gold-BE1742-76784891\3d_model\BE1742_EM_200ct_RENDER.glb
1742,MQ,marquise,alice-solitaire-ring-marquise-center-stone,C:\brileent earth\1742_Alice-Solitaire-Ring-14K-Gold-BE1742-76784891\3d_model\BE1742_MQ_200ct_RENDER.glb
1742,OV,oval,alice-solitaire-ring-oval-center-stone,C:\brileent earth\1742_Alice-Solitaire-Ring-14K-Gold-BE1742-76784891\3d_model\BE1742_OV_200ct_RENDER.glb
1742,PE,pear,alice-solitaire-ring-pear-center-stone,C:\brileent earth\1742_Alice-Solitaire-Ring-14K-Gold-BE1742-76784891\3d_model\BE1742_PE_200ct_RENDER.glb
1742,PR,princess,alice-solitaire-ring-princess-cut-center-stone,C:\brileent earth\1742_Alice-Solitaire-Ring-14K-Gold-BE1742-76784891\3d_model\BE1742_PR_200ct_RENDER.glb
1742,RA,radiant,alice-solitaire-ring-radiant-cut-center-stone,C:\brileent earth\1742_Alice-Solitaire-Ring-14K-Gold-BE1742-76784891\3d_model\BE1742_RA_200ct_RENDER.glb
1742,RD,round,alice-solitaire-ring-round-center-stone,C:\brileent earth\1742_Alice-Solitaire-Ring-14K-Gold-BE1742-76784891\3d_model\BE1742_RD_200ct_RENDER.glb
1743,AS,asscher,sylvie-perfect-fit-bezel-solitaire-ring-asscher-cut-center-stone,C:\brileent earth\1743_Sylvie-Perfect-Fit-Bezel-Solitaire-Ring-14K-Gold-BE1743-76783848\3d_model\BE1743_AS_200ct_RENDER.glb
1743,CU,cushion,sylvie-perfect-fit-bezel-solitaire-ring-cushion-cut-center-stone,C:\brileent earth\1743_Sylvie-Perfect-Fit-Bezel-Solitaire-Ring-14K-Gold-BE1743-76783848\3d_model\BE1743_CU_200ct_RENDER.glb
1743,EM,emerald,sylvie-perfect-fit-bezel-solitaire-ring-emerald-cut-center-stone,C:\brileent earth\1743_Sylvie-Perfect-Fit-Bezel-Solitaire-Ring-14K-Gold-BE1743-76783848\3d_model\BE1743_EM_200ct_RENDER.glb
1743,MQ,marquise,sylvie-perfect-fit-bezel-solitaire-ring-marquise-center-stone,C:\brileent earth\1743_Sylvie-Perfect-Fit-Bezel-Solitaire-Ring-14K-Gold-BE1743-76783848\3d_model\BE1743_MQ_200ct_RENDER.glb
1743,OV,oval,sylvie-perfect-fit-bezel-solitaire-ring-oval-center-stone,C:\brileent earth\1743_Sylvie-Perfect-Fit-Bezel-Solitaire-Ring-14K-Gold-BE1743-76783848\3d_model\BE1743_OV_200ct_RENDER.glb
1743,PE,pear,sylvie-perfect-fit-bezel-solitaire-ring-pear-center-stone,C:\brileent earth\1743_Sylvie-Perfect-Fit-Bezel-Solitaire-Ring-14K-Gold-BE1743-76783848\3d_model\BE1743_PE_200ct_RENDER.glb
1743,PR,princess,sylvie-perfect-fit-bezel-solitaire-ring-princess-cut-center-stone,C:\brileent earth\1743_Sylvie-Perfect-Fit-Bezel-Solitaire-Ring-14K-Gold-BE1743-76783848\3d_model\BE1743_PR_200ct_RENDER.glb
1743,RA,radiant,sylvie-perfect-fit-bezel-solitaire-ring-radiant-cut-center-stone,C:\brileent earth\1743_Sylvie-Perfect-Fit-Bezel-Solitaire-Ring-14K-Gold-BE1743-76783848\3d_model\BE1743_RA_200ct_RENDER.glb
1743,RD,round,sylvie-perfect-fit-bezel-solitaire-ring-round-center-stone,C:\brileent earth\1743_Sylvie-Perfect-Fit-Bezel-Solitaire-Ring-14K-Gold-BE1743-76783848\3d_model\BE1743_RD_200ct_RENDER.glb
1761,AS,asscher,elodie-cathedral-solitaire-ring-asscher-cut-center-stone,C:\brileent earth\1761_Elodie-Cathedral-Solitaire-Ring-14K-Gold-BE1761-76788367\3d_model\BE1761_AS_200ct_RENDER.glb
1761,CU,cushion,elodie-cathedral-solitaire-ring-cushion-cut-center-stone,C:\brileent earth\1761_Elodie-Cathedral-Solitaire-Ring-14K-Gold-BE1761-76788367\3d_model\BE1761_CU_200ct_RENDER.glb
1761,EM,emerald,elodie-cathedral-solitaire-ring-emerald-cut-center-stone,C:\brileent earth\1761_Elodie-Cathedral-Solitaire-Ring-14K-Gold-BE1761-76788367\3d_model\BE1761_EM_200ct_RENDER.glb
1761,MQ,marquise,elodie-cathedral-solitaire-ring-marquise-center-stone,C:\brileent earth\1761_Elodie-Cathedral-Solitaire-Ring-14K-Gold-BE1761-76788367\3d_model\BE1761_MQ_200ct_RENDER.glb
1761,OV,oval,elodie-cathedral-solitaire-ring-oval-center-stone,C:\brileent earth\1761_Elodie-Cathedral-Solitaire-Ring-14K-Gold-BE1761-76788367\3d_model\BE1761_OV_200ct_RENDER.glb
1761,PE,pear,elodie-cathedral-solitaire-ring-pear-center-stone,C:\brileent earth\1761_Elodie-Cathedral-Solitaire-Ring-14K-Gold-BE1761-76788367\3d_model\BE1761_PE_200ct_RENDER.glb
1761,PR,princess,elodie-cathedral-solitaire-ring-princess-cut-center-stone,C:\brileent earth\1761_Elodie-Cathedral-Solitaire-Ring-14K-Gold-BE1761-76788367\3d_model\BE1761_PR_200ct_RENDER.glb
1761,RA,radiant,elodie-cathedral-solitaire-ring-radiant-cut-center-stone,C:\brileent earth\1761_Elodie-Cathedral-Solitaire-Ring-14K-Gold-BE1761-76788367\3d_model\BE1761_RA_200ct_RENDER.glb
1761,RD,round,elodie-cathedral-solitaire-ring-round-center-stone,C:\brileent earth\1761_Elodie-Cathedral-Solitaire-Ring-14K-Gold-BE1761-76788367\3d_model\BE1761_RD_200ct_RENDER.glb
17651,AS,asscher,perfect-fit-1-4mm-solitaire-ring-asscher-cut-center-stone,C:\brileent earth\17651_Perfect-Fit-1_4mm-Solitaire-Ring-14K-Gold-BE17651-76788395\3d_model\BE17651_AS_200ct_RENDER.glb
17651,CU,cushion,perfect-fit-1-4mm-solitaire-ring-cushion-cut-center-stone,C:\brileent earth\17651_Perfect-Fit-1_4mm-Solitaire-Ring-14K-Gold-BE17651-76788395\3d_model\BE17651_CU_200ct_RENDER.glb
17651,EM,emerald,perfect-fit-1-4mm-solitaire-ring-emerald-cut-center-stone,C:\brileent earth\17651_Perfect-Fit-1_4mm-Solitaire-Ring-14K-Gold-BE17651-76788395\3d_model\BE17651_EM_200ct_RENDER.glb
17651,HT,heart,perfect-fit-1-4mm-solitaire-ring-heart-center-stone,C:\brileent earth\17651_Perfect-Fit-1_4mm-Solitaire-Ring-14K-Gold-BE17651-76788395\3d_model\BE17651_HT_200ct_RENDER.glb
17651,MQ,marquise,perfect-fit-1-4mm-solitaire-ring-marquise-center-stone,C:\brileent earth\17651_Perfect-Fit-1_4mm-Solitaire-Ring-14K-Gold-BE17651-76788395\3d_model\BE17651_MQ_200ct_RENDER.glb
17651,OV,oval,perfect-fit-1-4mm-solitaire-ring-oval-center-stone,C:\brileent earth\17651_Perfect-Fit-1_4mm-Solitaire-Ring-14K-Gold-BE17651-76788395\3d_model\BE17651_OV_200ct_RENDER.glb
17651,PE,pear,perfect-fit-1-4mm-solitaire-ring-pear-center-stone,C:\brileent earth\17651_Perfect-Fit-1_4mm-Solitaire-Ring-14K-Gold-BE17651-76788395\3d_model\BE17651_PE_200ct_RENDER.glb
17651,PR,princess,perfect-fit-1-4mm-solitaire-ring-princess-cut-center-stone,C:\brileent earth\17651_Perfect-Fit-1_4mm-Solitaire-Ring-14K-Gold-BE17651-76788395\3d_model\BE17651_PR_200ct_RENDER.glb
17651,RA,radiant,perfect-fit-1-4mm-solitaire-ring-radiant-cut-center-stone,C:\brileent earth\17651_Perfect-Fit-1_4mm-Solitaire-Ring-14K-Gold-BE17651-76788395\3d_model\BE17651_RA_200ct_RENDER.glb
17651,RD,round,perfect-fit-1-4mm-solitaire-ring-round-center-stone,C:\brileent earth\17651_Perfect-Fit-1_4mm-Solitaire-Ring-14K-Gold-BE17651-76788395\3d_model\BE17651_RD_200ct_RENDER.glb
17652,AS,asscher,audrey-perfect-fit-1-4mm-solitaire-ring-asscher-cut-center-stone,C:\brileent earth\17652_Audrey-Perfect-Fit-1_4mm-Solitaire-Ring-14K-Gold-BE17652-76820236\3d_model\BE17652_AS_200ct_RENDER.glb
17652,CU,cushion,audrey-perfect-fit-1-4mm-solitaire-ring-cushion-cut-center-stone,C:\brileent earth\17652_Audrey-Perfect-Fit-1_4mm-Solitaire-Ring-14K-Gold-BE17652-76820236\3d_model\BE17652_CU_200ct_RENDER.glb
17652,EM,emerald,audrey-perfect-fit-1-4mm-solitaire-ring-emerald-cut-center-stone,C:\brileent earth\17652_Audrey-Perfect-Fit-1_4mm-Solitaire-Ring-14K-Gold-BE17652-76820236\3d_model\BE17652_EM_200ct_RENDER.glb
17652,HT,heart,audrey-perfect-fit-1-4mm-solitaire-ring-heart-center-stone,C:\brileent earth\17652_Audrey-Perfect-Fit-1_4mm-Solitaire-Ring-14K-Gold-BE17652-76820236\3d_model\BE17652_HT_200ct_RENDER.glb
17652,MQ,marquise,audrey-perfect-fit-1-4mm-solitaire-ring-marquise-center-stone,C:\brileent earth\17652_Audrey-Perfect-Fit-1_4mm-Solitaire-Ring-14K-Gold-BE17652-76820236\3d_model\BE17652_MQ_200ct_RENDER.glb
17652,OV,oval,audrey-perfect-fit-1-4mm-solitaire-ring-oval-center-stone,C:\brileent earth\17652_Audrey-Perfect-Fit-1_4mm-Solitaire-Ring-14K-Gold-BE17652-76820236\3d_model\BE17652_OV_200ct_RENDER.glb
17652,PE,pear,audrey-perfect-fit-1-4mm-solitaire-ring-pear-center-stone,C:\brileent earth\17652_Audrey-Perfect-Fit-1_4mm-Solitaire-Ring-14K-Gold-BE17652-76820236\3d_model\BE17652_PE_200ct_RENDER.glb
17652,PR,princess,audrey-perfect-fit-1-4mm-solitaire-ring-princess-cut-center-stone,C:\brileent earth\17652_Audrey-Perfect-Fit-1_4mm-Solitaire-Ring-14K-Gold-BE17652-76820236\3d_model\BE17652_PR_200ct_RENDER.glb
17652,RA,radiant,audrey-perfect-fit-1-4mm-solitaire-ring-radiant-cut-center-stone,C:\brileent earth\17652_Audrey-Perfect-Fit-1_4mm-Solitaire-Ring-14K-Gold-BE17652-76820236\3d_model\BE17652_RA_200ct_RENDER.glb
17652,RD,round,audrey-perfect-fit-1-4mm-solitaire-ring-round-center-stone,C:\brileent earth\17652_Audrey-Perfect-Fit-1_4mm-Solitaire-Ring-14K-Gold-BE17652-76820236\3d_model\BE17652_RD_200ct_RENDER.glb
1776,AS,asscher,1-4mm-provence-solitaire-ring-asscher-cut-center-stone,C:\brileent earth\1776_1_4mm-Provence-Solitaire-Ring-14K-Gold-BE1776-76823598\3d_model\BE1776_AS_200ct_RENDER.glb
1776,CU,cushion,1-4mm-provence-solitaire-ring-cushion-cut-center-stone,C:\brileent earth\1776_1_4mm-Provence-Solitaire-Ring-14K-Gold-BE1776-76823598\3d_model\BE1776_CU_200ct_RENDER.glb
1776,EM,emerald,1-4mm-provence-solitaire-ring-emerald-cut-center-stone,C:\brileent earth\1776_1_4mm-Provence-Solitaire-Ring-14K-Gold-BE1776-76823598\3d_model\BE1776_EM_200ct_RENDER.glb
1776,OV,oval,1-4mm-provence-solitaire-ring-oval-center-stone,C:\brileent earth\1776_1_4mm-Provence-Solitaire-Ring-14K-Gold-BE1776-76823598\3d_model\BE1776_OV_200ct_RENDER.glb
1776,PR,princess,1-4mm-provence-solitaire-ring-princess-cut-center-stone,C:\brileent earth\1776_1_4mm-Provence-Solitaire-Ring-14K-Gold-BE1776-76823598\3d_model\BE1776_PR_200ct_RENDER.glb
1776,RA,radiant,1-4mm-provence-solitaire-ring-radiant-cut-center-stone,C:\brileent earth\1776_1_4mm-Provence-Solitaire-Ring-14K-Gold-BE1776-76823598\3d_model\BE1776_RA_200ct_RENDER.glb
1776,RD,round,1-4mm-provence-solitaire-ring-round-center-stone,C:\brileent earth\1776_1_4mm-Provence-Solitaire-Ring-14K-Gold-BE1776-76823598\3d_model\BE1776_RD_200ct_RENDER.glb
1798,AS,asscher,julietta-bezel-solitaire-ring-asscher-cut-center-stone,C:\brileent earth\1798_Julietta-Bezel-Solitaire-Ring-14K-Gold-BE1798-76784899\3d_model\BE1798_AS_200ct_RENDER.glb
1798,CU,cushion,julietta-bezel-solitaire-ring-cushion-cut-center-stone,C:\brileent earth\1798_Julietta-Bezel-Solitaire-Ring-14K-Gold-BE1798-76784899\3d_model\BE1798_CU_200ct_RENDER.glb
1798,EM,emerald,julietta-bezel-solitaire-ring-emerald-cut-center-stone,C:\brileent earth\1798_Julietta-Bezel-Solitaire-Ring-14K-Gold-BE1798-76784899\3d_model\BE1798_EM_200ct_RENDER.glb
1798,MQ,marquise,julietta-bezel-solitaire-ring-marquise-center-stone,C:\brileent earth\1798_Julietta-Bezel-Solitaire-Ring-14K-Gold-BE1798-76784899\3d_model\BE1798_MQ_200ct_RENDER.glb
1798,OV,oval,julietta-bezel-solitaire-ring-oval-center-stone,C:\brileent earth\1798_Julietta-Bezel-Solitaire-Ring-14K-Gold-BE1798-76784899\3d_model\BE1798_OV_200ct_RENDER.glb
1798,PE,pear,julietta-bezel-solitaire-ring-pear-center-stone,C:\brileent earth\1798_Julietta-Bezel-Solitaire-Ring-14K-Gold-BE1798-76784899\3d_model\BE1798_PE_200ct_RENDER.glb
1798,PR,princess,julietta-bezel-solitaire-ring-princess-cut-center-stone,C:\brileent earth\1798_Julietta-Bezel-Solitaire-Ring-14K-Gold-BE1798-76784899\3d_model\BE1798_PR_200ct_RENDER.glb
1798,RA,radiant,julietta-bezel-solitaire-ring-radiant-cut-center-stone,C:\brileent earth\1798_Julietta-Bezel-Solitaire-Ring-14K-Gold-BE1798-76784899\3d_model\BE1798_RA_200ct_RENDER.glb
1798,RD,round,julietta-bezel-solitaire-ring-round-center-stone,C:\brileent earth\1798_Julietta-Bezel-Solitaire-Ring-14K-Gold-BE1798-76784899\3d_model\BE1798_RD_200ct_RENDER.glb
1808,AS,asscher,noemi-bezel-ring-asscher-cut-center-stone,C:\brileent earth\1808_Noemi-Bezel-Ring-14K-Gold-BE1808-76788352\3d_model\BE1808_AS_200ct_RENDER.glb
1808,CU,cushion,noemi-bezel-ring-cushion-cut-center-stone,C:\brileent earth\1808_Noemi-Bezel-Ring-14K-Gold-BE1808-76788352\3d_model\BE1808_CU_200ct_RENDER.glb
1808,EM,emerald,noemi-bezel-ring-emerald-cut-center-stone,C:\brileent earth\1808_Noemi-Bezel-Ring-14K-Gold-BE1808-76788352\3d_model\BE1808_EM_200ct_RENDER.glb
1808,MQ,marquise,noemi-bezel-ring-marquise-center-stone,C:\brileent earth\1808_Noemi-Bezel-Ring-14K-Gold-BE1808-76788352\3d_model\BE1808_MQ_200ct_RENDER.glb
1808,OV,oval,noemi-bezel-ring-oval-center-stone,C:\brileent earth\1808_Noemi-Bezel-Ring-14K-Gold-BE1808-76788352\3d_model\BE1808_OV_200ct_RENDER.glb
1808,PE,pear,noemi-bezel-ring-pear-center-stone,C:\brileent earth\1808_Noemi-Bezel-Ring-14K-Gold-BE1808-76788352\3d_model\BE1808_PE_200ct_RENDER.glb
1808,PR,princess,noemi-bezel-ring-princess-cut-center-stone,C:\brileent earth\1808_Noemi-Bezel-Ring-14K-Gold-BE1808-76788352\3d_model\BE1808_PR_200ct_RENDER.glb
1808,RA,radiant,noemi-bezel-ring-radiant-cut-center-stone,C:\brileent earth\1808_Noemi-Bezel-Ring-14K-Gold-BE1808-76788352\3d_model\BE1808_RA_200ct_RENDER.glb
1808,RD,round,noemi-bezel-ring-round-center-stone,C:\brileent earth\1808_Noemi-Bezel-Ring-14K-Gold-BE1808-76788352\3d_model\BE1808_RD_200ct_RENDER.glb
1818,AS,asscher,alya-twist-solitaire-ring-asscher-cut-center-stone,C:\brileent earth\1818_Alya-Twist-Solitaire-Ring-14K-Gold-BE1818-76823192\3d_model\BE1818_AS_200ct_RENDER.glb
1818,CU,cushion,alya-twist-solitaire-ring-cushion-cut-center-stone,C:\brileent earth\1818_Alya-Twist-Solitaire-Ring-14K-Gold-BE1818-76823192\3d_model\BE1818_CU_200ct_RENDER.glb
1818,EM,emerald,alya-twist-solitaire-ring-emerald-cut-center-stone,C:\brileent earth\1818_Alya-Twist-Solitaire-Ring-14K-Gold-BE1818-76823192\3d_model\BE1818_EM_200ct_RENDER.glb
1818,MQ,marquise,alya-twist-solitaire-ring-marquise-center-stone,C:\brileent earth\1818_Alya-Twist-Solitaire-Ring-14K-Gold-BE1818-76823192\3d_model\BE1818_MQ_200ct_RENDER.glb
1818,OV,oval,alya-twist-solitaire-ring-oval-center-stone,C:\brileent earth\1818_Alya-Twist-Solitaire-Ring-14K-Gold-BE1818-76823192\3d_model\BE1818_OV_200ct_RENDER.glb
1818,PE,pear,alya-twist-solitaire-ring-pear-center-stone,C:\brileent earth\1818_Alya-Twist-Solitaire-Ring-14K-Gold-BE1818-76823192\3d_model\BE1818_PE_200ct_RENDER.glb
1818,PR,princess,alya-twist-solitaire-ring-princess-cut-center-stone,C:\brileent earth\1818_Alya-Twist-Solitaire-Ring-14K-Gold-BE1818-76823192\3d_model\BE1818_PR_200ct_RENDER.glb
1818,RA,radiant,alya-twist-solitaire-ring-radiant-cut-center-stone,C:\brileent earth\1818_Alya-Twist-Solitaire-Ring-14K-Gold-BE1818-76823192\3d_model\BE1818_RA_200ct_RENDER.glb
1818,RD,round,alya-twist-solitaire-ring-round-center-stone,C:\brileent earth\1818_Alya-Twist-Solitaire-Ring-14K-Gold-BE1818-76823192\3d_model\BE1818_RD_200ct_RENDER.glb
1829,AS,asscher,freesia-cathedral-solitaire-ring-asscher-cut-center-stone,C:\brileent earth\1829_Freesia-Cathedral-Solitaire-Ring-14K-Gold-BE1829-76788308\3d_model\BE1829_AS_200ct_RENDER.glb
1829,CU,cushion,freesia-cathedral-solitaire-ring-cushion-cut-center-stone,C:\brileent earth\1829_Freesia-Cathedral-Solitaire-Ring-14K-Gold-BE1829-76788308\3d_model\BE1829_CU_200ct_RENDER.glb
1829,EM,emerald,freesia-cathedral-solitaire-ring-emerald-cut-center-stone,C:\brileent earth\1829_Freesia-Cathedral-Solitaire-Ring-14K-Gold-BE1829-76788308\3d_model\BE1829_EM_200ct_RENDER.glb
1829,MQ,marquise,freesia-cathedral-solitaire-ring-marquise-center-stone,C:\brileent earth\1829_Freesia-Cathedral-Solitaire-Ring-14K-Gold-BE1829-76788308\3d_model\BE1829_MQ_200ct_RENDER.glb
1829,OV,oval,freesia-cathedral-solitaire-ring-oval-center-stone,C:\brileent earth\1829_Freesia-Cathedral-Solitaire-Ring-14K-Gold-BE1829-76788308\3d_model\BE1829_OV_200ct_RENDER.glb
1829,PE,pear,freesia-cathedral-solitaire-ring-pear-center-stone,C:\brileent earth\1829_Freesia-Cathedral-Solitaire-Ring-14K-Gold-BE1829-76788308\3d_model\BE1829_PE_200ct_RENDER.glb
1829,PR,princess,freesia-cathedral-solitaire-ring-princess-cut-center-stone,C:\brileent earth\1829_Freesia-Cathedral-Solitaire-Ring-14K-Gold-BE1829-76788308\3d_model\BE1829_PR_200ct_RENDER.glb
1829,RA,radiant,freesia-cathedral-solitaire-ring-radiant-cut-center-stone,C:\brileent earth\1829_Freesia-Cathedral-Solitaire-Ring-14K-Gold-BE1829-76788308\3d_model\BE1829_RA_200ct_RENDER.glb
1829,RD,round,freesia-cathedral-solitaire-ring-round-center-stone,C:\brileent earth\1829_Freesia-Cathedral-Solitaire-Ring-14K-Gold-BE1829-76788308\3d_model\BE1829_RD_200ct_RENDER.glb
1901,AS,asscher,1-5mm-petite-elodie-perfect-fit-solitaire-ring-asscher-cut-center-stone,C:\brileent earth\1901_1_5mm-Petite-Elodie-Perfect-Fit-Solitaire-Ring-14K-Gold-BE1901-76788315\3d_model\BE1901_AS_200ct_RENDER.glb
1901,CU,cushion,1-5mm-petite-elodie-perfect-fit-solitaire-ring-cushion-cut-center-stone,C:\brileent earth\1901_1_5mm-Petite-Elodie-Perfect-Fit-Solitaire-Ring-14K-Gold-BE1901-76788315\3d_model\BE1901_CU_200ct_RENDER.glb
1901,EM,emerald,1-5mm-petite-elodie-perfect-fit-solitaire-ring-emerald-cut-center-stone,C:\brileent earth\1901_1_5mm-Petite-Elodie-Perfect-Fit-Solitaire-Ring-14K-Gold-BE1901-76788315\3d_model\BE1901_EM_200ct_RENDER.glb
1901,MQ,marquise,1-5mm-petite-elodie-perfect-fit-solitaire-ring-marquise-center-stone,C:\brileent earth\1901_1_5mm-Petite-Elodie-Perfect-Fit-Solitaire-Ring-14K-Gold-BE1901-76788315\3d_model\BE1901_MQ_200ct_RENDER.glb
1901,OV,oval,1-5mm-petite-elodie-perfect-fit-solitaire-ring-oval-center-stone,C:\brileent earth\1901_1_5mm-Petite-Elodie-Perfect-Fit-Solitaire-Ring-14K-Gold-BE1901-76788315\3d_model\BE1901_OV_200ct_RENDER.glb
1901,PE,pear,1-5mm-petite-elodie-perfect-fit-solitaire-ring-pear-center-stone,C:\brileent earth\1901_1_5mm-Petite-Elodie-Perfect-Fit-Solitaire-Ring-14K-Gold-BE1901-76788315\3d_model\BE1901_PE_200ct_RENDER.glb
1901,PR,princess,1-5mm-petite-elodie-perfect-fit-solitaire-ring-princess-cut-center-stone,C:\brileent earth\1901_1_5mm-Petite-Elodie-Perfect-Fit-Solitaire-Ring-14K-Gold-BE1901-76788315\3d_model\BE1901_PR_200ct_RENDER.glb
1901,RA,radiant,1-5mm-petite-elodie-perfect-fit-solitaire-ring-radiant-cut-center-stone,C:\brileent earth\1901_1_5mm-Petite-Elodie-Perfect-Fit-Solitaire-Ring-14K-Gold-BE1901-76788315\3d_model\BE1901_RA_200ct_RENDER.glb
1901,RD,round,1-5mm-petite-elodie-perfect-fit-solitaire-ring-round-center-stone,C:\brileent earth\1901_1_5mm-Petite-Elodie-Perfect-Fit-Solitaire-Ring-14K-Gold-BE1901-76788315\3d_model\BE1901_RD_200ct_RENDER.glb
1902,MQ,marquise,esme-perfect-fit-solitaire-ring-marquise-center-stone,C:\brileent earth\1902_Esme-Perfect-Fit-Solitaire-Ring-14K-Gold-BE1902-76784895\3d_model\BE1902_MQ_200ct_RENDER.glb
1902,OV,oval,esme-perfect-fit-solitaire-ring-oval-center-stone,C:\brileent earth\1902_Esme-Perfect-Fit-Solitaire-Ring-14K-Gold-BE1902-76784895\3d_model\BE1902_OV_200ct_RENDER.glb
1902,PE,pear,esme-perfect-fit-solitaire-ring-pear-center-stone,C:\brileent earth\1902_Esme-Perfect-Fit-Solitaire-Ring-14K-Gold-BE1902-76784895\3d_model\BE1902_PE_200ct_RENDER.glb
1902,RD,round,esme-perfect-fit-solitaire-ring-round-center-stone,C:\brileent earth\1902_Esme-Perfect-Fit-Solitaire-Ring-14K-Gold-BE1902-76784895\3d_model\BE1902_RD_200ct_RENDER.glb
1964,AS,asscher,luna-4mm-bezel-ring-asscher-cut-center-stone,C:\brileent earth\1964_Luna-4mm-Bezel-Ring-14K-Gold-BE1964-76788402\3d_model\BE1964_AS_200ct_RENDER.glb
1964,CU,cushion,luna-4mm-bezel-ring-cushion-cut-center-stone,C:\brileent earth\1964_Luna-4mm-Bezel-Ring-14K-Gold-BE1964-76788402\3d_model\BE1964_CU_200ct_RENDER.glb
1964,EM,emerald,luna-4mm-bezel-ring-emerald-cut-center-stone,C:\brileent earth\1964_Luna-4mm-Bezel-Ring-14K-Gold-BE1964-76788402\3d_model\BE1964_EM_200ct_RENDER.glb
1964,OV,oval,luna-4mm-bezel-ring-oval-center-stone,C:\brileent earth\1964_Luna-4mm-Bezel-Ring-14K-Gold-BE1964-76788402\3d_model\BE1964_OV_200ct_RENDER.glb
1964,PE,pear,luna-4mm-bezel-ring-pear-center-stone,C:\brileent earth\1964_Luna-4mm-Bezel-Ring-14K-Gold-BE1964-76788402\3d_model\BE1964_PE_200ct_RENDER.glb
1964,PR,princess,luna-4mm-bezel-ring-princess-cut-center-stone,C:\brileent earth\1964_Luna-4mm-Bezel-Ring-14K-Gold-BE1964-76788402\3d_model\BE1964_PR_200ct_RENDER.glb
1964,RA,radiant,luna-4mm-bezel-ring-radiant-cut-center-stone,C:\brileent earth\1964_Luna-4mm-Bezel-Ring-14K-Gold-BE1964-76788402\3d_model\BE1964_RA_200ct_RENDER.glb
1964,RD,round,luna-4mm-bezel-ring-round-center-stone,C:\brileent earth\1964_Luna-4mm-Bezel-Ring-14K-Gold-BE1964-76788402\3d_model\BE1964_RD_200ct_RENDER.glb
1AS8PD08,AS,asscher,chamise-diamond-ring-1-15-ct-tw-asscher-cut-center-stone,C:\brileent earth\1AS8PD08_Chamise-Diamond-Ring-_1_15-ct_-tw_-14K-White-Gold-BE1AS8PD08-76820185\3d_model\BE1AS8PD08_AS_200ct_RENDER.glb
1AS8PD08,CU,cushion,chamise-diamond-ring-1-15-ct-tw-cushion-cut-center-stone,C:\brileent earth\1AS8PD08_Chamise-Diamond-Ring-_1_15-ct_-tw_-14K-White-Gold-BE1AS8PD08-76820185\3d_model\BE1AS8PD08_CU_200ct_RENDER.glb
1AS8PD08,EM,emerald,chamise-diamond-ring-1-15-ct-tw-emerald-cut-center-stone,C:\brileent earth\1AS8PD08_Chamise-Diamond-Ring-_1_15-ct_-tw_-14K-White-Gold-BE1AS8PD08-76820185\3d_model\BE1AS8PD08_EM_200ct_RENDER.glb
1AS8PD08,MQ,marquise,chamise-diamond-ring-1-15-ct-tw-marquise-center-stone,C:\brileent earth\1AS8PD08_Chamise-Diamond-Ring-_1_15-ct_-tw_-14K-White-Gold-BE1AS8PD08-76820185\3d_model\BE1AS8PD08_MQ_200ct_RENDER.glb
1AS8PD08,OV,oval,chamise-diamond-ring-1-15-ct-tw-oval-center-stone,C:\brileent earth\1AS8PD08_Chamise-Diamond-Ring-_1_15-ct_-tw_-14K-White-Gold-BE1AS8PD08-76820185\3d_model\BE1AS8PD08_OV_200ct_RENDER.glb
1AS8PD08,PE,pear,chamise-diamond-ring-1-15-ct-tw-pear-center-stone,C:\brileent earth\1AS8PD08_Chamise-Diamond-Ring-_1_15-ct_-tw_-14K-White-Gold-BE1AS8PD08-76820185\3d_model\BE1AS8PD08_PE_200ct_RENDER.glb
1AS8PD08,PR,princess,chamise-diamond-ring-1-15-ct-tw-princess-cut-center-stone,C:\brileent earth\1AS8PD08_Chamise-Diamond-Ring-_1_15-ct_-tw_-14K-White-Gold-BE1AS8PD08-76820185\3d_model\BE1AS8PD08_PR_200ct_RENDER.glb
1AS8PD08,RA,radiant,chamise-diamond-ring-1-15-ct-tw-radiant-cut-center-stone,C:\brileent earth\1AS8PD08_Chamise-Diamond-Ring-_1_15-ct_-tw_-14K-White-Gold-BE1AS8PD08-76820185\3d_model\BE1AS8PD08_RA_200ct_RENDER.glb
1AS8PD08,RD,round,chamise-diamond-ring-1-15-ct-tw-round-center-stone,C:\brileent earth\1AS8PD08_Chamise-Diamond-Ring-_1_15-ct_-tw_-14K-White-Gold-BE1AS8PD08-76820185\3d_model\BE1AS8PD08_RD_200ct_RENDER.glb
1BD12R2,AS,asscher,lotus-flower-halo-diamond-ring-1-4-ct-tw-asscher-cut-center-stone,C:\brileent earth\1BD12R2_Lotus-Flower-Halo-Diamond-Ring-_1_4-ct_-tw_-14K-White-Gold-BE1BD12R2-76788890\3d_model\BE1BD12R2_AS_200ct_RENDER.glb
1BD12R2,CU,cushion,lotus-flower-halo-diamond-ring-1-4-ct-tw-cushion-cut-center-stone,C:\brileent earth\1BD12R2_Lotus-Flower-Halo-Diamond-Ring-_1_4-ct_-tw_-14K-White-Gold-BE1BD12R2-76788890\3d_model\BE1BD12R2_CU_200ct_RENDER.glb
1BD12R2,EM,emerald,lotus-flower-halo-diamond-ring-1-4-ct-tw-emerald-cut-center-stone,C:\brileent earth\1BD12R2_Lotus-Flower-Halo-Diamond-Ring-_1_4-ct_-tw_-14K-White-Gold-BE1BD12R2-76788890\3d_model\BE1BD12R2_EM_200ct_RENDER.glb
1BD12R2,MQ,marquise,lotus-flower-halo-diamond-ring-1-4-ct-tw-marquise-cut-center-stone,C:\brileent earth\1BD12R2_Lotus-Flower-Halo-Diamond-Ring-_1_4-ct_-tw_-14K-White-Gold-BE1BD12R2-76788890\3d_model\BE1BD12R2_MQ_200ct_RENDER.glb
1BD12R2,OV,oval,lotus-flower-halo-diamond-ring-1-4-ct-tw-oval-cut-center-stone,C:\brileent earth\1BD12R2_Lotus-Flower-Halo-Diamond-Ring-_1_4-ct_-tw_-14K-White-Gold-BE1BD12R2-76788890\3d_model\BE1BD12R2_OV_200ct_RENDER.glb
1BD12R2,PE,pear,lotus-flower-halo-diamond-ring-1-4-ct-tw-pear-cut-center-stone,C:\brileent earth\1BD12R2_Lotus-Flower-Halo-Diamond-Ring-_1_4-ct_-tw_-14K-White-Gold-BE1BD12R2-76788890\3d_model\BE1BD12R2_PE_200ct_RENDER.glb
1BD12R2,PR,princess,lotus-flower-halo-diamond-ring-1-4-ct-tw-princess-cut-center-stone,C:\brileent earth\1BD12R2_Lotus-Flower-Halo-Diamond-Ring-_1_4-ct_-tw_-14K-White-Gold-BE1BD12R2-76788890\3d_model\BE1BD12R2_PR_200ct_RENDER.glb
1BD12R2,RA,radiant,lotus-flower-halo-diamond-ring-1-4-ct-tw-radiant-cut-center-stone,C:\brileent earth\1BD12R2_Lotus-Flower-Halo-Diamond-Ring-_1_4-ct_-tw_-14K-White-Gold-BE1BD12R2-76788890\3d_model\BE1BD12R2_RA_200ct_RENDER.glb
1BD12R2,RD,round,lotus-flower-halo-diamond-ring-1-4-ct-tw-round-cut-center-stone,C:\brileent earth\1BD12R2_Lotus-Flower-Halo-Diamond-Ring-_1_4-ct_-tw_-14K-White-Gold-BE1BD12R2-76788890\3d_model\BE1BD12R2_RD_200ct_RENDER.glb
1BDB30R30,AS,asscher,halo-diamond-ring-with-side-stones-1-3-ct-tw-asscher-cut-center-stone,C:\brileent earth\1BDB30R30_Halo-Diamond-Ring-with-Side-Stones-_1_3-ct_-tw_-14K-White-Gold-BE1BDB30R30-76820083\3d_model\BE1BDB30R30_AS_200ct_RENDER.glb
1BDB30R30,CU,cushion,halo-diamond-ring-with-side-stones-1-3-ct-tw-cushion-cut-center-stone,C:\brileent earth\1BDB30R30_Halo-Diamond-Ring-with-Side-Stones-_1_3-ct_-tw_-14K-White-Gold-BE1BDB30R30-76820083\3d_model\BE1BDB30R30_CU_200ct_RENDER.glb
1BDB30R30,EM,emerald,halo-diamond-ring-with-side-stones-1-3-ct-tw-emerald-cut-center-stone,C:\brileent earth\1BDB30R30_Halo-Diamond-Ring-with-Side-Stones-_1_3-ct_-tw_-14K-White-Gold-BE1BDB30R30-76820083\3d_model\BE1BDB30R30_EM_200ct_RENDER.glb
1BDB30R30,HT,heart,halo-diamond-ring-with-side-stones-1-3-ct-tw-heart-center-stone,C:\brileent earth\1BDB30R30_Halo-Diamond-Ring-with-Side-Stones-_1_3-ct_-tw_-14K-White-Gold-BE1BDB30R30-76820083\3d_model\BE1BDB30R30_HT_200ct_RENDER.glb
1BDB30R30,MQ,marquise,halo-diamond-ring-with-side-stones-1-3-ct-tw-marquise-center-stone,C:\brileent earth\1BDB30R30_Halo-Diamond-Ring-with-Side-Stones-_1_3-ct_-tw_-14K-White-Gold-BE1BDB30R30-76820083\3d_model\BE1BDB30R30_MQ_200ct_RENDER.glb
1BDB30R30,OV,oval,halo-diamond-ring-with-side-stones-1-3-ct-tw-oval-center-stone,C:\brileent earth\1BDB30R30_Halo-Diamond-Ring-with-Side-Stones-_1_3-ct_-tw_-14K-White-Gold-BE1BDB30R30-76820083\3d_model\BE1BDB30R30_OV_200ct_RENDER.glb
1BDB30R30,PE,pear,halo-diamond-ring-with-side-stones-1-3-ct-tw-pear-center-stone,C:\brileent earth\1BDB30R30_Halo-Diamond-Ring-with-Side-Stones-_1_3-ct_-tw_-14K-White-Gold-BE1BDB30R30-76820083\3d_model\BE1BDB30R30_PE_200ct_RENDER.glb
1BDB30R30,PR,princess,halo-diamond-ring-with-side-stones-1-3-ct-tw-princess-cut-center-stone,C:\brileent earth\1BDB30R30_Halo-Diamond-Ring-with-Side-Stones-_1_3-ct_-tw_-14K-White-Gold-BE1BDB30R30-76820083\3d_model\BE1BDB30R30_PR_200ct_RENDER.glb
1BDB30R30,RA,radiant,halo-diamond-ring-with-side-stones-1-3-ct-tw-radiant-cut-center-stone,C:\brileent earth\1BDB30R30_Halo-Diamond-Ring-with-Side-Stones-_1_3-ct_-tw_-14K-White-Gold-BE1BDB30R30-76820083\3d_model\BE1BDB30R30_RA_200ct_RENDER.glb
1BDB30R30,RD,round,halo-diamond-ring-with-side-stones-1-3-ct-tw-round-center-stone,C:\brileent earth\1BDB30R30_Halo-Diamond-Ring-with-Side-Stones-_1_3-ct_-tw_-14K-White-Gold-BE1BDB30R30-76820083\3d_model\BE1BDB30R30_RD_200ct_RENDER.glb
1D005,AS,asscher,icon-diamond-ring-1-3-ct-tw-asscher-cut-center-stone,C:\brileent earth\1D005_Icon-Diamond-Ring-_1_3-ct_-tw_-14K-White-Gold-BE1D005-76823319\3d_model\BE1D005_AS_200ct_RENDER.glb
1D005,CU,cushion,icon-diamond-ring-1-3-ct-tw-cushion-cut-center-stone,C:\brileent earth\1D005_Icon-Diamond-Ring-_1_3-ct_-tw_-14K-White-Gold-BE1D005-76823319\3d_model\BE1D005_CU_200ct_RENDER.glb
1D005,EM,emerald,icon-diamond-ring-1-3-ct-tw-emerald-cut-center-stone,C:\brileent earth\1D005_Icon-Diamond-Ring-_1_3-ct_-tw_-14K-White-Gold-BE1D005-76823319\3d_model\BE1D005_EM_200ct_RENDER.glb
1D005,MQ,marquise,icon-diamond-ring-1-3-ct-tw-marquise-center-stone,C:\brileent earth\1D005_Icon-Diamond-Ring-_1_3-ct_-tw_-14K-White-Gold-BE1D005-76823319\3d_model\BE1D005_MQ_200ct_RENDER.glb
1D005,OV,oval,icon-diamond-ring-1-3-ct-tw-oval-center-stone,C:\brileent earth\1D005_Icon-Diamond-Ring-_1_3-ct_-tw_-14K-White-Gold-BE1D005-76823319\3d_model\BE1D005_OV_200ct_RENDER.glb
1D005,PE,pear,icon-diamond-ring-1-3-ct-tw-pear-center-stone,C:\brileent earth\1D005_Icon-Diamond-Ring-_1_3-ct_-tw_-14K-White-Gold-BE1D005-76823319\3d_model\BE1D005_PE_200ct_RENDER.glb
1D005,PR,princess,icon-diamond-ring-1-3-ct-tw-princess-cut-center-stone,C:\brileent earth\1D005_Icon-Diamond-Ring-_1_3-ct_-tw_-14K-White-Gold-BE1D005-76823319\3d_model\BE1D005_PR_200ct_RENDER.glb
1D005,RA,radiant,icon-diamond-ring-1-3-ct-tw-radiant-cut-center-stone,C:\brileent earth\1D005_Icon-Diamond-Ring-_1_3-ct_-tw_-14K-White-Gold-BE1D005-76823319\3d_model\BE1D005_RA_200ct_RENDER.glb
1D005,RD,round,icon-diamond-ring-1-3-ct-tw-round-center-stone,C:\brileent earth\1D005_Icon-Diamond-Ring-_1_3-ct_-tw_-14K-White-Gold-BE1D005-76823319\3d_model\BE1D005_RD_200ct_RENDER.glb
1D032,AS,asscher,petite-cometa-three-stone-diamond-ring-asscher-cut-center-stone,C:\brileent earth\1D032_Petite-Cometa-Three-Stone-Diamond-Ring-14K-Gold-BE1D032-76788386\3d_model\BE1D032_AS_200ct_RENDER.glb
1D032,CU,cushion,petite-cometa-three-stone-diamond-ring-cushion-cut-center-stone,C:\brileent earth\1D032_Petite-Cometa-Three-Stone-Diamond-Ring-14K-Gold-BE1D032-76788386\3d_model\BE1D032_CU_200ct_RENDER.glb
1D032,EM,emerald,petite-cometa-three-stone-diamond-ring-emerald-cut-center-stone,C:\brileent earth\1D032_Petite-Cometa-Three-Stone-Diamond-Ring-14K-Gold-BE1D032-76788386\3d_model\BE1D032_EM_200ct_RENDER.glb
1D032,MQ,marquise,petite-cometa-three-stone-diamond-ring-marquise-center-stone,C:\brileent earth\1D032_Petite-Cometa-Three-Stone-Diamond-Ring-14K-Gold-BE1D032-76788386\3d_model\BE1D032_MQ_200ct_RENDER.glb
1D032,OV,oval,petite-cometa-three-stone-diamond-ring-oval-center-stone,C:\brileent earth\1D032_Petite-Cometa-Three-Stone-Diamond-Ring-14K-Gold-BE1D032-76788386\3d_model\BE1D032_OV_200ct_RENDER.glb
1D032,PE,pear,petite-cometa-three-stone-diamond-ring-pear-center-stone,C:\brileent earth\1D032_Petite-Cometa-Three-Stone-Diamond-Ring-14K-Gold-BE1D032-76788386\3d_model\BE1D032_PE_200ct_RENDER.glb
1D032,PR,princess,petite-cometa-three-stone-diamond-ring-princess-cut-center-stone,C:\brileent earth\1D032_Petite-Cometa-Three-Stone-Diamond-Ring-14K-Gold-BE1D032-76788386\3d_model\BE1D032_PR_200ct_RENDER.glb
1D032,RA,radiant,petite-cometa-three-stone-diamond-ring-radiant-cut-center-stone,C:\brileent earth\1D032_Petite-Cometa-Three-Stone-Diamond-Ring-14K-Gold-BE1D032-76788386\3d_model\BE1D032_RA_200ct_RENDER.glb
1D032,RD,round,petite-cometa-three-stone-diamond-ring-round-center-stone,C:\brileent earth\1D032_Petite-Cometa-Three-Stone-Diamond-Ring-14K-Gold-BE1D032-76788386\3d_model\BE1D032_RD_200ct_RENDER.glb
1D0525,AS,asscher,primrose-diamond-ring-asscher-cut-center-stone,C:\brileent earth\1D0525_Primrose-Diamond-Ring-Rose-Gold-BE1D0525-6331851\3d_model\BE1D0525_AS_200ct_RENDER.glb
1D0525,CU,cushion,primrose-diamond-ring-cushion-cut-center-stone,C:\brileent earth\1D0525_Primrose-Diamond-Ring-Rose-Gold-BE1D0525-6331851\3d_model\BE1D0525_CU_200ct_RENDER.glb
1D0525,EM,emerald,primrose-diamond-ring-emerald-cut-center-stone,C:\brileent earth\1D0525_Primrose-Diamond-Ring-Rose-Gold-BE1D0525-6331851\3d_model\BE1D0525_EM_200ct_RENDER.glb
1D0525,MQ,marquise,primrose-diamond-ring-marquise-center-stone,C:\brileent earth\1D0525_Primrose-Diamond-Ring-Rose-Gold-BE1D0525-6331851\3d_model\BE1D0525_MQ_200ct_RENDER.glb
1D0525,OV,oval,primrose-diamond-ring-oval-center-stone,C:\brileent earth\1D0525_Primrose-Diamond-Ring-Rose-Gold-BE1D0525-6331851\3d_model\BE1D0525_OV_200ct_RENDER.glb
1D0525,PE,pear,primrose-diamond-ring-pear-center-stone,C:\brileent earth\1D0525_Primrose-Diamond-Ring-Rose-Gold-BE1D0525-6331851\3d_model\BE1D0525_PE_200ct_RENDER.glb
1D0525,PR,princess,primrose-diamond-ring-princess-cut-center-stone,C:\brileent earth\1D0525_Primrose-Diamond-Ring-Rose-Gold-BE1D0525-6331851\3d_model\BE1D0525_PR_200ct_RENDER.glb
1D0525,RA,radiant,primrose-diamond-ring-radiant-cut-center-stone,C:\brileent earth\1D0525_Primrose-Diamond-Ring-Rose-Gold-BE1D0525-6331851\3d_model\BE1D0525_RA_200ct_RENDER.glb
1D0525,RD,round,primrose-diamond-ring-round-center-stone,C:\brileent earth\1D0525_Primrose-Diamond-Ring-Rose-Gold-BE1D0525-6331851\3d_model\BE1D0525_RD_200ct_RENDER.glb
1D0681,AS,asscher,reverie-solitaire-ring-asscher-cut-center-stone,C:\brileent earth\1D0681_Reverie-Solitaire-Ring-14K-Gold-BE1D0681-76788465\3d_model\BE1D0681_AS_200ct_RENDER.glb
1D0681,CU,cushion,reverie-solitaire-ring-cushion-cut-center-stone,C:\brileent earth\1D0681_Reverie-Solitaire-Ring-14K-Gold-BE1D0681-76788465\3d_model\BE1D0681_CU_200ct_RENDER.glb
1D0681,EM,emerald,reverie-solitaire-ring-emerald-cut-center-stone,C:\brileent earth\1D0681_Reverie-Solitaire-Ring-14K-Gold-BE1D0681-76788465\3d_model\BE1D0681_EM_200ct_RENDER.glb
1D0681,OV,oval,reverie-solitaire-ring-oval-center-stone,C:\brileent earth\1D0681_Reverie-Solitaire-Ring-14K-Gold-BE1D0681-76788465\3d_model\BE1D0681_OV_200ct_RENDER.glb
1D0681,PR,princess,reverie-solitaire-ring-princess-cut-center-stone,C:\brileent earth\1D0681_Reverie-Solitaire-Ring-14K-Gold-BE1D0681-76788465\3d_model\BE1D0681_PR_200ct_RENDER.glb
1D0681,RA,radiant,reverie-solitaire-ring-radiant-cut-center-stone,C:\brileent earth\1D0681_Reverie-Solitaire-Ring-14K-Gold-BE1D0681-76788465\3d_model\BE1D0681_RA_200ct_RENDER.glb
1D0681,RD,round,reverie-solitaire-ring-round-center-stone,C:\brileent earth\1D0681_Reverie-Solitaire-Ring-14K-Gold-BE1D0681-76788465\3d_model\BE1D0681_RD_200ct_RENDER.glb
1D1009,AS,asscher,andrea-bezel-prong-ring-asscher-cut-center-stone,C:\brileent earth\1D1009_Andrea-Bezel-Prong-Ring-14K-Gold-BE1D1009-76788518\3d_model\BE1D1009_AS_200ct_RENDER.glb
1D1009,CU,cushion,andrea-bezel-prong-ring-cushion-cut-center-stone,C:\brileent earth\1D1009_Andrea-Bezel-Prong-Ring-14K-Gold-BE1D1009-76788518\3d_model\BE1D1009_CU_200ct_RENDER.glb
1D1009,EM,emerald,andrea-bezel-prong-ring-emerald-cut-center-stone,C:\brileent earth\1D1009_Andrea-Bezel-Prong-Ring-14K-Gold-BE1D1009-76788518\3d_model\BE1D1009_EM_200ct_RENDER.glb
1D1009,HT,heart,andrea-bezel-prong-ring-heart-center-stone,C:\brileent earth\1D1009_Andrea-Bezel-Prong-Ring-14K-Gold-BE1D1009-76788518\3d_model\BE1D1009_HT_200ct_RENDER.glb
1D1009,MQ,marquise,andrea-bezel-prong-ring-marquise-center-stone,C:\brileent earth\1D1009_Andrea-Bezel-Prong-Ring-14K-Gold-BE1D1009-76788518\3d_model\BE1D1009_MQ_200ct_RENDER.glb
1D1009,OV,oval,andrea-bezel-prong-ring-oval-center-stone,C:\brileent earth\1D1009_Andrea-Bezel-Prong-Ring-14K-Gold-BE1D1009-76788518\3d_model\BE1D1009_OV_200ct_RENDER.glb
1D1009,PE,pear,andrea-bezel-prong-ring-pear-center-stone,C:\brileent earth\1D1009_Andrea-Bezel-Prong-Ring-14K-Gold-BE1D1009-76788518\3d_model\BE1D1009_PE_200ct_RENDER.glb
1D1009,PR,princess,andrea-bezel-prong-ring-princess-cut-center-stone,C:\brileent earth\1D1009_Andrea-Bezel-Prong-Ring-14K-Gold-BE1D1009-76788518\3d_model\BE1D1009_PR_200ct_RENDER.glb
1D1009,RA,radiant,andrea-bezel-prong-ring-radiant-cut-center-stone,C:\brileent earth\1D1009_Andrea-Bezel-Prong-Ring-14K-Gold-BE1D1009-76788518\3d_model\BE1D1009_RA_200ct_RENDER.glb
1D1009,RD,round,andrea-bezel-prong-ring-round-center-stone,C:\brileent earth\1D1009_Andrea-Bezel-Prong-Ring-14K-Gold-BE1D1009-76788518\3d_model\BE1D1009_RD_200ct_RENDER.glb
1D1025,AS,asscher,anthology-half-coverage-diamond-ring-1-2-ct-tw-asscher-cut-center-stone,C:\brileent earth\1D1025_Anthology-Half-Coverage-Diamond-Ring-_1_2-ct_-tw_-14K-White-Gold-BE1D1025-76823613\3d_model\BE1D1025_AS_200ct_RENDER.glb
1D1025,CU,cushion,anthology-half-coverage-diamond-ring-1-2-ct-tw-cushion-cut-center-stone,C:\brileent earth\1D1025_Anthology-Half-Coverage-Diamond-Ring-_1_2-ct_-tw_-14K-White-Gold-BE1D1025-76823613\3d_model\BE1D1025_CU_200ct_RENDER.glb
1D1025,EM,emerald,anthology-half-coverage-diamond-ring-1-2-ct-tw-emerald-cut-center-stone,C:\brileent earth\1D1025_Anthology-Half-Coverage-Diamond-Ring-_1_2-ct_-tw_-14K-White-Gold-BE1D1025-76823613\3d_model\BE1D1025_EM_200ct_RENDER.glb
1D1025,MQ,marquise,anthology-half-coverage-diamond-ring-1-2-ct-tw-marquise-center-stone,C:\brileent earth\1D1025_Anthology-Half-Coverage-Diamond-Ring-_1_2-ct_-tw_-14K-White-Gold-BE1D1025-76823613\3d_model\BE1D1025_MQ_200ct_RENDER.glb
1D1025,OV,oval,anthology-half-coverage-diamond-ring-1-2-ct-tw-oval-center-stone,C:\brileent earth\1D1025_Anthology-Half-Coverage-Diamond-Ring-_1_2-ct_-tw_-14K-White-Gold-BE1D1025-76823613\3d_model\BE1D1025_OV_200ct_RENDER.glb
1D1025,PE,pear,anthology-half-coverage-diamond-ring-1-2-ct-tw-pear-center-stone,C:\brileent earth\1D1025_Anthology-Half-Coverage-Diamond-Ring-_1_2-ct_-tw_-14K-White-Gold-BE1D1025-76823613\3d_model\BE1D1025_PE_200ct_RENDER.glb
1D1025,PR,princess,anthology-half-coverage-diamond-ring-1-2-ct-tw-princess-cut-center-stone,C:\brileent earth\1D1025_Anthology-Half-Coverage-Diamond-Ring-_1_2-ct_-tw_-14K-White-Gold-BE1D1025-76823613\3d_model\BE1D1025_PR_200ct_RENDER.glb
1D1025,RA,radiant,anthology-half-coverage-diamond-ring-1-2-ct-tw-radiant-cut-center-stone,C:\brileent earth\1D1025_Anthology-Half-Coverage-Diamond-Ring-_1_2-ct_-tw_-14K-White-Gold-BE1D1025-76823613\3d_model\BE1D1025_RA_200ct_RENDER.glb
1D1025,RD,round,anthology-half-coverage-diamond-ring-1-2-ct-tw-round-center-stone,C:\brileent earth\1D1025_Anthology-Half-Coverage-Diamond-Ring-_1_2-ct_-tw_-14K-White-Gold-BE1D1025-76823613\3d_model\BE1D1025_RD_200ct_RENDER.glb
1D1125,AS,asscher,opera-perfect-fit-diamond-ring-asscher-cut-center-stone,C:\brileent earth\1D1125_Opera-Perfect-Fit-Diamond-Ring-14K-Gold-BE1D1125-76788387\3d_model\BE1D1125_AS_200ct_RENDER.glb
1D1125,CU,cushion,opera-perfect-fit-diamond-ring-cushion-cut-center-stone,C:\brileent earth\1D1125_Opera-Perfect-Fit-Diamond-Ring-14K-Gold-BE1D1125-76788387\3d_model\BE1D1125_CU_200ct_RENDER.glb
1D1125,EM,emerald,opera-perfect-fit-diamond-ring-emerald-cut-center-stone,C:\brileent earth\1D1125_Opera-Perfect-Fit-Diamond-Ring-14K-Gold-BE1D1125-76788387\3d_model\BE1D1125_EM_200ct_RENDER.glb
1D1125,MQ,marquise,opera-perfect-fit-diamond-ring-marquise-center-stone,C:\brileent earth\1D1125_Opera-Perfect-Fit-Diamond-Ring-14K-Gold-BE1D1125-76788387\3d_model\BE1D1125_MQ_200ct_RENDER.glb
1D1125,OV,oval,opera-perfect-fit-diamond-ring-oval-center-stone,C:\brileent earth\1D1125_Opera-Perfect-Fit-Diamond-Ring-14K-Gold-BE1D1125-76788387\3d_model\BE1D1125_OV_200ct_RENDER.glb
1D1125,PE,pear,opera-perfect-fit-diamond-ring-pear-center-stone,C:\brileent earth\1D1125_Opera-Perfect-Fit-Diamond-Ring-14K-Gold-BE1D1125-76788387\3d_model\BE1D1125_PE_200ct_RENDER.glb
1D1125,PR,princess,opera-perfect-fit-diamond-ring-princess-cut-center-stone,C:\brileent earth\1D1125_Opera-Perfect-Fit-Diamond-Ring-14K-Gold-BE1D1125-76788387\3d_model\BE1D1125_PR_200ct_RENDER.glb
1D1125,RA,radiant,opera-perfect-fit-diamond-ring-radiant-cut-center-stone,C:\brileent earth\1D1125_Opera-Perfect-Fit-Diamond-Ring-14K-Gold-BE1D1125-76788387\3d_model\BE1D1125_RA_200ct_RENDER.glb
1D1125,RD,round,opera-perfect-fit-diamond-ring-round-center-stone,C:\brileent earth\1D1125_Opera-Perfect-Fit-Diamond-Ring-14K-Gold-BE1D1125-76788387\3d_model\BE1D1125_RD_200ct_RENDER.glb
1D1128,MQ,marquise,luxe-delilah-three-stone-pear-diamond-ring-marquise-center-stone,C:\brileent earth\1D1128_Luxe-Delilah-Three-Stone-Pear-Diamond-Ring-14K-White-Gold-BE1D1128-76788496\3d_model\BE1D1128_MQ_200ct_RENDER.glb
1D1128,OV,oval,luxe-delilah-three-stone-pear-diamond-ring-oval-center-stone,C:\brileent earth\1D1128_Luxe-Delilah-Three-Stone-Pear-Diamond-Ring-14K-White-Gold-BE1D1128-76788496\3d_model\BE1D1128_OV_200ct_RENDER.glb
1D1128,PE,pear,luxe-delilah-three-stone-pear-diamond-ring-marquise-center-stone,C:\brileent earth\1D1128_Luxe-Delilah-Three-Stone-Pear-Diamond-Ring-14K-White-Gold-BE1D1128-76788496\3d_model\BE1D1128_PE_200ct_RENDER.glb
1D1128,RD,round,luxe-delilah-three-stone-pear-diamond-ring-round-center-stone,C:\brileent earth\1D1128_Luxe-Delilah-Three-Stone-Pear-Diamond-Ring-14K-White-Gold-BE1D1128-76788496\3d_model\BE1D1128_RD_200ct_RENDER.glb
1D122,AS,asscher,floating-three-stone-diamond-ring-asscher-cut-center-stone,C:\brileent earth\1D122_Floating-Three-Stone-Diamond-Ring-14K-Gold-BE1D122-76787066\3d_model\BE1D122_AS_200ct_RENDER.glb
1D122,CU,cushion,floating-three-stone-diamond-ring-cushion-cut-center-stone,C:\brileent earth\1D122_Floating-Three-Stone-Diamond-Ring-14K-Gold-BE1D122-76787066\3d_model\BE1D122_CU_200ct_RENDER.glb
1D122,EM,emerald,floating-three-stone-diamond-ring-emerald-cut-center-stone,C:\brileent earth\1D122_Floating-Three-Stone-Diamond-Ring-14K-Gold-BE1D122-76787066\3d_model\BE1D122_EM_200ct_RENDER.glb
1D122,MQ,marquise,floating-three-stone-diamond-ring-marquise-center-stone,C:\brileent earth\1D122_Floating-Three-Stone-Diamond-Ring-14K-Gold-BE1D122-76787066\3d_model\BE1D122_MQ_200ct_RENDER.glb
1D122,OV,oval,floating-three-stone-diamond-ring-oval-center-stone,C:\brileent earth\1D122_Floating-Three-Stone-Diamond-Ring-14K-Gold-BE1D122-76787066\3d_model\BE1D122_OV_200ct_RENDER.glb
1D122,PR,princess,floating-three-stone-diamond-ring-princess-cut-center-stone,C:\brileent earth\1D122_Floating-Three-Stone-Diamond-Ring-14K-Gold-BE1D122-76787066\3d_model\BE1D122_PR_200ct_RENDER.glb
1D122,RA,radiant,floating-three-stone-diamond-ring-radiant-cut-center-stone,C:\brileent earth\1D122_Floating-Three-Stone-Diamond-Ring-14K-Gold-BE1D122-76787066\3d_model\BE1D122_RA_200ct_RENDER.glb
1D122,RD,round,floating-three-stone-diamond-ring-round-center-stone,C:\brileent earth\1D122_Floating-Three-Stone-Diamond-Ring-14K-Gold-BE1D122-76787066\3d_model\BE1D122_RD_200ct_RENDER.glb
1D1230,AS,asscher,perfect-fit-three-quarter-diamond-ring-1-4-ct-tw-asscher-cut-center-stone,C:\brileent earth\1D1230_Perfect-Fit-Three-Quarter-Diamond-Ring-_1_4-ct_-tw_-14K-White-Gold-BE1D1230-76823233\3d_model\BE1D1230_AS_200ct_RENDER.glb
1D1230,CU,cushion,perfect-fit-three-quarter-diamond-ring-1-4-ct-tw-cushion-cut-center-stone,C:\brileent earth\1D1230_Perfect-Fit-Three-Quarter-Diamond-Ring-_1_4-ct_-tw_-14K-White-Gold-BE1D1230-76823233\3d_model\BE1D1230_CU_200ct_RENDER.glb
1D1230,EM,emerald,perfect-fit-three-quarter-diamond-ring-1-4-ct-tw-emerald-cut-center-stone,C:\brileent earth\1D1230_Perfect-Fit-Three-Quarter-Diamond-Ring-_1_4-ct_-tw_-14K-White-Gold-BE1D1230-76823233\3d_model\BE1D1230_EM_200ct_RENDER.glb
1D1230,HT,heart,perfect-fit-three-quarter-diamond-ring-1-4-ct-tw-heart-center-stone,C:\brileent earth\1D1230_Perfect-Fit-Three-Quarter-Diamond-Ring-_1_4-ct_-tw_-14K-White-Gold-BE1D1230-76823233\3d_model\BE1D1230_HT_200ct_RENDER.glb
1D1230,MQ,marquise,perfect-fit-three-quarter-diamond-ring-1-4-ct-tw-marquise-center-stone,C:\brileent earth\1D1230_Perfect-Fit-Three-Quarter-Diamond-Ring-_1_4-ct_-tw_-14K-White-Gold-BE1D1230-76823233\3d_model\BE1D1230_MQ_200ct_RENDER.glb
1D1230,OV,oval,perfect-fit-three-quarter-diamond-ring-1-4-ct-tw-oval-center-stone,C:\brileent earth\1D1230_Perfect-Fit-Three-Quarter-Diamond-Ring-_1_4-ct_-tw_-14K-White-Gold-BE1D1230-76823233\3d_model\BE1D1230_OV_200ct_RENDER.glb
1D1230,PE,pear,perfect-fit-three-quarter-diamond-ring-1-4-ct-tw-pear-center-stone,C:\brileent earth\1D1230_Perfect-Fit-Three-Quarter-Diamond-Ring-_1_4-ct_-tw_-14K-White-Gold-BE1D1230-76823233\3d_model\BE1D1230_PE_200ct_RENDER.glb
1D1230,PR,princess,perfect-fit-three-quarter-diamond-ring-1-4-ct-tw-princess-cut-center-stone,C:\brileent earth\1D1230_Perfect-Fit-Three-Quarter-Diamond-Ring-_1_4-ct_-tw_-14K-White-Gold-BE1D1230-76823233\3d_model\BE1D1230_PR_200ct_RENDER.glb
1D1230,RA,radiant,perfect-fit-three-quarter-diamond-ring-1-4-ct-tw-radiant-cut-center-stone,C:\brileent earth\1D1230_Perfect-Fit-Three-Quarter-Diamond-Ring-_1_4-ct_-tw_-14K-White-Gold-BE1D1230-76823233\3d_model\BE1D1230_RA_200ct_RENDER.glb
1D1230,RD,round,perfect-fit-three-quarter-diamond-ring-1-4-ct-tw-round-center-stone,C:\brileent earth\1D1230_Perfect-Fit-Three-Quarter-Diamond-Ring-_1_4-ct_-tw_-14K-White-Gold-BE1D1230-76823233\3d_model\BE1D1230_RD_200ct_RENDER.glb
1D1234,AS,asscher,petite-twisted-vine-hidden-halo-pav-diamond-ring-asscher-cut-center-stone,C:\brileent earth\1D1234_Petite-Twisted-Vine-Hidden-Halo-PavÃ©-Diamond-Ring-14K-White-Gold-BE1D1234-76789213\3d_model\BE1D1234_AS_200ct_RENDER.glb
1D1234,CU,cushion,petite-twisted-vine-hidden-halo-pav-diamond-ring-cushion-cut-center-stone,C:\brileent earth\1D1234_Petite-Twisted-Vine-Hidden-Halo-PavÃ©-Diamond-Ring-14K-White-Gold-BE1D1234-76789213\3d_model\BE1D1234_CU_200ct_RENDER.glb
1D1234,EM,emerald,petite-twisted-vine-hidden-halo-pav-diamond-ring-emerald-cut-center-stone,C:\brileent earth\1D1234_Petite-Twisted-Vine-Hidden-Halo-PavÃ©-Diamond-Ring-14K-White-Gold-BE1D1234-76789213\3d_model\BE1D1234_EM_200ct_RENDER.glb
1D1234,MQ,marquise,petite-twisted-vine-hidden-halo-pav-diamond-ring-marquise-center-stone,C:\brileent earth\1D1234_Petite-Twisted-Vine-Hidden-Halo-PavÃ©-Diamond-Ring-14K-White-Gold-BE1D1234-76789213\3d_model\BE1D1234_MQ_200ct_RENDER.glb
1D1234,OV,oval,petite-twisted-vine-hidden-halo-pav-diamond-ring-oval-center-stone,C:\brileent earth\1D1234_Petite-Twisted-Vine-Hidden-Halo-PavÃ©-Diamond-Ring-14K-White-Gold-BE1D1234-76789213\3d_model\BE1D1234_OV_200ct_RENDER.glb
1D1234,PE,pear,petite-twisted-vine-hidden-halo-pav-diamond-ring-pear-center-stone,C:\brileent earth\1D1234_Petite-Twisted-Vine-Hidden-Halo-PavÃ©-Diamond-Ring-14K-White-Gold-BE1D1234-76789213\3d_model\BE1D1234_PE_200ct_RENDER.glb
1D1234,PR,princess,petite-twisted-vine-hidden-halo-pav-diamond-ring-princess-cut-center-stone,C:\brileent earth\1D1234_Petite-Twisted-Vine-Hidden-Halo-PavÃ©-Diamond-Ring-14K-White-Gold-BE1D1234-76789213\3d_model\BE1D1234_PR_200ct_RENDER.glb
1D1234,RA,radiant,petite-twisted-vine-hidden-halo-pav-diamond-ring-radiant-cut-center-stone,C:\brileent earth\1D1234_Petite-Twisted-Vine-Hidden-Halo-PavÃ©-Diamond-Ring-14K-White-Gold-BE1D1234-76789213\3d_model\BE1D1234_RA_200ct_RENDER.glb
1D1234,RD,round,petite-twisted-vine-hidden-halo-pav-diamond-ring-round-center-stone,C:\brileent earth\1D1234_Petite-Twisted-Vine-Hidden-Halo-PavÃ©-Diamond-Ring-14K-White-Gold-BE1D1234-76789213\3d_model\BE1D1234_RD_200ct_RENDER.glb
1D1260,AS,asscher,viviana-half-coverage-diamond-ring-asscher-cut-center-stone,C:\brileent earth\1D1260_Viviana-Half-Coverage-Diamond-Ring-14K-White-Gold-BE1D1260-76788527\3d_model\BE1D1260_AS_200ct_RENDER.glb
1D1260,CU,cushion,viviana-half-coverage-diamond-ring-cushion-cut-center-stone,C:\brileent earth\1D1260_Viviana-Half-Coverage-Diamond-Ring-14K-White-Gold-BE1D1260-76788527\3d_model\BE1D1260_CU_200ct_RENDER.glb
1D1260,EM,emerald,viviana-half-coverage-diamond-ring-emerald-cut-center-stone,C:\brileent earth\1D1260_Viviana-Half-Coverage-Diamond-Ring-14K-White-Gold-BE1D1260-76788527\3d_model\BE1D1260_EM_200ct_RENDER.glb
1D1260,MQ,marquise,viviana-half-coverage-diamond-ring-marquise-center-stone,C:\brileent earth\1D1260_Viviana-Half-Coverage-Diamond-Ring-14K-White-Gold-BE1D1260-76788527\3d_model\BE1D1260_MQ_200ct_RENDER.glb
1D1260,OV,oval,viviana-half-coverage-diamond-ring-oval-center-stone,C:\brileent earth\1D1260_Viviana-Half-Coverage-Diamond-Ring-14K-White-Gold-BE1D1260-76788527\3d_model\BE1D1260_OV_200ct_RENDER.glb
1D1260,PE,pear,viviana-half-coverage-diamond-ring-pear-center-stone,C:\brileent earth\1D1260_Viviana-Half-Coverage-Diamond-Ring-14K-White-Gold-BE1D1260-76788527\3d_model\BE1D1260_PE_200ct_RENDER.glb
1D1260,PR,princess,viviana-half-coverage-diamond-ring-princess-cut-center-stone,C:\brileent earth\1D1260_Viviana-Half-Coverage-Diamond-Ring-14K-White-Gold-BE1D1260-76788527\3d_model\BE1D1260_PR_200ct_RENDER.glb
1D1260,RA,radiant,viviana-half-coverage-diamond-ring-radiant-cut-center-stone,C:\brileent earth\1D1260_Viviana-Half-Coverage-Diamond-Ring-14K-White-Gold-BE1D1260-76788527\3d_model\BE1D1260_RA_200ct_RENDER.glb
1D1260,RD,round,viviana-half-coverage-diamond-ring-round-center-stone,C:\brileent earth\1D1260_Viviana-Half-Coverage-Diamond-Ring-14K-White-Gold-BE1D1260-76788527\3d_model\BE1D1260_RD_200ct_RENDER.glb
1D129,AS,asscher,viviana-three-quarter-coverage-diamond-ring-asscher-cut-center-stone,C:\brileent earth\1D129_Viviana-Three-Quarter-Coverage-Diamond-Ring-14K-White-Gold-BE1D129-76788406\3d_model\BE1D129_AS_200ct_RENDER.glb
1D129,CU,cushion,viviana-three-quarter-coverage-diamond-ring-cushion-cut-center-stone,C:\brileent earth\1D129_Viviana-Three-Quarter-Coverage-Diamond-Ring-14K-White-Gold-BE1D129-76788406\3d_model\BE1D129_CU_200ct_RENDER.glb
1D129,EM,emerald,viviana-three-quarter-coverage-diamond-ring-emerald-cut-center-stone,C:\brileent earth\1D129_Viviana-Three-Quarter-Coverage-Diamond-Ring-14K-White-Gold-BE1D129-76788406\3d_model\BE1D129_EM_200ct_RENDER.glb
1D129,HT,heart,viviana-three-quarter-coverage-diamond-ring-heart-center-stone,C:\brileent earth\1D129_Viviana-Three-Quarter-Coverage-Diamond-Ring-14K-White-Gold-BE1D129-76788406\3d_model\BE1D129_HT_200ct_RENDER.glb
1D129,MQ,marquise,viviana-three-quarter-coverage-diamond-ring-marquise-center-stone,C:\brileent earth\1D129_Viviana-Three-Quarter-Coverage-Diamond-Ring-14K-White-Gold-BE1D129-76788406\3d_model\BE1D129_MQ_200ct_RENDER.glb
1D129,OV,oval,viviana-three-quarter-coverage-diamond-ring-oval-center-stone,C:\brileent earth\1D129_Viviana-Three-Quarter-Coverage-Diamond-Ring-14K-White-Gold-BE1D129-76788406\3d_model\BE1D129_OV_200ct_RENDER.glb
1D129,PE,pear,viviana-three-quarter-coverage-diamond-ring-pear-center-stone,C:\brileent earth\1D129_Viviana-Three-Quarter-Coverage-Diamond-Ring-14K-White-Gold-BE1D129-76788406\3d_model\BE1D129_PE_200ct_RENDER.glb
1D129,PR,princess,viviana-three-quarter-coverage-diamond-ring-princess-cut-center-stone,C:\brileent earth\1D129_Viviana-Three-Quarter-Coverage-Diamond-Ring-14K-White-Gold-BE1D129-76788406\3d_model\BE1D129_PR_200ct_RENDER.glb
1D129,RA,radiant,viviana-three-quarter-coverage-diamond-ring-radiant-cut-center-stone,C:\brileent earth\1D129_Viviana-Three-Quarter-Coverage-Diamond-Ring-14K-White-Gold-BE1D129-76788406\3d_model\BE1D129_RA_200ct_RENDER.glb
1D129,RD,round,viviana-three-quarter-coverage-diamond-ring-round-center-stone,C:\brileent earth\1D129_Viviana-Three-Quarter-Coverage-Diamond-Ring-14K-White-Gold-BE1D129-76788406\3d_model\BE1D129_RD_200ct_RENDER.glb
1D13065,AS,asscher,secret-halo-1-5mm-diamond-ring-asscher-cut-center-stone,C:\brileent earth\1D13065_Secret-Halo-1_5mm-Diamond-Ring-14K-Gold-BE1D13065-76823478\3d_model\BE1D13065_AS_200ct_RENDER.glb
1D13065,CU,cushion,secret-halo-1-5mm-diamond-ring-cushion-cut-center-stone,C:\brileent earth\1D13065_Secret-Halo-1_5mm-Diamond-Ring-14K-Gold-BE1D13065-76823478\3d_model\BE1D13065_CU_200ct_RENDER.glb
1D13065,EM,emerald,secret-halo-1-5mm-diamond-ring-emerald-cut-center-stone,C:\brileent earth\1D13065_Secret-Halo-1_5mm-Diamond-Ring-14K-Gold-BE1D13065-76823478\3d_model\BE1D13065_EM_200ct_RENDER.glb
1D13065,HT,heart,secret-halo-1-5mm-diamond-ring-heart-center-stone,C:\brileent earth\1D13065_Secret-Halo-1_5mm-Diamond-Ring-14K-Gold-BE1D13065-76823478\3d_model\BE1D13065_HT_200ct_RENDER.glb
1D13065,MQ,marquise,secret-halo-1-5mm-diamond-ring-marquise-center-stone,C:\brileent earth\1D13065_Secret-Halo-1_5mm-Diamond-Ring-14K-Gold-BE1D13065-76823478\3d_model\BE1D13065_MQ_200ct_RENDER.glb
1D13065,OV,oval,secret-halo-1-5mm-diamond-ring-oval-center-stone,C:\brileent earth\1D13065_Secret-Halo-1_5mm-Diamond-Ring-14K-Gold-BE1D13065-76823478\3d_model\BE1D13065_OV_200ct_RENDER.glb
1D13065,PE,pear,secret-halo-1-5mm-diamond-ring-pear-center-stone,C:\brileent earth\1D13065_Secret-Halo-1_5mm-Diamond-Ring-14K-Gold-BE1D13065-76823478\3d_model\BE1D13065_PE_200ct_RENDER.glb
1D13065,PR,princess,secret-halo-1-5mm-diamond-ring-princess-cut-center-stone,C:\brileent earth\1D13065_Secret-Halo-1_5mm-Diamond-Ring-14K-Gold-BE1D13065-76823478\3d_model\BE1D13065_PR_200ct_RENDER.glb
1D13065,RA,radiant,secret-halo-1-5mm-diamond-ring-radiant-cut-center-stone,C:\brileent earth\1D13065_Secret-Halo-1_5mm-Diamond-Ring-14K-Gold-BE1D13065-76823478\3d_model\BE1D13065_RA_200ct_RENDER.glb
1D13065,RD,round,secret-halo-1-5mm-diamond-ring-round-center-stone,C:\brileent earth\1D13065_Secret-Halo-1_5mm-Diamond-Ring-14K-Gold-BE1D13065-76823478\3d_model\BE1D13065_RD_200ct_RENDER.glb
1D1320,AS,asscher,demi-half-coverage-diamond-ring-1-5-ct-tw-asscher-cut-center-stone,C:\brileent earth\1D1320_Demi-Half-Coverage-Diamond-Ring-_1_5-ct_-tw_-14K-White-Gold-BE1D1320-76820375\3d_model\BE1D1320_AS_200ct_RENDER.glb
1D1320,CU,cushion,demi-half-coverage-diamond-ring-1-5-ct-tw-cushion-cut-center-stone,C:\brileent earth\1D1320_Demi-Half-Coverage-Diamond-Ring-_1_5-ct_-tw_-14K-White-Gold-BE1D1320-76820375\3d_model\BE1D1320_CU_200ct_RENDER.glb
1D1320,EM,emerald,demi-half-coverage-diamond-ring-1-5-ct-tw-emerald-cut-center-stone,C:\brileent earth\1D1320_Demi-Half-Coverage-Diamond-Ring-_1_5-ct_-tw_-14K-White-Gold-BE1D1320-76820375\3d_model\BE1D1320_EM_200ct_RENDER.glb
1D1320,HT,heart,demi-half-coverage-diamond-ring-1-5-ct-tw-heart-center-stone,C:\brileent earth\1D1320_Demi-Half-Coverage-Diamond-Ring-_1_5-ct_-tw_-14K-White-Gold-BE1D1320-76820375\3d_model\BE1D1320_HT_200ct_RENDER.glb
1D1320,MQ,marquise,demi-half-coverage-diamond-ring-1-5-ct-tw-marquise-center-stone,C:\brileent earth\1D1320_Demi-Half-Coverage-Diamond-Ring-_1_5-ct_-tw_-14K-White-Gold-BE1D1320-76820375\3d_model\BE1D1320_MQ_200ct_RENDER.glb
1D1320,OV,oval,demi-half-coverage-diamond-ring-1-5-ct-tw-oval-center-stone,C:\brileent earth\1D1320_Demi-Half-Coverage-Diamond-Ring-_1_5-ct_-tw_-14K-White-Gold-BE1D1320-76820375\3d_model\BE1D1320_OV_200ct_RENDER.glb
1D1320,PE,pear,demi-half-coverage-diamond-ring-1-5-ct-tw-pear-center-stone,C:\brileent earth\1D1320_Demi-Half-Coverage-Diamond-Ring-_1_5-ct_-tw_-14K-White-Gold-BE1D1320-76820375\3d_model\BE1D1320_PE_200ct_RENDER.glb
1D1320,PR,princess,demi-half-coverage-diamond-ring-1-5-ct-tw-princess-cut-center-stone,C:\brileent earth\1D1320_Demi-Half-Coverage-Diamond-Ring-_1_5-ct_-tw_-14K-White-Gold-BE1D1320-76820375\3d_model\BE1D1320_PR_200ct_RENDER.glb
1D1320,RA,radiant,demi-half-coverage-diamond-ring-1-5-ct-tw-radiant-cut-center-stone,C:\brileent earth\1D1320_Demi-Half-Coverage-Diamond-Ring-_1_5-ct_-tw_-14K-White-Gold-BE1D1320-76820375\3d_model\BE1D1320_RA_200ct_RENDER.glb
1D1320,RD,round,demi-half-coverage-diamond-ring-1-5-ct-tw-round-center-stone,C:\brileent earth\1D1320_Demi-Half-Coverage-Diamond-Ring-_1_5-ct_-tw_-14K-White-Gold-BE1D1320-76820375\3d_model\BE1D1320_RD_200ct_RENDER.glb
1D1349,AS,asscher,petite-twisted-willow-diamond-ring-asscher-cut-center-stone,C:\brileent earth\1D1349_Petite-Twisted-Willow-Diamond-Ring-14K-White-Gold-BE1D1349-76786025\3d_model\BE1D1349_AS_200ct_RENDER.glb
1D1349,CU,cushion,petite-twisted-willow-diamond-ring-cushion-cut-center-stone,C:\brileent earth\1D1349_Petite-Twisted-Willow-Diamond-Ring-14K-White-Gold-BE1D1349-76786025\3d_model\BE1D1349_CU_200ct_RENDER.glb
1D1349,EM,emerald,petite-twisted-willow-diamond-ring-emerald-cut-center-stone,C:\brileent earth\1D1349_Petite-Twisted-Willow-Diamond-Ring-14K-White-Gold-BE1D1349-76786025\3d_model\BE1D1349_EM_200ct_RENDER.glb
1D1349,HT,heart,petite-twisted-willow-diamond-ring-heart-center-stone,C:\brileent earth\1D1349_Petite-Twisted-Willow-Diamond-Ring-14K-White-Gold-BE1D1349-76786025\3d_model\BE1D1349_HT_200ct_RENDER.glb
1D1349,MQ,marquise,petite-twisted-willow-diamond-ring-marquise-center-stone,C:\brileent earth\1D1349_Petite-Twisted-Willow-Diamond-Ring-14K-White-Gold-BE1D1349-76786025\3d_model\BE1D1349_MQ_200ct_RENDER.glb
1D1349,OV,oval,petite-twisted-willow-diamond-ring-oval-center-stone,C:\brileent earth\1D1349_Petite-Twisted-Willow-Diamond-Ring-14K-White-Gold-BE1D1349-76786025\3d_model\BE1D1349_OV_200ct_RENDER.glb
1D1349,PE,pear,petite-twisted-willow-diamond-ring-pear-center-stone,C:\brileent earth\1D1349_Petite-Twisted-Willow-Diamond-Ring-14K-White-Gold-BE1D1349-76786025\3d_model\BE1D1349_PE_200ct_RENDER.glb
1D1349,PR,princess,petite-twisted-willow-diamond-ring-princess-cut-center-stone,C:\brileent earth\1D1349_Petite-Twisted-Willow-Diamond-Ring-14K-White-Gold-BE1D1349-76786025\3d_model\BE1D1349_PR_200ct_RENDER.glb
1D1349,RA,radiant,petite-twisted-willow-diamond-ring-radiant-cut-center-stone,C:\brileent earth\1D1349_Petite-Twisted-Willow-Diamond-Ring-14K-White-Gold-BE1D1349-76786025\3d_model\BE1D1349_RA_200ct_RENDER.glb
1D1349,RD,round,petite-twisted-willow-diamond-ring-round-center-stone,C:\brileent earth\1D1349_Petite-Twisted-Willow-Diamond-Ring-14K-White-Gold-BE1D1349-76786025\3d_model\BE1D1349_RD_200ct_RENDER.glb
1D1392,AS,asscher,ellora-three-quarter-coverage-diamond-ring-asscher-cut-center-stone,C:\brileent earth\1D1392_Ellora-Three-Quarter-Coverage-Diamond-Ring-14K-White-Gold-BE1D1392-76820329\3d_model\BE1D1392_AS_200ct_RENDER.glb
1D1392,CU,cushion,ellora-three-quarter-coverage-diamond-ring-cushion-cut-center-stone,C:\brileent earth\1D1392_Ellora-Three-Quarter-Coverage-Diamond-Ring-14K-White-Gold-BE1D1392-76820329\3d_model\BE1D1392_CU_200ct_RENDER.glb
1D1392,EM,emerald,ellora-three-quarter-coverage-diamond-ring-emerald-cut-center-stone,C:\brileent earth\1D1392_Ellora-Three-Quarter-Coverage-Diamond-Ring-14K-White-Gold-BE1D1392-76820329\3d_model\BE1D1392_EM_200ct_RENDER.glb
1D1392,HT,heart,ellora-three-quarter-coverage-diamond-ring-heart-center-stone,C:\brileent earth\1D1392_Ellora-Three-Quarter-Coverage-Diamond-Ring-14K-White-Gold-BE1D1392-76820329\3d_model\BE1D1392_HT_200ct_RENDER.glb
1D1392,MQ,marquise,ellora-three-quarter-coverage-diamond-ring-marquise-center-stone,C:\brileent earth\1D1392_Ellora-Three-Quarter-Coverage-Diamond-Ring-14K-White-Gold-BE1D1392-76820329\3d_model\BE1D1392_MQ_200ct_RENDER.glb
1D1392,OV,oval,ellora-three-quarter-coverage-diamond-ring-oval-center-stone,C:\brileent earth\1D1392_Ellora-Three-Quarter-Coverage-Diamond-Ring-14K-White-Gold-BE1D1392-76820329\3d_model\BE1D1392_OV_200ct_RENDER.glb
1D1392,PE,pear,ellora-three-quarter-coverage-diamond-ring-pear-center-stone,C:\brileent earth\1D1392_Ellora-Three-Quarter-Coverage-Diamond-Ring-14K-White-Gold-BE1D1392-76820329\3d_model\BE1D1392_PE_200ct_RENDER.glb
1D1392,PR,princess,ellora-three-quarter-coverage-diamond-ring-princess-cut-center-stone,C:\brileent earth\1D1392_Ellora-Three-Quarter-Coverage-Diamond-Ring-14K-White-Gold-BE1D1392-76820329\3d_model\BE1D1392_PR_200ct_RENDER.glb
1D1392,RA,radiant,ellora-three-quarter-coverage-diamond-ring-radiant-cut-center-stone,C:\brileent earth\1D1392_Ellora-Three-Quarter-Coverage-Diamond-Ring-14K-White-Gold-BE1D1392-76820329\3d_model\BE1D1392_RA_200ct_RENDER.glb
1D1392,RD,round,ellora-three-quarter-coverage-diamond-ring-round-center-stone,C:\brileent earth\1D1392_Ellora-Three-Quarter-Coverage-Diamond-Ring-14K-White-Gold-BE1D1392-76820329\3d_model\BE1D1392_RD_200ct_RENDER.glb
1D1414,HT,heart,bliss-six-prong-diamond-ring-1-6-ct-tw-heart-center-stone,C:\brileent earth\1D1414_Bliss-Six-Prong-Diamond-Ring-_1_6-ct_-tw_-14K-White-Gold-BE1D1414-76788363\3d_model\BE1D1414_HT_200ct_RENDER.glb
1D1414,MQ,marquise,bliss-six-prong-diamond-ring-1-6-ct-tw-marquise-center-stone,C:\brileent earth\1D1414_Bliss-Six-Prong-Diamond-Ring-_1_6-ct_-tw_-14K-White-Gold-BE1D1414-76788363\3d_model\BE1D1414_MQ_200ct_RENDER.glb
1D1414,OV,oval,bliss-six-prong-diamond-ring-1-6-ct-tw-oval-center-stone,C:\brileent earth\1D1414_Bliss-Six-Prong-Diamond-Ring-_1_6-ct_-tw_-14K-White-Gold-BE1D1414-76788363\3d_model\BE1D1414_OV_200ct_RENDER.glb
1D1414,PE,pear,bliss-six-prong-diamond-ring-1-6-ct-tw-pear-center-stone,C:\brileent earth\1D1414_Bliss-Six-Prong-Diamond-Ring-_1_6-ct_-tw_-14K-White-Gold-BE1D1414-76788363\3d_model\BE1D1414_PE_200ct_RENDER.glb
1D1414,RD,round,bliss-six-prong-diamond-ring-1-6-ct-tw-round-center-stone,C:\brileent earth\1D1414_Bliss-Six-Prong-Diamond-Ring-_1_6-ct_-tw_-14K-White-Gold-BE1D1414-76788363\3d_model\BE1D1414_RD_200ct_RENDER.glb
1D1416,AS,asscher,luxe-sunburst-halo-diamond-ring-1-2-ct-tw-asscher-cut-center-stone,C:\brileent earth\1D1416_Luxe-Sunburst-Halo-Diamond-Ring-_1_2-ct_-tw_-14K-Gold-BE1D1416-76788311\3d_model\BE1D1416_AS_200ct_RENDER.glb
1D1416,CU,cushion,luxe-sunburst-halo-diamond-ring-1-2-ct-tw-cushion-cut-center-stone,C:\brileent earth\1D1416_Luxe-Sunburst-Halo-Diamond-Ring-_1_2-ct_-tw_-14K-Gold-BE1D1416-76788311\3d_model\BE1D1416_CU_200ct_RENDER.glb
1D1416,EM,emerald,luxe-sunburst-halo-diamond-ring-1-2-ct-tw-emerald-cut-center-stone,C:\brileent earth\1D1416_Luxe-Sunburst-Halo-Diamond-Ring-_1_2-ct_-tw_-14K-Gold-BE1D1416-76788311\3d_model\BE1D1416_EM_200ct_RENDER.glb
1D1416,MQ,marquise,luxe-sunburst-halo-diamond-ring-1-2-ct-tw-marquise-center-stone,C:\brileent earth\1D1416_Luxe-Sunburst-Halo-Diamond-Ring-_1_2-ct_-tw_-14K-Gold-BE1D1416-76788311\3d_model\BE1D1416_MQ_200ct_RENDER.glb
1D1416,OV,oval,luxe-sunburst-halo-diamond-ring-1-2-ct-tw-oval-center-stone,C:\brileent earth\1D1416_Luxe-Sunburst-Halo-Diamond-Ring-_1_2-ct_-tw_-14K-Gold-BE1D1416-76788311\3d_model\BE1D1416_OV_200ct_RENDER.glb
1D1416,PE,pear,luxe-sunburst-halo-diamond-ring-1-2-ct-tw-pear-center-stone,C:\brileent earth\1D1416_Luxe-Sunburst-Halo-Diamond-Ring-_1_2-ct_-tw_-14K-Gold-BE1D1416-76788311\3d_model\BE1D1416_PE_200ct_RENDER.glb
1D1416,PR,princess,luxe-sunburst-halo-diamond-ring-1-2-ct-tw-princess-cut-center-stone,C:\brileent earth\1D1416_Luxe-Sunburst-Halo-Diamond-Ring-_1_2-ct_-tw_-14K-Gold-BE1D1416-76788311\3d_model\BE1D1416_PR_200ct_RENDER.glb
1D1416,RA,radiant,luxe-sunburst-halo-diamond-ring-1-2-ct-tw-radiant-cut-center-stone,C:\brileent earth\1D1416_Luxe-Sunburst-Halo-Diamond-Ring-_1_2-ct_-tw_-14K-Gold-BE1D1416-76788311\3d_model\BE1D1416_RA_200ct_RENDER.glb
1D1416,RD,round,luxe-sunburst-halo-diamond-ring-1-2-ct-tw-round-center-stone,C:\brileent earth\1D1416_Luxe-Sunburst-Halo-Diamond-Ring-_1_2-ct_-tw_-14K-Gold-BE1D1416-76788311\3d_model\BE1D1416_RD_200ct_RENDER.glb
1D1420,AS,asscher,sienna-half-coverage-diamond-ring-asscher-cut-center-stone,C:\brileent earth\1D1420_Sienna-Half-Coverage-Diamond-Ring-14K-White-Gold-BE1D1420-76788444\3d_model\BE1D1420_AS_200ct_RENDER.glb
1D1420,CU,cushion,sienna-half-coverage-diamond-ring-cushion-cut-center-stone,C:\brileent earth\1D1420_Sienna-Half-Coverage-Diamond-Ring-14K-White-Gold-BE1D1420-76788444\3d_model\BE1D1420_CU_200ct_RENDER.glb
1D1420,EM,emerald,sienna-half-coverage-diamond-ring-emerald-cut-center-stone,C:\brileent earth\1D1420_Sienna-Half-Coverage-Diamond-Ring-14K-White-Gold-BE1D1420-76788444\3d_model\BE1D1420_EM_200ct_RENDER.glb
1D1420,MQ,marquise,sienna-half-coverage-diamond-ring-marquise-center-stone,C:\brileent earth\1D1420_Sienna-Half-Coverage-Diamond-Ring-14K-White-Gold-BE1D1420-76788444\3d_model\BE1D1420_MQ_200ct_RENDER.glb
1D1420,OV,oval,sienna-half-coverage-diamond-ring-oval-center-stone,C:\brileent earth\1D1420_Sienna-Half-Coverage-Diamond-Ring-14K-White-Gold-BE1D1420-76788444\3d_model\BE1D1420_OV_200ct_RENDER.glb
1D1420,PE,pear,sienna-half-coverage-diamond-ring-pear-center-stone,C:\brileent earth\1D1420_Sienna-Half-Coverage-Diamond-Ring-14K-White-Gold-BE1D1420-76788444\3d_model\BE1D1420_PE_200ct_RENDER.glb
1D1420,PR,princess,sienna-half-coverage-diamond-ring-princess-cut-center-stone,C:\brileent earth\1D1420_Sienna-Half-Coverage-Diamond-Ring-14K-White-Gold-BE1D1420-76788444\3d_model\BE1D1420_PR_200ct_RENDER.glb
1D1420,RA,radiant,sienna-half-coverage-diamond-ring-radiant-cut-center-stone,C:\brileent earth\1D1420_Sienna-Half-Coverage-Diamond-Ring-14K-White-Gold-BE1D1420-76788444\3d_model\BE1D1420_RA_200ct_RENDER.glb
1D1420,RD,round,sienna-half-coverage-diamond-ring-round-center-stone,C:\brileent earth\1D1420_Sienna-Half-Coverage-Diamond-Ring-14K-White-Gold-BE1D1420-76788444\3d_model\BE1D1420_RD_200ct_RENDER.glb
1D1421,MQ,marquise,luxe-delilah-three-stone-diamond-ring-marquise-center-stone,C:\brileent earth\1D1421_Luxe-Delilah-Three-Stone-Diamond-Ring-14K-Gold-BE1D1421-76788490\3d_model\BE1D1421_MQ_200ct_RENDER.glb
1D1421,OV,oval,luxe-delilah-three-stone-diamond-ring-oval-center-stone,C:\brileent earth\1D1421_Luxe-Delilah-Three-Stone-Diamond-Ring-14K-Gold-BE1D1421-76788490\3d_model\BE1D1421_OV_200ct_RENDER.glb
1D1421,PE,pear,luxe-delilah-three-stone-diamond-ring-pear-center-stone,C:\brileent earth\1D1421_Luxe-Delilah-Three-Stone-Diamond-Ring-14K-Gold-BE1D1421-76788490\3d_model\BE1D1421_PE_200ct_RENDER.glb
1D1421,RD,round,luxe-delilah-three-stone-diamond-ring-round-center-stone,C:\brileent earth\1D1421_Luxe-Delilah-Three-Stone-Diamond-Ring-14K-Gold-BE1D1421-76788490\3d_model\BE1D1421_RD_200ct_RENDER.glb
1D1432,AS,asscher,adorned-luxe-petite-twisted-vine-diamond-ring-asscher-cut-center-stone,C:\brileent earth\1D1432_Adorned-Luxe-Petite-Twisted-Vine-Diamond-Ring-14K-White-Gold-BE1D1432-76788523\3d_model\BE1D1432_AS_200ct_RENDER.glb
1D1432,CU,cushion,adorned-luxe-petite-twisted-vine-diamond-ring-cushion-cut-center-stone,C:\brileent earth\1D1432_Adorned-Luxe-Petite-Twisted-Vine-Diamond-Ring-14K-White-Gold-BE1D1432-76788523\3d_model\BE1D1432_CU_200ct_RENDER.glb
1D1432,EM,emerald,adorned-luxe-petite-twisted-vine-diamond-ring-emerald-cut-center-stone,C:\brileent earth\1D1432_Adorned-Luxe-Petite-Twisted-Vine-Diamond-Ring-14K-White-Gold-BE1D1432-76788523\3d_model\BE1D1432_EM_200ct_RENDER.glb
1D1432,MQ,marquise,adorned-luxe-petite-twisted-vine-diamond-ring-marquise-center-stone,C:\brileent earth\1D1432_Adorned-Luxe-Petite-Twisted-Vine-Diamond-Ring-14K-White-Gold-BE1D1432-76788523\3d_model\BE1D1432_MQ_200ct_RENDER.glb
1D1432,OV,oval,adorned-luxe-petite-twisted-vine-diamond-ring-oval-center-stone,C:\brileent earth\1D1432_Adorned-Luxe-Petite-Twisted-Vine-Diamond-Ring-14K-White-Gold-BE1D1432-76788523\3d_model\BE1D1432_OV_200ct_RENDER.glb
1D1432,PE,pear,adorned-luxe-petite-twisted-vine-diamond-ring-pear-center-stone,C:\brileent earth\1D1432_Adorned-Luxe-Petite-Twisted-Vine-Diamond-Ring-14K-White-Gold-BE1D1432-76788523\3d_model\BE1D1432_PE_200ct_RENDER.glb
1D1432,PR,princess,adorned-luxe-petite-twisted-vine-diamond-ring-princess-cut-center-stone,C:\brileent earth\1D1432_Adorned-Luxe-Petite-Twisted-Vine-Diamond-Ring-14K-White-Gold-BE1D1432-76788523\3d_model\BE1D1432_PR_200ct_RENDER.glb
1D1432,RA,radiant,adorned-luxe-petite-twisted-vine-diamond-ring-radiant-cut-center-stone,C:\brileent earth\1D1432_Adorned-Luxe-Petite-Twisted-Vine-Diamond-Ring-14K-White-Gold-BE1D1432-76788523\3d_model\BE1D1432_RA_200ct_RENDER.glb
1D1432,RD,round,adorned-luxe-petite-twisted-vine-diamond-ring-round-center-stone,C:\brileent earth\1D1432_Adorned-Luxe-Petite-Twisted-Vine-Diamond-Ring-14K-White-Gold-BE1D1432-76788523\3d_model\BE1D1432_RD_200ct_RENDER.glb
1D147,AS,asscher,shield-cut-three-stone-diamond-ring-1-4-ct-tw-asscher-cut-center-stone,C:\brileent earth\1D147_Shield-Cut-Three-Stone-Diamond-Ring-_1_4-ct_-tw_-14K-White-Gold-BE1D147-76787065\3d_model\BE1D147_AS_200ct_RENDER.glb
1D147,CU,cushion,shield-cut-three-stone-diamond-ring-1-4-ct-tw-cushion-cut-center-stone,C:\brileent earth\1D147_Shield-Cut-Three-Stone-Diamond-Ring-_1_4-ct_-tw_-14K-White-Gold-BE1D147-76787065\3d_model\BE1D147_CU_200ct_RENDER.glb
1D147,EM,emerald,shield-cut-three-stone-diamond-ring-1-4-ct-tw-emerald-cut-center-stone,C:\brileent earth\1D147_Shield-Cut-Three-Stone-Diamond-Ring-_1_4-ct_-tw_-14K-White-Gold-BE1D147-76787065\3d_model\BE1D147_EM_200ct_RENDER.glb
1D147,MQ,marquise,shield-cut-three-stone-diamond-ring-1-4-ct-tw-marquise-center-stone,C:\brileent earth\1D147_Shield-Cut-Three-Stone-Diamond-Ring-_1_4-ct_-tw_-14K-White-Gold-BE1D147-76787065\3d_model\BE1D147_MQ_200ct_RENDER.glb
1D147,OV,oval,shield-cut-three-stone-diamond-ring-1-4-ct-tw-oval-center-stone,C:\brileent earth\1D147_Shield-Cut-Three-Stone-Diamond-Ring-_1_4-ct_-tw_-14K-White-Gold-BE1D147-76787065\3d_model\BE1D147_OV_200ct_RENDER.glb
1D147,PE,pear,shield-cut-three-stone-diamond-ring-1-4-ct-tw-pear-center-stone,C:\brileent earth\1D147_Shield-Cut-Three-Stone-Diamond-Ring-_1_4-ct_-tw_-14K-White-Gold-BE1D147-76787065\3d_model\BE1D147_PE_200ct_RENDER.glb
1D147,PR,princess,shield-cut-three-stone-diamond-ring-1-4-ct-tw-princess-cut-center-stone,C:\brileent earth\1D147_Shield-Cut-Three-Stone-Diamond-Ring-_1_4-ct_-tw_-14K-White-Gold-BE1D147-76787065\3d_model\BE1D147_PR_200ct_RENDER.glb
1D147,RA,radiant,shield-cut-three-stone-diamond-ring-1-4-ct-tw-radiant-cut-center-stone,C:\brileent earth\1D147_Shield-Cut-Three-Stone-Diamond-Ring-_1_4-ct_-tw_-14K-White-Gold-BE1D147-76787065\3d_model\BE1D147_RA_200ct_RENDER.glb
1D147,RD,round,shield-cut-three-stone-diamond-ring-1-4-ct-tw-round-center-stone,C:\brileent earth\1D147_Shield-Cut-Three-Stone-Diamond-Ring-_1_4-ct_-tw_-14K-White-Gold-BE1D147-76787065\3d_model\BE1D147_RD_200ct_RENDER.glb
1D14842,AS,asscher,luxe-camellia-milgrain-diamond-ring-asscher-cut-center-stone,C:\brileent earth\1D14842_Luxe-Camellia-Milgrain-Diamond-Ring-14K-Gold-BE1D14842-76788787\3d_model\BE1D14842_AS_200ct_RENDER.glb
1D14842,CU,cushion,luxe-camellia-milgrain-diamond-ring-cushion-cut-center-stone,C:\brileent earth\1D14842_Luxe-Camellia-Milgrain-Diamond-Ring-14K-Gold-BE1D14842-76788787\3d_model\BE1D14842_CU_200ct_RENDER.glb
1D14842,EM,emerald,luxe-camellia-milgrain-diamond-ring-emerald-cut-center-stone,C:\brileent earth\1D14842_Luxe-Camellia-Milgrain-Diamond-Ring-14K-Gold-BE1D14842-76788787\3d_model\BE1D14842_EM_200ct_RENDER.glb
1D14842,MQ,marquise,luxe-camellia-milgrain-diamond-ring-marquise-center-stone,C:\brileent earth\1D14842_Luxe-Camellia-Milgrain-Diamond-Ring-14K-Gold-BE1D14842-76788787\3d_model\BE1D14842_MQ_200ct_RENDER.glb
1D14842,OV,oval,luxe-camellia-milgrain-diamond-ring-oval-center-stone,C:\brileent earth\1D14842_Luxe-Camellia-Milgrain-Diamond-Ring-14K-Gold-BE1D14842-76788787\3d_model\BE1D14842_OV_200ct_RENDER.glb
1D14842,PE,pear,luxe-camellia-milgrain-diamond-ring-pear-center-stone,C:\brileent earth\1D14842_Luxe-Camellia-Milgrain-Diamond-Ring-14K-Gold-BE1D14842-76788787\3d_model\BE1D14842_PE_200ct_RENDER.glb
1D14842,PR,princess,luxe-camellia-milgrain-diamond-ring-princess-cut-center-stone,C:\brileent earth\1D14842_Luxe-Camellia-Milgrain-Diamond-Ring-14K-Gold-BE1D14842-76788787\3d_model\BE1D14842_PR_200ct_RENDER.glb
1D14842,RA,radiant,luxe-camellia-milgrain-diamond-ring-radiant-cut-center-stone,C:\brileent earth\1D14842_Luxe-Camellia-Milgrain-Diamond-Ring-14K-Gold-BE1D14842-76788787\3d_model\BE1D14842_RA_200ct_RENDER.glb
1D14842,RD,round,luxe-camellia-milgrain-diamond-ring-round-center-stone,C:\brileent earth\1D14842_Luxe-Camellia-Milgrain-Diamond-Ring-14K-Gold-BE1D14842-76788787\3d_model\BE1D14842_RD_200ct_RENDER.glb
1D1498,AS,asscher,luxe-opera-three-stone-diamond-ring-1-1-3-ct-tw-asscher-cut-center-stone,C:\brileent earth\1D1498_Luxe-Opera-Three-Stone-Diamond-Ring-_1-1_3-ct_-tw_-14K-Gold-BE1D1498-76785975\3d_model\BE1D1498_AS_200ct_RENDER.glb
1D1498,CU,cushion,luxe-opera-three-stone-diamond-ring-1-1-3-ct-tw-cushion-cut-center-stone,C:\brileent earth\1D1498_Luxe-Opera-Three-Stone-Diamond-Ring-_1-1_3-ct_-tw_-14K-Gold-BE1D1498-76785975\3d_model\BE1D1498_CU_200ct_RENDER.glb
1D1498,EM,emerald,luxe-opera-three-stone-diamond-ring-1-1-3-ct-tw-emerald-cut-center-stone,C:\brileent earth\1D1498_Luxe-Opera-Three-Stone-Diamond-Ring-_1-1_3-ct_-tw_-14K-Gold-BE1D1498-76785975\3d_model\BE1D1498_EM_200ct_RENDER.glb
1D1498,MQ,marquise,luxe-opera-three-stone-diamond-ring-1-1-3-ct-tw-marquise-center-stone,C:\brileent earth\1D1498_Luxe-Opera-Three-Stone-Diamond-Ring-_1-1_3-ct_-tw_-14K-Gold-BE1D1498-76785975\3d_model\BE1D1498_MQ_200ct_RENDER.glb
1D1498,OV,oval,luxe-opera-three-stone-diamond-ring-1-1-3-ct-tw-oval-center-stone,C:\brileent earth\1D1498_Luxe-Opera-Three-Stone-Diamond-Ring-_1-1_3-ct_-tw_-14K-Gold-BE1D1498-76785975\3d_model\BE1D1498_OV_200ct_RENDER.glb
1D1498,PE,pear,luxe-opera-three-stone-diamond-ring-1-1-3-ct-tw-pear-center-stone,C:\brileent earth\1D1498_Luxe-Opera-Three-Stone-Diamond-Ring-_1-1_3-ct_-tw_-14K-Gold-BE1D1498-76785975\3d_model\BE1D1498_PE_200ct_RENDER.glb
1D1498,PR,princess,luxe-opera-three-stone-diamond-ring-1-1-3-ct-tw-princess-cut-center-stone,C:\brileent earth\1D1498_Luxe-Opera-Three-Stone-Diamond-Ring-_1-1_3-ct_-tw_-14K-Gold-BE1D1498-76785975\3d_model\BE1D1498_PR_200ct_RENDER.glb
1D1498,RA,radiant,luxe-opera-three-stone-diamond-ring-1-1-3-ct-tw-radiant-cut-center-stone,C:\brileent earth\1D1498_Luxe-Opera-Three-Stone-Diamond-Ring-_1-1_3-ct_-tw_-14K-Gold-BE1D1498-76785975\3d_model\BE1D1498_RA_200ct_RENDER.glb
1D1498,RD,round,luxe-opera-three-stone-diamond-ring-1-1-3-ct-tw-round-center-stone,C:\brileent earth\1D1498_Luxe-Opera-Three-Stone-Diamond-Ring-_1-1_3-ct_-tw_-14K-Gold-BE1D1498-76785975\3d_model\BE1D1498_RD_200ct_RENDER.glb
1D1499,AS,asscher,luxe-rhiannon-three-stone-diamond-ring-1-1-10-ct-tw-asscher-cut-center-stone,C:\brileent earth\1D1499_Luxe-Rhiannon-Three-Stone-Diamond-Ring-_1-1_10-ct_-tw_-14K-White-Gold-BE1D1499-76785964\3d_model\BE1D1499_AS_200ct_RENDER.glb
1D1499,CU,cushion,luxe-rhiannon-three-stone-diamond-ring-1-1-10-ct-tw-cushion-cut-center-stone,C:\brileent earth\1D1499_Luxe-Rhiannon-Three-Stone-Diamond-Ring-_1-1_10-ct_-tw_-14K-White-Gold-BE1D1499-76785964\3d_model\BE1D1499_CU_200ct_RENDER.glb
1D1499,EM,emerald,luxe-rhiannon-three-stone-diamond-ring-1-1-10-ct-tw-emerald-cut-center-stone,C:\brileent earth\1D1499_Luxe-Rhiannon-Three-Stone-Diamond-Ring-_1-1_10-ct_-tw_-14K-White-Gold-BE1D1499-76785964\3d_model\BE1D1499_EM_200ct_RENDER.glb
1D1499,MQ,marquise,luxe-rhiannon-three-stone-diamond-ring-1-1-10-ct-tw-marquise-center-stone,C:\brileent earth\1D1499_Luxe-Rhiannon-Three-Stone-Diamond-Ring-_1-1_10-ct_-tw_-14K-White-Gold-BE1D1499-76785964\3d_model\BE1D1499_MQ_200ct_RENDER.glb
1D1499,OV,oval,luxe-rhiannon-three-stone-diamond-ring-1-1-10-ct-tw-oval-center-stone,C:\brileent earth\1D1499_Luxe-Rhiannon-Three-Stone-Diamond-Ring-_1-1_10-ct_-tw_-14K-White-Gold-BE1D1499-76785964\3d_model\BE1D1499_OV_200ct_RENDER.glb
1D1499,PE,pear,luxe-rhiannon-three-stone-diamond-ring-1-1-10-ct-tw-pear-center-stone,C:\brileent earth\1D1499_Luxe-Rhiannon-Three-Stone-Diamond-Ring-_1-1_10-ct_-tw_-14K-White-Gold-BE1D1499-76785964\3d_model\BE1D1499_PE_200ct_RENDER.glb
1D1499,PR,princess,luxe-rhiannon-three-stone-diamond-ring-1-1-10-ct-tw-princess-cut-center-stone,C:\brileent earth\1D1499_Luxe-Rhiannon-Three-Stone-Diamond-Ring-_1-1_10-ct_-tw_-14K-White-Gold-BE1D1499-76785964\3d_model\BE1D1499_PR_200ct_RENDER.glb
1D1499,RA,radiant,luxe-rhiannon-three-stone-diamond-ring-1-1-10-ct-tw-radiant-cut-center-stone,C:\brileent earth\1D1499_Luxe-Rhiannon-Three-Stone-Diamond-Ring-_1-1_10-ct_-tw_-14K-White-Gold-BE1D1499-76785964\3d_model\BE1D1499_RA_200ct_RENDER.glb
1D1499,RD,round,luxe-rhiannon-three-stone-diamond-ring-1-1-10-ct-tw-round-center-stone,C:\brileent earth\1D1499_Luxe-Rhiannon-Three-Stone-Diamond-Ring-_1-1_10-ct_-tw_-14K-White-Gold-BE1D1499-76785964\3d_model\BE1D1499_RD_200ct_RENDER.glb
1D1516,MQ,marquise,six-prong-petite-shared-prong-diamond-ring-1-5-ct-tw-marquise-center-stone,C:\brileent earth\1D1516_Six-Prong-Petite-Shared-Prong-Diamond-Ring-_1_5-ct_-tw_-14K-White-Gold-BE1D1516-76822931\3d_model\BE1D1516_MQ_200ct_RENDER.glb
1D1516,OV,oval,six-prong-petite-shared-prong-diamond-ring-1-5-ct-tw-oval-center-stone,C:\brileent earth\1D1516_Six-Prong-Petite-Shared-Prong-Diamond-Ring-_1_5-ct_-tw_-14K-White-Gold-BE1D1516-76822931\3d_model\BE1D1516_OV_200ct_RENDER.glb
1D1516,PE,pear,six-prong-petite-shared-prong-diamond-ring-1-5-ct-tw-pear-center-stone,C:\brileent earth\1D1516_Six-Prong-Petite-Shared-Prong-Diamond-Ring-_1_5-ct_-tw_-14K-White-Gold-BE1D1516-76822931\3d_model\BE1D1516_PE_200ct_RENDER.glb
1D1516,RD,round,six-prong-petite-shared-prong-diamond-ring-1-5-ct-tw-round-center-stone,C:\brileent earth\1D1516_Six-Prong-Petite-Shared-Prong-Diamond-Ring-_1_5-ct_-tw_-14K-White-Gold-BE1D1516-76822931\3d_model\BE1D1516_RD_200ct_RENDER.glb
1D157,AS,asscher,shield-cut-three-stone-diamond-ring-1-2-ct-tw-asscher-cut-center-stone,C:\brileent earth\1D157_Shield-Cut-Three-Stone-Diamond-Ring-_1_2-ct_-tw_-14K-White-Gold-BE1D157-76787054\3d_model\BE1D157_AS_200ct_RENDER.glb
1D157,CU,cushion,shield-cut-three-stone-diamond-ring-1-2-ct-tw-cushion-cut-center-stone,C:\brileent earth\1D157_Shield-Cut-Three-Stone-Diamond-Ring-_1_2-ct_-tw_-14K-White-Gold-BE1D157-76787054\3d_model\BE1D157_CU_200ct_RENDER.glb
1D157,EM,emerald,shield-cut-three-stone-diamond-ring-1-2-ct-tw-emerald-cut-center-stone,C:\brileent earth\1D157_Shield-Cut-Three-Stone-Diamond-Ring-_1_2-ct_-tw_-14K-White-Gold-BE1D157-76787054\3d_model\BE1D157_EM_200ct_RENDER.glb
1D157,MQ,marquise,shield-cut-three-stone-diamond-ring-1-2-ct-tw-marquise-center-stone,C:\brileent earth\1D157_Shield-Cut-Three-Stone-Diamond-Ring-_1_2-ct_-tw_-14K-White-Gold-BE1D157-76787054\3d_model\BE1D157_MQ_200ct_RENDER.glb
1D157,OV,oval,shield-cut-three-stone-diamond-ring-1-2-ct-tw-oval-center-stone,C:\brileent earth\1D157_Shield-Cut-Three-Stone-Diamond-Ring-_1_2-ct_-tw_-14K-White-Gold-BE1D157-76787054\3d_model\BE1D157_OV_200ct_RENDER.glb
1D157,PE,pear,shield-cut-three-stone-diamond-ring-1-2-ct-tw-pear-center-stone,C:\brileent earth\1D157_Shield-Cut-Three-Stone-Diamond-Ring-_1_2-ct_-tw_-14K-White-Gold-BE1D157-76787054\3d_model\BE1D157_PE_200ct_RENDER.glb
1D157,PR,princess,shield-cut-three-stone-diamond-ring-1-2-ct-tw-princess-cut-center-stone,C:\brileent earth\1D157_Shield-Cut-Three-Stone-Diamond-Ring-_1_2-ct_-tw_-14K-White-Gold-BE1D157-76787054\3d_model\BE1D157_PR_200ct_RENDER.glb
1D157,RA,radiant,shield-cut-three-stone-diamond-ring-1-2-ct-tw-radiant-cut-center-stone,C:\brileent earth\1D157_Shield-Cut-Three-Stone-Diamond-Ring-_1_2-ct_-tw_-14K-White-Gold-BE1D157-76787054\3d_model\BE1D157_RA_200ct_RENDER.glb
1D157,RD,round,shield-cut-three-stone-diamond-ring-1-2-ct-tw-round-center-stone,C:\brileent earth\1D157_Shield-Cut-Three-Stone-Diamond-Ring-_1_2-ct_-tw_-14K-White-Gold-BE1D157-76787054\3d_model\BE1D157_RD_200ct_RENDER.glb
1D1602,AS,asscher,lyra-three-stone-diamond-ring-1-4-ct-tw-asscher-cut-center-stone,C:\brileent earth\1D1602_Lyra-Three-Stone-Diamond-Ring-_1_4-ct_-tw_-14K-White-Gold-BE1D1602-76788324\3d_model\BE1D1602_AS_200ct_RENDER.glb
1D1602,CU,cushion,lyra-three-stone-diamond-ring-1-4-ct-tw-cushion-cut-center-stone,C:\brileent earth\1D1602_Lyra-Three-Stone-Diamond-Ring-_1_4-ct_-tw_-14K-White-Gold-BE1D1602-76788324\3d_model\BE1D1602_CU_200ct_RENDER.glb
1D1602,EM,emerald,lyra-three-stone-diamond-ring-1-4-ct-tw-emerald-cut-center-stone,C:\brileent earth\1D1602_Lyra-Three-Stone-Diamond-Ring-_1_4-ct_-tw_-14K-White-Gold-BE1D1602-76788324\3d_model\BE1D1602_EM_200ct_RENDER.glb
1D1602,MQ,marquise,lyra-three-stone-diamond-ring-1-4-ct-tw-marquise-center-stone,C:\brileent earth\1D1602_Lyra-Three-Stone-Diamond-Ring-_1_4-ct_-tw_-14K-White-Gold-BE1D1602-76788324\3d_model\BE1D1602_MQ_200ct_RENDER.glb
1D1602,OV,oval,lyra-three-stone-diamond-ring-1-4-ct-tw-oval-center-stone,C:\brileent earth\1D1602_Lyra-Three-Stone-Diamond-Ring-_1_4-ct_-tw_-14K-White-Gold-BE1D1602-76788324\3d_model\BE1D1602_OV_200ct_RENDER.glb
1D1602,PE,pear,lyra-three-stone-diamond-ring-1-4-ct-tw-pear-center-stone,C:\brileent earth\1D1602_Lyra-Three-Stone-Diamond-Ring-_1_4-ct_-tw_-14K-White-Gold-BE1D1602-76788324\3d_model\BE1D1602_PE_200ct_RENDER.glb
1D1602,PR,princess,lyra-three-stone-diamond-ring-1-4-ct-tw-princess-cut-center-stone,C:\brileent earth\1D1602_Lyra-Three-Stone-Diamond-Ring-_1_4-ct_-tw_-14K-White-Gold-BE1D1602-76788324\3d_model\BE1D1602_PR_200ct_RENDER.glb
1D1602,RA,radiant,lyra-three-stone-diamond-ring-1-4-ct-tw-radiant-cut-center-stone,C:\brileent earth\1D1602_Lyra-Three-Stone-Diamond-Ring-_1_4-ct_-tw_-14K-White-Gold-BE1D1602-76788324\3d_model\BE1D1602_RA_200ct_RENDER.glb
1D1602,RD,round,lyra-three-stone-diamond-ring-1-4-ct-tw-round-center-stone,C:\brileent earth\1D1602_Lyra-Three-Stone-Diamond-Ring-_1_4-ct_-tw_-14K-White-Gold-BE1D1602-76788324\3d_model\BE1D1602_RD_200ct_RENDER.glb
1D1614,AS,asscher,petal-1-5mm-diamond-ring-asscher-cut-center-stone,C:\brileent earth\1D1614_Petal-1_5mm-Diamond-Ring-14K-Gold-BE1D1614-76788378\3d_model\BE1D1614_AS_200ct_RENDER.glb
1D1614,CU,cushion,petal-1-5mm-diamond-ring-cushion-cut-center-stone,C:\brileent earth\1D1614_Petal-1_5mm-Diamond-Ring-14K-Gold-BE1D1614-76788378\3d_model\BE1D1614_CU_200ct_RENDER.glb
1D1614,EM,emerald,petal-1-5mm-diamond-ring-emerald-cut-center-stone,C:\brileent earth\1D1614_Petal-1_5mm-Diamond-Ring-14K-Gold-BE1D1614-76788378\3d_model\BE1D1614_EM_200ct_RENDER.glb
1D1614,OV,oval,petal-1-5mm-diamond-ring-oval-center-stone,C:\brileent earth\1D1614_Petal-1_5mm-Diamond-Ring-14K-Gold-BE1D1614-76788378\3d_model\BE1D1614_OV_200ct_RENDER.glb
1D1614,PR,princess,petal-1-5mm-diamond-ring-princess-cut-center-stone,C:\brileent earth\1D1614_Petal-1_5mm-Diamond-Ring-14K-Gold-BE1D1614-76788378\3d_model\BE1D1614_PR_200ct_RENDER.glb
1D1614,RA,radiant,petal-1-5mm-diamond-ring-radiant-cut-center-stone,C:\brileent earth\1D1614_Petal-1_5mm-Diamond-Ring-14K-Gold-BE1D1614-76788378\3d_model\BE1D1614_RA_200ct_RENDER.glb
1D1614,RD,round,petal-1-5mm-diamond-ring-round-center-stone,C:\brileent earth\1D1614_Petal-1_5mm-Diamond-Ring-14K-Gold-BE1D1614-76788378\3d_model\BE1D1614_RD_200ct_RENDER.glb
1D16182,MQ,marquise,petal-six-prong-diamond-ring-marquise-center-stone,C:\brileent earth\1D16182_Petal-Six-Prong-Diamond-Ring-14K-Gold-BE1D16182-76789140\3d_model\BE1D16182_MQ_200ct_RENDER.glb
1D16182,OV,oval,petal-six-prong-diamond-ring-oval-center-stone,C:\brileent earth\1D16182_Petal-Six-Prong-Diamond-Ring-14K-Gold-BE1D16182-76789140\3d_model\BE1D16182_OV_200ct_RENDER.glb
1D16182,PE,pear,petal-six-prong-diamond-ring-pear-center-stone,C:\brileent earth\1D16182_Petal-Six-Prong-Diamond-Ring-14K-Gold-BE1D16182-76789140\3d_model\BE1D16182_PE_200ct_RENDER.glb
1D16182,RD,round,petal-six-prong-diamond-ring-round-center-stone,C:\brileent earth\1D16182_Petal-Six-Prong-Diamond-Ring-14K-Gold-BE1D16182-76789140\3d_model\BE1D16182_RD_200ct_RENDER.glb
1D1620,AS,asscher,perfect-fit-half-coverage-hidden-halo-diamond-ring-1-5-ct-tw-asscher-cut-center-stone,C:\brileent earth\1D1620_Perfect-Fit-Half-Coverage-Hidden-Halo-Diamond-Ring-_1_5-ct_-tw_-14K-White-Gold-BE1D1620-76\3d_model\BE1D1620_AS_200ct_RENDER.glb
1D1620,CU,cushion,perfect-fit-half-coverage-hidden-halo-diamond-ring-1-5-ct-tw-cushion-cut-center-stone,C:\brileent earth\1D1620_Perfect-Fit-Half-Coverage-Hidden-Halo-Diamond-Ring-_1_5-ct_-tw_-14K-White-Gold-BE1D1620-76\3d_model\BE1D1620_CU_200ct_RENDER.glb
1D1620,EM,emerald,perfect-fit-half-coverage-hidden-halo-diamond-ring-1-5-ct-tw-emerald-cut-center-stone,C:\brileent earth\1D1620_Perfect-Fit-Half-Coverage-Hidden-Halo-Diamond-Ring-_1_5-ct_-tw_-14K-White-Gold-BE1D1620-76\3d_model\BE1D1620_EM_200ct_RENDER.glb
1D1620,MQ,marquise,perfect-fit-half-coverage-hidden-halo-diamond-ring-1-5-ct-tw-marquise-center-stone,C:\brileent earth\1D1620_Perfect-Fit-Half-Coverage-Hidden-Halo-Diamond-Ring-_1_5-ct_-tw_-14K-White-Gold-BE1D1620-76\3d_model\BE1D1620_MQ_200ct_RENDER.glb
1D1620,OV,oval,perfect-fit-half-coverage-hidden-halo-diamond-ring-1-5-ct-tw-oval-center-stone,C:\brileent earth\1D1620_Perfect-Fit-Half-Coverage-Hidden-Halo-Diamond-Ring-_1_5-ct_-tw_-14K-White-Gold-BE1D1620-76\3d_model\BE1D1620_OV_200ct_RENDER.glb
1D1620,PE,pear,perfect-fit-half-coverage-hidden-halo-diamond-ring-1-5-ct-tw-pear-center-stone,C:\brileent earth\1D1620_Perfect-Fit-Half-Coverage-Hidden-Halo-Diamond-Ring-_1_5-ct_-tw_-14K-White-Gold-BE1D1620-76\3d_model\BE1D1620_PE_200ct_RENDER.glb
1D1620,PR,princess,perfect-fit-half-coverage-hidden-halo-diamond-ring-1-5-ct-tw-princess-cut-center-stone,C:\brileent earth\1D1620_Perfect-Fit-Half-Coverage-Hidden-Halo-Diamond-Ring-_1_5-ct_-tw_-14K-White-Gold-BE1D1620-76\3d_model\BE1D1620_PR_200ct_RENDER.glb
1D1620,RA,radiant,perfect-fit-half-coverage-hidden-halo-diamond-ring-1-5-ct-tw-radiant-cut-center-stone,C:\brileent earth\1D1620_Perfect-Fit-Half-Coverage-Hidden-Halo-Diamond-Ring-_1_5-ct_-tw_-14K-White-Gold-BE1D1620-76\3d_model\BE1D1620_RA_200ct_RENDER.glb
1D1620,RD,round,perfect-fit-half-coverage-hidden-halo-diamond-ring-1-5-ct-tw-round-center-stone,C:\brileent earth\1D1620_Perfect-Fit-Half-Coverage-Hidden-Halo-Diamond-Ring-_1_5-ct_-tw_-14K-White-Gold-BE1D1620-76\3d_model\BE1D1620_RD_200ct_RENDER.glb
1D1644,AS,asscher,begonia-vine-three-stone-diamond-ring-2-3-ct-tw-asscher-cut-center-stone,C:\brileent earth\1D1644_Begonia-Vine-Three-Stone-Diamond-Ring-_2_3-ct_-tw_-14K-Gold-BE1D1644-76783852\3d_model\BE1D1644_AS_200ct_RENDER.glb
1D1644,CU,cushion,begonia-vine-three-stone-diamond-ring-2-3-ct-tw-cushion-cut-center-stone,C:\brileent earth\1D1644_Begonia-Vine-Three-Stone-Diamond-Ring-_2_3-ct_-tw_-14K-Gold-BE1D1644-76783852\3d_model\BE1D1644_CU_200ct_RENDER.glb
1D1644,EM,emerald,begonia-vine-three-stone-diamond-ring-2-3-ct-tw-emerald-cut-center-stone,C:\brileent earth\1D1644_Begonia-Vine-Three-Stone-Diamond-Ring-_2_3-ct_-tw_-14K-Gold-BE1D1644-76783852\3d_model\BE1D1644_EM_200ct_RENDER.glb
1D1644,MQ,marquise,begonia-vine-three-stone-diamond-ring-2-3-ct-tw-marquise-center-stone,C:\brileent earth\1D1644_Begonia-Vine-Three-Stone-Diamond-Ring-_2_3-ct_-tw_-14K-Gold-BE1D1644-76783852\3d_model\BE1D1644_MQ_200ct_RENDER.glb
1D1644,OV,oval,begonia-vine-three-stone-diamond-ring-2-3-ct-tw-oval-center-stone,C:\brileent earth\1D1644_Begonia-Vine-Three-Stone-Diamond-Ring-_2_3-ct_-tw_-14K-Gold-BE1D1644-76783852\3d_model\BE1D1644_OV_200ct_RENDER.glb
1D1644,PE,pear,begonia-vine-three-stone-diamond-ring-2-3-ct-tw-pear-center-stone,C:\brileent earth\1D1644_Begonia-Vine-Three-Stone-Diamond-Ring-_2_3-ct_-tw_-14K-Gold-BE1D1644-76783852\3d_model\BE1D1644_PE_200ct_RENDER.glb
1D1644,PR,princess,begonia-vine-three-stone-diamond-ring-2-3-ct-tw-princess-cut-center-stone,C:\brileent earth\1D1644_Begonia-Vine-Three-Stone-Diamond-Ring-_2_3-ct_-tw_-14K-Gold-BE1D1644-76783852\3d_model\BE1D1644_PR_200ct_RENDER.glb
1D1644,RA,radiant,begonia-vine-three-stone-diamond-ring-2-3-ct-tw-radiant-cut-center-stone,C:\brileent earth\1D1644_Begonia-Vine-Three-Stone-Diamond-Ring-_2_3-ct_-tw_-14K-Gold-BE1D1644-76783852\3d_model\BE1D1644_RA_200ct_RENDER.glb
1D1644,RD,round,begonia-vine-three-stone-diamond-ring-2-3-ct-tw-round-center-stone,C:\brileent earth\1D1644_Begonia-Vine-Three-Stone-Diamond-Ring-_2_3-ct_-tw_-14K-Gold-BE1D1644-76783852\3d_model\BE1D1644_RD_200ct_RENDER.glb
1D166,AS,asscher,cambria-halo-diamond-ring-asscher-cut-center-stone,C:\brileent earth\1D166_Cambria-Halo-Diamond-Ring-14K-White-Gold-BE1D166-76788372\3d_model\BE1D166_AS_200ct_RENDER.glb
1D166,CU,cushion,cambria-halo-diamond-ring-cushion-cut-center-stone,C:\brileent earth\1D166_Cambria-Halo-Diamond-Ring-14K-White-Gold-BE1D166-76788372\3d_model\BE1D166_CU_200ct_RENDER.glb
1D166,EM,emerald,cambria-halo-diamond-ring-emerald-cut-center-stone,C:\brileent earth\1D166_Cambria-Halo-Diamond-Ring-14K-White-Gold-BE1D166-76788372\3d_model\BE1D166_EM_200ct_RENDER.glb
1D166,MQ,marquise,cambria-halo-diamond-ring-marquise-center-stone,C:\brileent earth\1D166_Cambria-Halo-Diamond-Ring-14K-White-Gold-BE1D166-76788372\3d_model\BE1D166_MQ_200ct_RENDER.glb
1D166,OV,oval,cambria-halo-diamond-ring-oval-center-stone,C:\brileent earth\1D166_Cambria-Halo-Diamond-Ring-14K-White-Gold-BE1D166-76788372\3d_model\BE1D166_OV_200ct_RENDER.glb
1D166,PE,pear,cambria-halo-diamond-ring-pear-center-stone,C:\brileent earth\1D166_Cambria-Halo-Diamond-Ring-14K-White-Gold-BE1D166-76788372\3d_model\BE1D166_PE_200ct_RENDER.glb
1D166,PR,princess,cambria-halo-diamond-ring-princess-cut-center-stone,C:\brileent earth\1D166_Cambria-Halo-Diamond-Ring-14K-White-Gold-BE1D166-76788372\3d_model\BE1D166_PR_200ct_RENDER.glb
1D166,RA,radiant,cambria-halo-diamond-ring-radiant-cut-center-stone,C:\brileent earth\1D166_Cambria-Halo-Diamond-Ring-14K-White-Gold-BE1D166-76788372\3d_model\BE1D166_RA_200ct_RENDER.glb
1D166,RD,round,cambria-halo-diamond-ring-round-center-stone,C:\brileent earth\1D166_Cambria-Halo-Diamond-Ring-14K-White-Gold-BE1D166-76788372\3d_model\BE1D166_RD_200ct_RENDER.glb
1D1678,AS,asscher,luna-hidden-halo-diamond-ring-asscher-cut-center-stone,C:\brileent earth\1D1678_Luna-Hidden-Halo-Diamond-Ring-14K-Gold-BE1D1678-76788471\3d_model\BE1D1678_AS_200ct_RENDER.glb
1D1678,CU,cushion,luna-hidden-halo-diamond-ring-cushion-cut-center-stone,C:\brileent earth\1D1678_Luna-Hidden-Halo-Diamond-Ring-14K-Gold-BE1D1678-76788471\3d_model\BE1D1678_CU_200ct_RENDER.glb
1D1678,EM,emerald,luna-hidden-halo-diamond-ring-emerald-cut-center-stone,C:\brileent earth\1D1678_Luna-Hidden-Halo-Diamond-Ring-14K-Gold-BE1D1678-76788471\3d_model\BE1D1678_EM_200ct_RENDER.glb
1D1678,OV,oval,luna-hidden-halo-diamond-ring-oval-center-stone,C:\brileent earth\1D1678_Luna-Hidden-Halo-Diamond-Ring-14K-Gold-BE1D1678-76788471\3d_model\BE1D1678_OV_200ct_RENDER.glb
1D1678,PE,pear,luna-hidden-halo-diamond-ring-pear-center-stone,C:\brileent earth\1D1678_Luna-Hidden-Halo-Diamond-Ring-14K-Gold-BE1D1678-76788471\3d_model\BE1D1678_PE_200ct_RENDER.glb
1D1678,PR,princess,luna-hidden-halo-diamond-ring-princess-cut-center-stone,C:\brileent earth\1D1678_Luna-Hidden-Halo-Diamond-Ring-14K-Gold-BE1D1678-76788471\3d_model\BE1D1678_PR_200ct_RENDER.glb
1D1678,RA,radiant,luna-hidden-halo-diamond-ring-radiant-cut-center-stone,C:\brileent earth\1D1678_Luna-Hidden-Halo-Diamond-Ring-14K-Gold-BE1D1678-76788471\3d_model\BE1D1678_RA_200ct_RENDER.glb
1D1678,RD,round,luna-hidden-halo-diamond-ring-round-center-stone,C:\brileent earth\1D1678_Luna-Hidden-Halo-Diamond-Ring-14K-Gold-BE1D1678-76788471\3d_model\BE1D1678_RD_200ct_RENDER.glb
1D1699,MQ,marquise,delilah-three-stone-pear-diamond-ring-1-5-ct-tw-marquise-center-stone,C:\brileent earth\1D1699_Delilah-Three-Stone-Pear-Diamond-Ring-_1_5-ct_-tw_-14K-Gold-BE1D1699-76787080\3d_model\BE1D1699_MQ_200ct_RENDER.glb
1D1699,OV,oval,delilah-three-stone-pear-diamond-ring-1-5-ct-tw-oval-center-stone,C:\brileent earth\1D1699_Delilah-Three-Stone-Pear-Diamond-Ring-_1_5-ct_-tw_-14K-Gold-BE1D1699-76787080\3d_model\BE1D1699_OV_200ct_RENDER.glb
1D1699,PE,pear,delilah-three-stone-pear-diamond-ring-1-5-ct-tw-marquise-center-stone,C:\brileent earth\1D1699_Delilah-Three-Stone-Pear-Diamond-Ring-_1_5-ct_-tw_-14K-Gold-BE1D1699-76787080\3d_model\BE1D1699_PE_200ct_RENDER.glb
1D1699,RD,round,delilah-three-stone-pear-diamond-ring-1-5-ct-tw-round-center-stone,C:\brileent earth\1D1699_Delilah-Three-Stone-Pear-Diamond-Ring-_1_5-ct_-tw_-14K-Gold-BE1D1699-76787080\3d_model\BE1D1699_RD_200ct_RENDER.glb
1D17653,AS,asscher,audrey-perfect-fit-hidden-halo-1-4mm-diamond-ring-asscher-cut-center-stone,C:\brileent earth\1D17653_Audrey-Perfect-Fit-Hidden-Halo-1_4mm-Diamond-Ring-14K-Gold-BE1D17653-76785920\3d_model\BE1D17653_AS_200ct_RENDER.glb
1D17653,CU,cushion,audrey-perfect-fit-hidden-halo-1-4mm-diamond-ring-cushion-cut-center-stone,C:\brileent earth\1D17653_Audrey-Perfect-Fit-Hidden-Halo-1_4mm-Diamond-Ring-14K-Gold-BE1D17653-76785920\3d_model\BE1D17653_CU_200ct_RENDER.glb
1D17653,EM,emerald,audrey-perfect-fit-hidden-halo-1-4mm-diamond-ring-emerald-cut-center-stone,C:\brileent earth\1D17653_Audrey-Perfect-Fit-Hidden-Halo-1_4mm-Diamond-Ring-14K-Gold-BE1D17653-76785920\3d_model\BE1D17653_EM_200ct_RENDER.glb
1D17653,MQ,marquise,audrey-perfect-fit-hidden-halo-1-4mm-diamond-ring-marquise-center-stone,C:\brileent earth\1D17653_Audrey-Perfect-Fit-Hidden-Halo-1_4mm-Diamond-Ring-14K-Gold-BE1D17653-76785920\3d_model\BE1D17653_MQ_200ct_RENDER.glb
1D17653,OV,oval,audrey-perfect-fit-hidden-halo-1-4mm-diamond-ring-oval-center-stone,C:\brileent earth\1D17653_Audrey-Perfect-Fit-Hidden-Halo-1_4mm-Diamond-Ring-14K-Gold-BE1D17653-76785920\3d_model\BE1D17653_OV_200ct_RENDER.glb
1D17653,PE,pear,audrey-perfect-fit-hidden-halo-1-4mm-diamond-ring-pear-center-stone,C:\brileent earth\1D17653_Audrey-Perfect-Fit-Hidden-Halo-1_4mm-Diamond-Ring-14K-Gold-BE1D17653-76785920\3d_model\BE1D17653_PE_200ct_RENDER.glb
1D17653,PR,princess,audrey-perfect-fit-hidden-halo-1-4mm-diamond-ring-princess-cut-center-stone,C:\brileent earth\1D17653_Audrey-Perfect-Fit-Hidden-Halo-1_4mm-Diamond-Ring-14K-Gold-BE1D17653-76785920\3d_model\BE1D17653_PR_200ct_RENDER.glb
1D17653,RA,radiant,audrey-perfect-fit-hidden-halo-1-4mm-diamond-ring-radiant-cut-center-stone,C:\brileent earth\1D17653_Audrey-Perfect-Fit-Hidden-Halo-1_4mm-Diamond-Ring-14K-Gold-BE1D17653-76785920\3d_model\BE1D17653_RA_200ct_RENDER.glb
1D17653,RD,round,audrey-perfect-fit-hidden-halo-1-4mm-diamond-ring-round-center-stone,C:\brileent earth\1D17653_Audrey-Perfect-Fit-Hidden-Halo-1_4mm-Diamond-Ring-14K-Gold-BE1D17653-76785920\3d_model\BE1D17653_RD_200ct_RENDER.glb
1D1797,AS,asscher,grand-perfect-fit-three-quarter-diamond-ring-asscher-cut-center-stone,C:\brileent earth\1D1797_Grand-Perfect-Fit-Three-Quarter-Diamond-Ring-14K-White-Gold-BE1D1797-76785966\3d_model\BE1D1797_AS_200ct_RENDER.glb
1D1797,CU,cushion,grand-perfect-fit-three-quarter-diamond-ring-cushion-cut-center-stone,C:\brileent earth\1D1797_Grand-Perfect-Fit-Three-Quarter-Diamond-Ring-14K-White-Gold-BE1D1797-76785966\3d_model\BE1D1797_CU_200ct_RENDER.glb
1D1797,EM,emerald,grand-perfect-fit-three-quarter-diamond-ring-emerald-cut-center-stone,C:\brileent earth\1D1797_Grand-Perfect-Fit-Three-Quarter-Diamond-Ring-14K-White-Gold-BE1D1797-76785966\3d_model\BE1D1797_EM_200ct_RENDER.glb
1D1797,MQ,marquise,grand-perfect-fit-three-quarter-diamond-ring-marquise-center-stone,C:\brileent earth\1D1797_Grand-Perfect-Fit-Three-Quarter-Diamond-Ring-14K-White-Gold-BE1D1797-76785966\3d_model\BE1D1797_MQ_200ct_RENDER.glb
1D1797,OV,oval,grand-perfect-fit-three-quarter-diamond-ring-oval-center-stone,C:\brileent earth\1D1797_Grand-Perfect-Fit-Three-Quarter-Diamond-Ring-14K-White-Gold-BE1D1797-76785966\3d_model\BE1D1797_OV_200ct_RENDER.glb
1D1797,PE,pear,grand-perfect-fit-three-quarter-diamond-ring-pear-center-stone,C:\brileent earth\1D1797_Grand-Perfect-Fit-Three-Quarter-Diamond-Ring-14K-White-Gold-BE1D1797-76785966\3d_model\BE1D1797_PE_200ct_RENDER.glb
1D1797,PR,princess,grand-perfect-fit-three-quarter-diamond-ring-princess-cut-center-stone,C:\brileent earth\1D1797_Grand-Perfect-Fit-Three-Quarter-Diamond-Ring-14K-White-Gold-BE1D1797-76785966\3d_model\BE1D1797_PR_200ct_RENDER.glb
1D1797,RA,radiant,grand-perfect-fit-three-quarter-diamond-ring-radiant-cut-center-stone,C:\brileent earth\1D1797_Grand-Perfect-Fit-Three-Quarter-Diamond-Ring-14K-White-Gold-BE1D1797-76785966\3d_model\BE1D1797_RA_200ct_RENDER.glb
1D1797,RD,round,grand-perfect-fit-three-quarter-diamond-ring-round-center-stone,C:\brileent earth\1D1797_Grand-Perfect-Fit-Three-Quarter-Diamond-Ring-14K-White-Gold-BE1D1797-76785966\3d_model\BE1D1797_RD_200ct_RENDER.glb
1D1823,AS,asscher,ballad-half-coverage-diamond-ring-1-8-ct-tw-asscher-cut-center-stone,C:\brileent earth\1D1823_Ballad-Half-Coverage-Diamond-Ring-_1_8-ct_-tw_-14K-White-Gold-BE1D1823-76788389\3d_model\BE1D1823_AS_200ct_RENDER.glb
1D1823,CU,cushion,ballad-half-coverage-diamond-ring-1-8-ct-tw-cushion-cut-center-stone,C:\brileent earth\1D1823_Ballad-Half-Coverage-Diamond-Ring-_1_8-ct_-tw_-14K-White-Gold-BE1D1823-76788389\3d_model\BE1D1823_CU_200ct_RENDER.glb
1D1823,EM,emerald,ballad-half-coverage-diamond-ring-1-8-ct-tw-emerald-cut-center-stone,C:\brileent earth\1D1823_Ballad-Half-Coverage-Diamond-Ring-_1_8-ct_-tw_-14K-White-Gold-BE1D1823-76788389\3d_model\BE1D1823_EM_200ct_RENDER.glb
1D1823,HT,heart,ballad-half-coverage-diamond-ring-1-8-ct-tw-heart-center-stone,C:\brileent earth\1D1823_Ballad-Half-Coverage-Diamond-Ring-_1_8-ct_-tw_-14K-White-Gold-BE1D1823-76788389\3d_model\BE1D1823_HT_200ct_RENDER.glb
1D1823,MQ,marquise,ballad-half-coverage-diamond-ring-1-8-ct-tw-marquise-center-stone,C:\brileent earth\1D1823_Ballad-Half-Coverage-Diamond-Ring-_1_8-ct_-tw_-14K-White-Gold-BE1D1823-76788389\3d_model\BE1D1823_MQ_200ct_RENDER.glb
1D1823,OV,oval,ballad-half-coverage-diamond-ring-1-8-ct-tw-oval-center-stone,C:\brileent earth\1D1823_Ballad-Half-Coverage-Diamond-Ring-_1_8-ct_-tw_-14K-White-Gold-BE1D1823-76788389\3d_model\BE1D1823_OV_200ct_RENDER.glb
1D1823,PE,pear,ballad-half-coverage-diamond-ring-1-8-ct-tw-pear-center-stone,C:\brileent earth\1D1823_Ballad-Half-Coverage-Diamond-Ring-_1_8-ct_-tw_-14K-White-Gold-BE1D1823-76788389\3d_model\BE1D1823_PE_200ct_RENDER.glb
1D1823,PR,princess,ballad-half-coverage-diamond-ring-1-8-ct-tw-princess-cut-center-stone,C:\brileent earth\1D1823_Ballad-Half-Coverage-Diamond-Ring-_1_8-ct_-tw_-14K-White-Gold-BE1D1823-76788389\3d_model\BE1D1823_PR_200ct_RENDER.glb
1D1823,RA,radiant,ballad-half-coverage-diamond-ring-1-8-ct-tw-radiant-cut-center-stone,C:\brileent earth\1D1823_Ballad-Half-Coverage-Diamond-Ring-_1_8-ct_-tw_-14K-White-Gold-BE1D1823-76788389\3d_model\BE1D1823_RA_200ct_RENDER.glb
1D1823,RD,round,ballad-half-coverage-diamond-ring-1-8-ct-tw-round-center-stone,C:\brileent earth\1D1823_Ballad-Half-Coverage-Diamond-Ring-_1_8-ct_-tw_-14K-White-Gold-BE1D1823-76788389\3d_model\BE1D1823_RD_200ct_RENDER.glb
1D1855,AS,asscher,olivetta-double-row-diamond-ring-2-1-2-ct-tw-asscher-cut-center-stone,C:\brileent earth\1D1855_Olivetta-Double-Row-Diamond-Ring-_2-1_2-ct_-tw_-14K-Gold-BE1D1855-76788314\3d_model\BE1D1855_AS_200ct_RENDER.glb
1D1855,CU,cushion,olivetta-double-row-diamond-ring-2-1-2-ct-tw-cushion-cut-center-stone,C:\brileent earth\1D1855_Olivetta-Double-Row-Diamond-Ring-_2-1_2-ct_-tw_-14K-Gold-BE1D1855-76788314\3d_model\BE1D1855_CU_200ct_RENDER.glb
1D1855,EM,emerald,olivetta-double-row-diamond-ring-2-1-2-ct-tw-emerald-cut-center-stone,C:\brileent earth\1D1855_Olivetta-Double-Row-Diamond-Ring-_2-1_2-ct_-tw_-14K-Gold-BE1D1855-76788314\3d_model\BE1D1855_EM_200ct_RENDER.glb
1D1855,MQ,marquise,olivetta-double-row-diamond-ring-2-1-2-ct-tw-marquise-center-stone,C:\brileent earth\1D1855_Olivetta-Double-Row-Diamond-Ring-_2-1_2-ct_-tw_-14K-Gold-BE1D1855-76788314\3d_model\BE1D1855_MQ_200ct_RENDER.glb
1D1855,OV,oval,olivetta-double-row-diamond-ring-2-1-2-ct-tw-oval-center-stone,C:\brileent earth\1D1855_Olivetta-Double-Row-Diamond-Ring-_2-1_2-ct_-tw_-14K-Gold-BE1D1855-76788314\3d_model\BE1D1855_OV_200ct_RENDER.glb
1D1855,PE,pear,olivetta-double-row-diamond-ring-2-1-2-ct-tw-pear-center-stone,C:\brileent earth\1D1855_Olivetta-Double-Row-Diamond-Ring-_2-1_2-ct_-tw_-14K-Gold-BE1D1855-76788314\3d_model\BE1D1855_PE_200ct_RENDER.glb
1D1855,PR,princess,olivetta-double-row-diamond-ring-2-1-2-ct-tw-princess-cut-center-stone,C:\brileent earth\1D1855_Olivetta-Double-Row-Diamond-Ring-_2-1_2-ct_-tw_-14K-Gold-BE1D1855-76788314\3d_model\BE1D1855_PR_200ct_RENDER.glb
1D1855,RA,radiant,olivetta-double-row-diamond-ring-2-1-2-ct-tw-radiant-cut-center-stone,C:\brileent earth\1D1855_Olivetta-Double-Row-Diamond-Ring-_2-1_2-ct_-tw_-14K-Gold-BE1D1855-76788314\3d_model\BE1D1855_RA_200ct_RENDER.glb
1D1855,RD,round,olivetta-double-row-diamond-ring-2-1-2-ct-tw-round-center-stone,C:\brileent earth\1D1855_Olivetta-Double-Row-Diamond-Ring-_2-1_2-ct_-tw_-14K-Gold-BE1D1855-76788314\3d_model\BE1D1855_RD_200ct_RENDER.glb
1D1957,AS,asscher,begonia-vine-diamond-ring-1-4-ct-tw-asscher-cut-center-stone,C:\brileent earth\1D1957_Begonia-Vine-Diamond-Ring-_1_4-ct_-tw_-14K-Gold-BE1D1957-76783858\3d_model\BE1D1957_AS_200ct_RENDER.glb
1D1957,CU,cushion,begonia-vine-diamond-ring-1-4-ct-tw-cushion-cut-center-stone,C:\brileent earth\1D1957_Begonia-Vine-Diamond-Ring-_1_4-ct_-tw_-14K-Gold-BE1D1957-76783858\3d_model\BE1D1957_CU_200ct_RENDER.glb
1D1957,EM,emerald,begonia-vine-diamond-ring-1-4-ct-tw-emerald-cut-center-stone,C:\brileent earth\1D1957_Begonia-Vine-Diamond-Ring-_1_4-ct_-tw_-14K-Gold-BE1D1957-76783858\3d_model\BE1D1957_EM_200ct_RENDER.glb
1D1957,MQ,marquise,begonia-vine-diamond-ring-1-4-ct-tw-marquise-center-stone,C:\brileent earth\1D1957_Begonia-Vine-Diamond-Ring-_1_4-ct_-tw_-14K-Gold-BE1D1957-76783858\3d_model\BE1D1957_MQ_200ct_RENDER.glb
1D1957,OV,oval,begonia-vine-diamond-ring-1-4-ct-tw-oval-center-stone,C:\brileent earth\1D1957_Begonia-Vine-Diamond-Ring-_1_4-ct_-tw_-14K-Gold-BE1D1957-76783858\3d_model\BE1D1957_OV_200ct_RENDER.glb
1D1957,PE,pear,begonia-vine-diamond-ring-1-4-ct-tw-pear-center-stone,C:\brileent earth\1D1957_Begonia-Vine-Diamond-Ring-_1_4-ct_-tw_-14K-Gold-BE1D1957-76783858\3d_model\BE1D1957_PE_200ct_RENDER.glb
1D1957,PR,princess,begonia-vine-diamond-ring-1-4-ct-tw-princess-cut-center-stone,C:\brileent earth\1D1957_Begonia-Vine-Diamond-Ring-_1_4-ct_-tw_-14K-Gold-BE1D1957-76783858\3d_model\BE1D1957_PR_200ct_RENDER.glb
1D1957,RA,radiant,begonia-vine-diamond-ring-1-4-ct-tw-radiant-cut-center-stone,C:\brileent earth\1D1957_Begonia-Vine-Diamond-Ring-_1_4-ct_-tw_-14K-Gold-BE1D1957-76783858\3d_model\BE1D1957_RA_200ct_RENDER.glb
1D1957,RD,round,begonia-vine-diamond-ring-1-4-ct-tw-round-center-stone,C:\brileent earth\1D1957_Begonia-Vine-Diamond-Ring-_1_4-ct_-tw_-14K-Gold-BE1D1957-76783858\3d_model\BE1D1957_RD_200ct_RENDER.glb
1D1961,HT,heart,esme-1-8mm-ring-heart-center-stone,C:\brileent earth\1D1961_Esme-1_8mm-Ring-14K-Gold-BE1D1961-76788382\3d_model\BE1D1961_HT_200ct_RENDER.glb
1D1961,MQ,marquise,esme-1-8mm-ring-marquise-center-stone,C:\brileent earth\1D1961_Esme-1_8mm-Ring-14K-Gold-BE1D1961-76788382\3d_model\BE1D1961_MQ_200ct_RENDER.glb
1D1961,OV,oval,esme-1-8mm-ring-oval-center-stone,C:\brileent earth\1D1961_Esme-1_8mm-Ring-14K-Gold-BE1D1961-76788382\3d_model\BE1D1961_OV_200ct_RENDER.glb
1D1961,PE,pear,esme-1-8mm-ring-pear-center-stone,C:\brileent earth\1D1961_Esme-1_8mm-Ring-14K-Gold-BE1D1961-76788382\3d_model\BE1D1961_PE_200ct_RENDER.glb
1D1961,RD,round,esme-1-8mm-ring-round-center-stone,C:\brileent earth\1D1961_Esme-1_8mm-Ring-14K-Gold-BE1D1961-76788382\3d_model\BE1D1961_RD_200ct_RENDER.glb
1D2001,AS,asscher,marseille-half-coverage-diamond-ring-1-4-ct-tw-asscher-cut-center-stone,C:\brileent earth\1D2001_Marseille-Half-Coverage-Diamond-Ring-_1_4-ct_-tw_-14K-White-Gold-BE1D2001-76823525\3d_model\BE1D2001_AS_200ct_RENDER.glb
1D2001,CU,cushion,marseille-half-coverage-diamond-ring-1-4-ct-tw-cushion-cut-center-stone,C:\brileent earth\1D2001_Marseille-Half-Coverage-Diamond-Ring-_1_4-ct_-tw_-14K-White-Gold-BE1D2001-76823525\3d_model\BE1D2001_CU_200ct_RENDER.glb
1D2001,EM,emerald,marseille-half-coverage-diamond-ring-1-4-ct-tw-emerald-cut-center-stone,C:\brileent earth\1D2001_Marseille-Half-Coverage-Diamond-Ring-_1_4-ct_-tw_-14K-White-Gold-BE1D2001-76823525\3d_model\BE1D2001_EM_200ct_RENDER.glb
1D2001,HT,heart,marseille-half-coverage-diamond-ring-1-4-ct-tw-heart-cut-center-stone,C:\brileent earth\1D2001_Marseille-Half-Coverage-Diamond-Ring-_1_4-ct_-tw_-14K-White-Gold-BE1D2001-76823525\3d_model\BE1D2001_HT_200ct_RENDER.glb
1D2001,MQ,marquise,marseille-half-coverage-diamond-ring-1-4-ct-tw-marquise-cut-center-stone,C:\brileent earth\1D2001_Marseille-Half-Coverage-Diamond-Ring-_1_4-ct_-tw_-14K-White-Gold-BE1D2001-76823525\3d_model\BE1D2001_MQ_200ct_RENDER.glb
1D2001,OV,oval,marseille-half-coverage-diamond-ring-1-4-ct-tw-oval-cut-center-stone,C:\brileent earth\1D2001_Marseille-Half-Coverage-Diamond-Ring-_1_4-ct_-tw_-14K-White-Gold-BE1D2001-76823525\3d_model\BE1D2001_OV_200ct_RENDER.glb
1D2001,PE,pear,marseille-half-coverage-diamond-ring-1-4-ct-tw-pear-cut-center-stone,C:\brileent earth\1D2001_Marseille-Half-Coverage-Diamond-Ring-_1_4-ct_-tw_-14K-White-Gold-BE1D2001-76823525\3d_model\BE1D2001_PE_200ct_RENDER.glb
1D2001,PR,princess,marseille-half-coverage-diamond-ring-1-4-ct-tw-princess-cut-center-stone,C:\brileent earth\1D2001_Marseille-Half-Coverage-Diamond-Ring-_1_4-ct_-tw_-14K-White-Gold-BE1D2001-76823525\3d_model\BE1D2001_PR_200ct_RENDER.glb
1D2001,RA,radiant,marseille-half-coverage-diamond-ring-1-4-ct-tw-radiant-cut-center-stone,C:\brileent earth\1D2001_Marseille-Half-Coverage-Diamond-Ring-_1_4-ct_-tw_-14K-White-Gold-BE1D2001-76823525\3d_model\BE1D2001_RA_200ct_RENDER.glb
1D2001,RD,round,marseille-half-coverage-diamond-ring-1-4-ct-tw-round-cut-center-stone,C:\brileent earth\1D2001_Marseille-Half-Coverage-Diamond-Ring-_1_4-ct_-tw_-14K-White-Gold-BE1D2001-76823525\3d_model\BE1D2001_RD_200ct_RENDER.glb
1D2016,AS,asscher,olympia-three-quarter-coverage-diamond-ring-asscher-cut-center-stone,C:\brileent earth\1D2016_Olympia-Three-Quarter-Coverage-Diamond-Ring-14K-White-Gold-BE1D2016-76823421\3d_model\BE1D2016_AS_200ct_RENDER.glb
1D2016,CU,cushion,olympia-three-quarter-coverage-diamond-ring-cushion-cut-center-stone,C:\brileent earth\1D2016_Olympia-Three-Quarter-Coverage-Diamond-Ring-14K-White-Gold-BE1D2016-76823421\3d_model\BE1D2016_CU_200ct_RENDER.glb
1D2016,EM,emerald,olympia-three-quarter-coverage-diamond-ring-emerald-cut-center-stone,C:\brileent earth\1D2016_Olympia-Three-Quarter-Coverage-Diamond-Ring-14K-White-Gold-BE1D2016-76823421\3d_model\BE1D2016_EM_200ct_RENDER.glb
1D2016,OV,oval,olympia-three-quarter-coverage-diamond-ring-oval-center-stone,C:\brileent earth\1D2016_Olympia-Three-Quarter-Coverage-Diamond-Ring-14K-White-Gold-BE1D2016-76823421\3d_model\BE1D2016_OV_200ct_RENDER.glb
1D2016,PR,princess,olympia-three-quarter-coverage-diamond-ring-princess-cut-center-stone,C:\brileent earth\1D2016_Olympia-Three-Quarter-Coverage-Diamond-Ring-14K-White-Gold-BE1D2016-76823421\3d_model\BE1D2016_PR_200ct_RENDER.glb
1D2016,RA,radiant,olympia-three-quarter-coverage-diamond-ring-radiant-cut-center-stone,C:\brileent earth\1D2016_Olympia-Three-Quarter-Coverage-Diamond-Ring-14K-White-Gold-BE1D2016-76823421\3d_model\BE1D2016_RA_200ct_RENDER.glb
1D2016,RD,round,olympia-three-quarter-coverage-diamond-ring-round-center-stone,C:\brileent earth\1D2016_Olympia-Three-Quarter-Coverage-Diamond-Ring-14K-White-Gold-BE1D2016-76823421\3d_model\BE1D2016_RD_200ct_RENDER.glb
1D20200,AS,asscher,adorned-mixed-metal-diamond-ring-asscher-cut-center-stone,C:\brileent earth\1D20200_Adorned-Mixed-Metal-Diamond-Ring-Gold-BE1D20200-21490788\3d_model\BE1D20200_AS_200ct_RENDER.glb
1D20200,CU,cushion,adorned-mixed-metal-diamond-ring-cushion-cut-center-stone,C:\brileent earth\1D20200_Adorned-Mixed-Metal-Diamond-Ring-Gold-BE1D20200-21490788\3d_model\BE1D20200_CU_200ct_RENDER.glb
1D20200,EM,emerald,adorned-mixed-metal-diamond-ring-emerald-cut-center-stone,C:\brileent earth\1D20200_Adorned-Mixed-Metal-Diamond-Ring-Gold-BE1D20200-21490788\3d_model\BE1D20200_EM_200ct_RENDER.glb
1D20200,MQ,marquise,adorned-mixed-metal-diamond-ring-marquise-center-stone,C:\brileent earth\1D20200_Adorned-Mixed-Metal-Diamond-Ring-Gold-BE1D20200-21490788\3d_model\BE1D20200_MQ_200ct_RENDER.glb
1D20200,OV,oval,adorned-mixed-metal-diamond-ring-oval-center-stone,C:\brileent earth\1D20200_Adorned-Mixed-Metal-Diamond-Ring-Gold-BE1D20200-21490788\3d_model\BE1D20200_OV_200ct_RENDER.glb
1D20200,PE,pear,adorned-mixed-metal-diamond-ring-pear-center-stone,C:\brileent earth\1D20200_Adorned-Mixed-Metal-Diamond-Ring-Gold-BE1D20200-21490788\3d_model\BE1D20200_PE_200ct_RENDER.glb
1D20200,PR,princess,adorned-mixed-metal-diamond-ring-princess-cut-center-stone,C:\brileent earth\1D20200_Adorned-Mixed-Metal-Diamond-Ring-Gold-BE1D20200-21490788\3d_model\BE1D20200_PR_200ct_RENDER.glb
1D20200,RA,radiant,adorned-mixed-metal-diamond-ring-radiant-cut-center-stone,C:\brileent earth\1D20200_Adorned-Mixed-Metal-Diamond-Ring-Gold-BE1D20200-21490788\3d_model\BE1D20200_RA_200ct_RENDER.glb
1D20200,RD,round,adorned-mixed-metal-diamond-ring-round-center-stone,C:\brileent earth\1D20200_Adorned-Mixed-Metal-Diamond-Ring-Gold-BE1D20200-21490788\3d_model\BE1D20200_RD_200ct_RENDER.glb
1D20201,AS,asscher,platinum-adorned-mixed-metal-diamond-ring-asscher-cut-center-stone,C:\brileent earth\1D20201_Platinum-Adorned-Mixed-Metal-Diamond-Ring-Gold-BE1D20201-33160001\3d_model\BE1D20201_AS_200ct_RENDER.glb
1D20201,CU,cushion,platinum-adorned-mixed-metal-diamond-ring-cushion-cut-center-stone,C:\brileent earth\1D20201_Platinum-Adorned-Mixed-Metal-Diamond-Ring-Gold-BE1D20201-33160001\3d_model\BE1D20201_CU_200ct_RENDER.glb
1D20201,EM,emerald,platinum-adorned-mixed-metal-diamond-ring-emerald-cut-center-stone,C:\brileent earth\1D20201_Platinum-Adorned-Mixed-Metal-Diamond-Ring-Gold-BE1D20201-33160001\3d_model\BE1D20201_EM_200ct_RENDER.glb
1D20201,MQ,marquise,platinum-adorned-mixed-metal-diamond-ring-marquise-center-stone,C:\brileent earth\1D20201_Platinum-Adorned-Mixed-Metal-Diamond-Ring-Gold-BE1D20201-33160001\3d_model\BE1D20201_MQ_200ct_RENDER.glb
1D20201,OV,oval,platinum-adorned-mixed-metal-diamond-ring-oval-center-stone,C:\brileent earth\1D20201_Platinum-Adorned-Mixed-Metal-Diamond-Ring-Gold-BE1D20201-33160001\3d_model\BE1D20201_OV_200ct_RENDER.glb
1D20201,PE,pear,platinum-adorned-mixed-metal-diamond-ring-pear-center-stone,C:\brileent earth\1D20201_Platinum-Adorned-Mixed-Metal-Diamond-Ring-Gold-BE1D20201-33160001\3d_model\BE1D20201_PE_200ct_RENDER.glb
1D20201,PR,princess,platinum-adorned-mixed-metal-diamond-ring-princess-cut-center-stone,C:\brileent earth\1D20201_Platinum-Adorned-Mixed-Metal-Diamond-Ring-Gold-BE1D20201-33160001\3d_model\BE1D20201_PR_200ct_RENDER.glb
1D20201,RA,radiant,platinum-adorned-mixed-metal-diamond-ring-radiant-cut-center-stone,C:\brileent earth\1D20201_Platinum-Adorned-Mixed-Metal-Diamond-Ring-Gold-BE1D20201-33160001\3d_model\BE1D20201_RA_200ct_RENDER.glb
1D20201,RD,round,platinum-adorned-mixed-metal-diamond-ring-round-center-stone,C:\brileent earth\1D20201_Platinum-Adorned-Mixed-Metal-Diamond-Ring-Gold-BE1D20201-33160001\3d_model\BE1D20201_RD_200ct_RENDER.glb
1D2042,AS,asscher,nadia-halo-diamond-ring-1-4-ct-tw-asscher-cut-center-stone,C:\brileent earth\1D2042_Nadia-Halo-Diamond-Ring-_1_4-ct_-tw_-14K-White-Gold-BE1D2042-76823327\3d_model\BE1D2042_AS_200ct_RENDER.glb
1D2042,CU,cushion,nadia-halo-diamond-ring-1-4-ct-tw-cushion-cut-center-stone,C:\brileent earth\1D2042_Nadia-Halo-Diamond-Ring-_1_4-ct_-tw_-14K-White-Gold-BE1D2042-76823327\3d_model\BE1D2042_CU_200ct_RENDER.glb
1D2042,EM,emerald,nadia-halo-diamond-ring-1-4-ct-tw-emerald-cut-center-stone,C:\brileent earth\1D2042_Nadia-Halo-Diamond-Ring-_1_4-ct_-tw_-14K-White-Gold-BE1D2042-76823327\3d_model\BE1D2042_EM_200ct_RENDER.glb
1D2042,MQ,marquise,nadia-halo-diamond-ring-1-4-ct-tw-marquise-cut-center-stone,C:\brileent earth\1D2042_Nadia-Halo-Diamond-Ring-_1_4-ct_-tw_-14K-White-Gold-BE1D2042-76823327\3d_model\BE1D2042_MQ_200ct_RENDER.glb
1D2042,OV,oval,nadia-halo-diamond-ring-1-4-ct-tw-oval-cut-center-stone,C:\brileent earth\1D2042_Nadia-Halo-Diamond-Ring-_1_4-ct_-tw_-14K-White-Gold-BE1D2042-76823327\3d_model\BE1D2042_OV_200ct_RENDER.glb
1D2042,PE,pear,nadia-halo-diamond-ring-1-4-ct-tw-pear-cut-center-stone,C:\brileent earth\1D2042_Nadia-Halo-Diamond-Ring-_1_4-ct_-tw_-14K-White-Gold-BE1D2042-76823327\3d_model\BE1D2042_PE_200ct_RENDER.glb
1D2042,PR,princess,nadia-halo-diamond-ring-1-4-ct-tw-princess-cut-center-stone,C:\brileent earth\1D2042_Nadia-Halo-Diamond-Ring-_1_4-ct_-tw_-14K-White-Gold-BE1D2042-76823327\3d_model\BE1D2042_PR_200ct_RENDER.glb
1D2042,RA,radiant,nadia-halo-diamond-ring-1-4-ct-tw-radiant-cut-center-stone,C:\brileent earth\1D2042_Nadia-Halo-Diamond-Ring-_1_4-ct_-tw_-14K-White-Gold-BE1D2042-76823327\3d_model\BE1D2042_RA_200ct_RENDER.glb
1D2042,RD,round,nadia-halo-diamond-ring-1-4-ct-tw-round-cut-center-stone,C:\brileent earth\1D2042_Nadia-Halo-Diamond-Ring-_1_4-ct_-tw_-14K-White-Gold-BE1D2042-76823327\3d_model\BE1D2042_RD_200ct_RENDER.glb
1D2221,AS,asscher,petra-textured-solitaire-ring-asscher-cut-center-stone,C:\brileent earth\1D2221_Petra-Textured-Solitaire-Ring-14K-Gold-BE1D2221-76787062\3d_model\BE1D2221_AS_200ct_RENDER.glb
1D2221,CU,cushion,petra-textured-solitaire-ring-cushion-cut-center-stone,C:\brileent earth\1D2221_Petra-Textured-Solitaire-Ring-14K-Gold-BE1D2221-76787062\3d_model\BE1D2221_CU_200ct_RENDER.glb
1D2221,EM,emerald,petra-textured-solitaire-ring-emerald-cut-center-stone,C:\brileent earth\1D2221_Petra-Textured-Solitaire-Ring-14K-Gold-BE1D2221-76787062\3d_model\BE1D2221_EM_200ct_RENDER.glb
1D2221,HT,heart,petra-textured-solitaire-ring-heart-center-stone,C:\brileent earth\1D2221_Petra-Textured-Solitaire-Ring-14K-Gold-BE1D2221-76787062\3d_model\BE1D2221_HT_200ct_RENDER.glb
1D2221,MQ,marquise,petra-textured-solitaire-ring-marquise-center-stone,C:\brileent earth\1D2221_Petra-Textured-Solitaire-Ring-14K-Gold-BE1D2221-76787062\3d_model\BE1D2221_MQ_200ct_RENDER.glb
1D2221,OV,oval,petra-textured-solitaire-ring-oval-center-stone,C:\brileent earth\1D2221_Petra-Textured-Solitaire-Ring-14K-Gold-BE1D2221-76787062\3d_model\BE1D2221_OV_200ct_RENDER.glb
1D2221,PE,pear,petra-textured-solitaire-ring-pear-center-stone,C:\brileent earth\1D2221_Petra-Textured-Solitaire-Ring-14K-Gold-BE1D2221-76787062\3d_model\BE1D2221_PE_200ct_RENDER.glb
1D2221,PR,princess,petra-textured-solitaire-ring-princess-cut-center-stone,C:\brileent earth\1D2221_Petra-Textured-Solitaire-Ring-14K-Gold-BE1D2221-76787062\3d_model\BE1D2221_PR_200ct_RENDER.glb
1D2221,RA,radiant,petra-textured-solitaire-ring-radiant-cut-center-stone,C:\brileent earth\1D2221_Petra-Textured-Solitaire-Ring-14K-Gold-BE1D2221-76787062\3d_model\BE1D2221_RA_200ct_RENDER.glb
1D2221,RD,round,petra-textured-solitaire-ring-round-center-stone,C:\brileent earth\1D2221_Petra-Textured-Solitaire-Ring-14K-Gold-BE1D2221-76787062\3d_model\BE1D2221_RD_200ct_RENDER.glb
1D225,AS,asscher,petite-selene-three-stone-diamond-ring-1-10-ct-tw-asscher-cut-center-stone,C:\brileent earth\1D225_Petite-Selene-Three-Stone-Diamond-Ring-_1_10-ct_-tw_-14K-White-Gold-BE1D225-76788581\3d_model\BE1D225_AS_200ct_RENDER.glb
1D225,CU,cushion,petite-selene-three-stone-diamond-ring-1-10-ct-tw-cushion-cut-center-stone,C:\brileent earth\1D225_Petite-Selene-Three-Stone-Diamond-Ring-_1_10-ct_-tw_-14K-White-Gold-BE1D225-76788581\3d_model\BE1D225_CU_200ct_RENDER.glb
1D225,EM,emerald,petite-selene-three-stone-diamond-ring-1-10-ct-tw-emerald-cut-center-stone,C:\brileent earth\1D225_Petite-Selene-Three-Stone-Diamond-Ring-_1_10-ct_-tw_-14K-White-Gold-BE1D225-76788581\3d_model\BE1D225_EM_200ct_RENDER.glb
1D225,MQ,marquise,petite-selene-three-stone-diamond-ring-1-10-ct-tw-marquise-center-stone,C:\brileent earth\1D225_Petite-Selene-Three-Stone-Diamond-Ring-_1_10-ct_-tw_-14K-White-Gold-BE1D225-76788581\3d_model\BE1D225_MQ_200ct_RENDER.glb
1D225,OV,oval,petite-selene-three-stone-diamond-ring-1-10-ct-tw-oval-center-stone,C:\brileent earth\1D225_Petite-Selene-Three-Stone-Diamond-Ring-_1_10-ct_-tw_-14K-White-Gold-BE1D225-76788581\3d_model\BE1D225_OV_200ct_RENDER.glb
1D225,PE,pear,petite-selene-three-stone-diamond-ring-1-10-ct-tw-pear-center-stone,C:\brileent earth\1D225_Petite-Selene-Three-Stone-Diamond-Ring-_1_10-ct_-tw_-14K-White-Gold-BE1D225-76788581\3d_model\BE1D225_PE_200ct_RENDER.glb
1D225,PR,princess,petite-selene-three-stone-diamond-ring-1-10-ct-tw-princess-cut-center-stone,C:\brileent earth\1D225_Petite-Selene-Three-Stone-Diamond-Ring-_1_10-ct_-tw_-14K-White-Gold-BE1D225-76788581\3d_model\BE1D225_PR_200ct_RENDER.glb
1D225,RA,radiant,petite-selene-three-stone-diamond-ring-1-10-ct-tw-radiant-cut-center-stone,C:\brileent earth\1D225_Petite-Selene-Three-Stone-Diamond-Ring-_1_10-ct_-tw_-14K-White-Gold-BE1D225-76788581\3d_model\BE1D225_RA_200ct_RENDER.glb
1D225,RD,round,petite-selene-three-stone-diamond-ring-1-10-ct-tw-round-center-stone,C:\brileent earth\1D225_Petite-Selene-Three-Stone-Diamond-Ring-_1_10-ct_-tw_-14K-White-Gold-BE1D225-76788581\3d_model\BE1D225_RD_200ct_RENDER.glb
1D232,AS,asscher,aria-three-stone-diamond-ring-1-10-ct-tw-asscher-cut-center-stone,C:\brileent earth\1D232_Aria-Three-Stone-Diamond-Ring-_1_10-ct_-tw_-14K-Gold-BE1D232-76823726\3d_model\BE1D232_AS_200ct_RENDER.glb
1D232,CU,cushion,aria-three-stone-diamond-ring-1-10-ct-tw-cushion-cut-center-stone,C:\brileent earth\1D232_Aria-Three-Stone-Diamond-Ring-_1_10-ct_-tw_-14K-Gold-BE1D232-76823726\3d_model\BE1D232_CU_200ct_RENDER.glb
1D232,EM,emerald,aria-three-stone-diamond-ring-1-10-ct-tw-emerald-cut-center-stone,C:\brileent earth\1D232_Aria-Three-Stone-Diamond-Ring-_1_10-ct_-tw_-14K-Gold-BE1D232-76823726\3d_model\BE1D232_EM_200ct_RENDER.glb
1D232,MQ,marquise,aria-three-stone-diamond-ring-1-10-ct-tw-marquise-center-stone,C:\brileent earth\1D232_Aria-Three-Stone-Diamond-Ring-_1_10-ct_-tw_-14K-Gold-BE1D232-76823726\3d_model\BE1D232_MQ_200ct_RENDER.glb
1D232,OV,oval,aria-three-stone-diamond-ring-1-10-ct-tw-oval-center-stone,C:\brileent earth\1D232_Aria-Three-Stone-Diamond-Ring-_1_10-ct_-tw_-14K-Gold-BE1D232-76823726\3d_model\BE1D232_OV_200ct_RENDER.glb
1D232,PE,pear,aria-three-stone-diamond-ring-1-10-ct-tw-pear-center-stone,C:\brileent earth\1D232_Aria-Three-Stone-Diamond-Ring-_1_10-ct_-tw_-14K-Gold-BE1D232-76823726\3d_model\BE1D232_PE_200ct_RENDER.glb
1D232,PR,princess,aria-three-stone-diamond-ring-1-10-ct-tw-princess-cut-center-stone,C:\brileent earth\1D232_Aria-Three-Stone-Diamond-Ring-_1_10-ct_-tw_-14K-Gold-BE1D232-76823726\3d_model\BE1D232_PR_200ct_RENDER.glb
1D232,RA,radiant,aria-three-stone-diamond-ring-1-10-ct-tw-radiant-cut-center-stone,C:\brileent earth\1D232_Aria-Three-Stone-Diamond-Ring-_1_10-ct_-tw_-14K-Gold-BE1D232-76823726\3d_model\BE1D232_RA_200ct_RENDER.glb
1D232,RD,round,aria-three-stone-diamond-ring-1-10-ct-tw-round-center-stone,C:\brileent earth\1D232_Aria-Three-Stone-Diamond-Ring-_1_10-ct_-tw_-14K-Gold-BE1D232-76823726\3d_model\BE1D232_RD_200ct_RENDER.glb
1D2370,AS,asscher,elodie-1-8mm-solitaire-ring-asscher-cut-center-stone,C:\brileent earth\1D2370_Elodie-1_8mm-Solitaire-Ring-14K-Gold-BE1D2370-76823700\3d_model\BE1D2370_AS_200ct_RENDER.glb
1D2370,CU,cushion,elodie-1-8mm-solitaire-ring-cushion-cut-center-stone,C:\brileent earth\1D2370_Elodie-1_8mm-Solitaire-Ring-14K-Gold-BE1D2370-76823700\3d_model\BE1D2370_CU_200ct_RENDER.glb
1D2370,EM,emerald,elodie-1-8mm-solitaire-ring-emerald-cut-center-stone,C:\brileent earth\1D2370_Elodie-1_8mm-Solitaire-Ring-14K-Gold-BE1D2370-76823700\3d_model\BE1D2370_EM_200ct_RENDER.glb
1D2370,OV,oval,elodie-1-8mm-solitaire-ring-oval-center-stone,C:\brileent earth\1D2370_Elodie-1_8mm-Solitaire-Ring-14K-Gold-BE1D2370-76823700\3d_model\BE1D2370_OV_200ct_RENDER.glb
1D2370,PR,princess,elodie-1-8mm-solitaire-ring-princess-cut-center-stone,C:\brileent earth\1D2370_Elodie-1_8mm-Solitaire-Ring-14K-Gold-BE1D2370-76823700\3d_model\BE1D2370_PR_200ct_RENDER.glb
1D2370,RA,radiant,elodie-1-8mm-solitaire-ring-radiant-cut-center-stone,C:\brileent earth\1D2370_Elodie-1_8mm-Solitaire-Ring-14K-Gold-BE1D2370-76823700\3d_model\BE1D2370_RA_200ct_RENDER.glb
1D2370,RD,round,elodie-1-8mm-solitaire-ring-round-center-stone,C:\brileent earth\1D2370_Elodie-1_8mm-Solitaire-Ring-14K-Gold-BE1D2370-76823700\3d_model\BE1D2370_RD_200ct_RENDER.glb
1D2414,AS,asscher,perfect-fit-eternity-diamond-ring-1-1-3-ct-tw-asscher-cut-center-stone,C:\brileent earth\1D2414_Perfect-Fit-Eternity-Diamond-Ring-_1-1_3-ct_-tw_-14K-White-Gold-BE1D2414-76788451\3d_model\BE1D2414_AS_200ct_RENDER.glb
1D2414,CU,cushion,perfect-fit-eternity-diamond-ring-1-1-3-ct-tw-cushion-cut-center-stone,C:\brileent earth\1D2414_Perfect-Fit-Eternity-Diamond-Ring-_1-1_3-ct_-tw_-14K-White-Gold-BE1D2414-76788451\3d_model\BE1D2414_CU_200ct_RENDER.glb
1D2414,EM,emerald,perfect-fit-eternity-diamond-ring-1-1-3-ct-tw-emerald-cut-center-stone,C:\brileent earth\1D2414_Perfect-Fit-Eternity-Diamond-Ring-_1-1_3-ct_-tw_-14K-White-Gold-BE1D2414-76788451\3d_model\BE1D2414_EM_200ct_RENDER.glb
1D2414,MQ,marquise,perfect-fit-eternity-diamond-ring-1-1-3-ct-tw-marquise-center-stone,C:\brileent earth\1D2414_Perfect-Fit-Eternity-Diamond-Ring-_1-1_3-ct_-tw_-14K-White-Gold-BE1D2414-76788451\3d_model\BE1D2414_MQ_200ct_RENDER.glb
1D2414,OV,oval,perfect-fit-eternity-diamond-ring-1-1-3-ct-tw-oval-center-stone,C:\brileent earth\1D2414_Perfect-Fit-Eternity-Diamond-Ring-_1-1_3-ct_-tw_-14K-White-Gold-BE1D2414-76788451\3d_model\BE1D2414_OV_200ct_RENDER.glb
1D2414,PE,pear,perfect-fit-eternity-diamond-ring-1-1-3-ct-tw-pear-center-stone,C:\brileent earth\1D2414_Perfect-Fit-Eternity-Diamond-Ring-_1-1_3-ct_-tw_-14K-White-Gold-BE1D2414-76788451\3d_model\BE1D2414_PE_200ct_RENDER.glb
1D2414,PR,princess,perfect-fit-eternity-diamond-ring-1-1-3-ct-tw-princess-cut-center-stone,C:\brileent earth\1D2414_Perfect-Fit-Eternity-Diamond-Ring-_1-1_3-ct_-tw_-14K-White-Gold-BE1D2414-76788451\3d_model\BE1D2414_PR_200ct_RENDER.glb
1D2414,RA,radiant,perfect-fit-eternity-diamond-ring-1-1-3-ct-tw-radiant-cut-center-stone,C:\brileent earth\1D2414_Perfect-Fit-Eternity-Diamond-Ring-_1-1_3-ct_-tw_-14K-White-Gold-BE1D2414-76788451\3d_model\BE1D2414_RA_200ct_RENDER.glb
1D2414,RD,round,perfect-fit-eternity-diamond-ring-1-1-3-ct-tw-round-center-stone,C:\brileent earth\1D2414_Perfect-Fit-Eternity-Diamond-Ring-_1-1_3-ct_-tw_-14K-White-Gold-BE1D2414-76788451\3d_model\BE1D2414_RD_200ct_RENDER.glb
1D2420,MQ,marquise,delilah-three-stone-diamond-ring-marquise-center-stone,C:\brileent earth\1D2420_Delilah-Three-Stone-Diamond-Ring-14K-Gold-BE1D2420-76788820\3d_model\BE1D2420_MQ_200ct_RENDER.glb
1D2420,OV,oval,delilah-three-stone-diamond-ring-oval-center-stone,C:\brileent earth\1D2420_Delilah-Three-Stone-Diamond-Ring-14K-Gold-BE1D2420-76788820\3d_model\BE1D2420_OV_200ct_RENDER.glb
1D2420,PE,pear,delilah-three-stone-diamond-ring-pear-center-stone,C:\brileent earth\1D2420_Delilah-Three-Stone-Diamond-Ring-14K-Gold-BE1D2420-76788820\3d_model\BE1D2420_PE_200ct_RENDER.glb
1D2420,RD,round,delilah-three-stone-diamond-ring-round-center-stone,C:\brileent earth\1D2420_Delilah-Three-Stone-Diamond-Ring-14K-Gold-BE1D2420-76788820\3d_model\BE1D2420_RD_200ct_RENDER.glb
1D2422,AS,asscher,versailles-one-quarter-coverage-diamond-ring-asscher-cut-center-stone,C:\brileent earth\1D2422_Versailles-One-Quarter-Coverage-Diamond-Ring-14K-White-Gold-BE1D2422-76823433\3d_model\BE1D2422_AS_200ct_RENDER.glb
1D2422,CU,cushion,versailles-one-quarter-coverage-diamond-ring-cushion-cut-center-stone,C:\brileent earth\1D2422_Versailles-One-Quarter-Coverage-Diamond-Ring-14K-White-Gold-BE1D2422-76823433\3d_model\BE1D2422_CU_200ct_RENDER.glb
1D2422,EM,emerald,versailles-one-quarter-coverage-diamond-ring-emerald-cut-center-stone,C:\brileent earth\1D2422_Versailles-One-Quarter-Coverage-Diamond-Ring-14K-White-Gold-BE1D2422-76823433\3d_model\BE1D2422_EM_200ct_RENDER.glb
1D2422,MQ,marquise,versailles-one-quarter-coverage-diamond-ring-marquise-center-stone,C:\brileent earth\1D2422_Versailles-One-Quarter-Coverage-Diamond-Ring-14K-White-Gold-BE1D2422-76823433\3d_model\BE1D2422_MQ_200ct_RENDER.glb
1D2422,OV,oval,versailles-one-quarter-coverage-diamond-ring-oval-center-stone,C:\brileent earth\1D2422_Versailles-One-Quarter-Coverage-Diamond-Ring-14K-White-Gold-BE1D2422-76823433\3d_model\BE1D2422_OV_200ct_RENDER.glb
1D2422,PE,pear,versailles-one-quarter-coverage-diamond-ring-pear-center-stone,C:\brileent earth\1D2422_Versailles-One-Quarter-Coverage-Diamond-Ring-14K-White-Gold-BE1D2422-76823433\3d_model\BE1D2422_PE_200ct_RENDER.glb
1D2422,PR,princess,versailles-one-quarter-coverage-diamond-ring-princess-cut-center-stone,C:\brileent earth\1D2422_Versailles-One-Quarter-Coverage-Diamond-Ring-14K-White-Gold-BE1D2422-76823433\3d_model\BE1D2422_PR_200ct_RENDER.glb
1D2422,RA,radiant,versailles-one-quarter-coverage-diamond-ring-radiant-cut-center-stone,C:\brileent earth\1D2422_Versailles-One-Quarter-Coverage-Diamond-Ring-14K-White-Gold-BE1D2422-76823433\3d_model\BE1D2422_RA_200ct_RENDER.glb
1D2422,RD,round,versailles-one-quarter-coverage-diamond-ring-round-center-stone,C:\brileent earth\1D2422_Versailles-One-Quarter-Coverage-Diamond-Ring-14K-White-Gold-BE1D2422-76823433\3d_model\BE1D2422_RD_200ct_RENDER.glb
1D2460,MQ,marquise,secret-halo-six-prong-diamond-ring-marquise-center-stone,C:\brileent earth\1D2460_Secret-Halo-Six-Prong-Diamond-Ring-14K-Gold-BE1D2460-76785963\3d_model\BE1D2460_MQ_200ct_RENDER.glb
1D2460,OV,oval,secret-halo-six-prong-diamond-ring-oval-center-stone,C:\brileent earth\1D2460_Secret-Halo-Six-Prong-Diamond-Ring-14K-Gold-BE1D2460-76785963\3d_model\BE1D2460_OV_200ct_RENDER.glb
1D2460,PE,pear,secret-halo-six-prong-diamond-ring-pear-center-stone,C:\brileent earth\1D2460_Secret-Halo-Six-Prong-Diamond-Ring-14K-Gold-BE1D2460-76785963\3d_model\BE1D2460_PE_200ct_RENDER.glb
1D2460,RD,round,secret-halo-six-prong-diamond-ring-round-center-stone,C:\brileent earth\1D2460_Secret-Halo-Six-Prong-Diamond-Ring-14K-Gold-BE1D2460-76785963\3d_model\BE1D2460_RD_200ct_RENDER.glb
1D2468,AS,asscher,camellia-milgrain-diamond-ring-asscher-cut-center-stone,C:\brileent earth\1D2468_Camellia-Milgrain-Diamond-Ring-14K-Gold-BE1D2468-76787059\3d_model\BE1D2468_AS_200ct_RENDER.glb
1D2468,CU,cushion,camellia-milgrain-diamond-ring-cushion-cut-center-stone,C:\brileent earth\1D2468_Camellia-Milgrain-Diamond-Ring-14K-Gold-BE1D2468-76787059\3d_model\BE1D2468_CU_200ct_RENDER.glb
1D2468,EM,emerald,camellia-milgrain-diamond-ring-emerald-cut-center-stone,C:\brileent earth\1D2468_Camellia-Milgrain-Diamond-Ring-14K-Gold-BE1D2468-76787059\3d_model\BE1D2468_EM_200ct_RENDER.glb
1D2468,MQ,marquise,camellia-milgrain-diamond-ring-marquise-center-stone,C:\brileent earth\1D2468_Camellia-Milgrain-Diamond-Ring-14K-Gold-BE1D2468-76787059\3d_model\BE1D2468_MQ_200ct_RENDER.glb
1D2468,OV,oval,camellia-milgrain-diamond-ring-oval-center-stone,C:\brileent earth\1D2468_Camellia-Milgrain-Diamond-Ring-14K-Gold-BE1D2468-76787059\3d_model\BE1D2468_OV_200ct_RENDER.glb
1D2468,PE,pear,camellia-milgrain-diamond-ring-pear-center-stone,C:\brileent earth\1D2468_Camellia-Milgrain-Diamond-Ring-14K-Gold-BE1D2468-76787059\3d_model\BE1D2468_PE_200ct_RENDER.glb
1D2468,PR,princess,camellia-milgrain-diamond-ring-princess-cut-center-stone,C:\brileent earth\1D2468_Camellia-Milgrain-Diamond-Ring-14K-Gold-BE1D2468-76787059\3d_model\BE1D2468_PR_200ct_RENDER.glb
1D2468,RA,radiant,camellia-milgrain-diamond-ring-radiant-cut-center-stone,C:\brileent earth\1D2468_Camellia-Milgrain-Diamond-Ring-14K-Gold-BE1D2468-76787059\3d_model\BE1D2468_RA_200ct_RENDER.glb
1D2468,RD,round,camellia-milgrain-diamond-ring-round-center-stone,C:\brileent earth\1D2468_Camellia-Milgrain-Diamond-Ring-14K-Gold-BE1D2468-76787059\3d_model\BE1D2468_RD_200ct_RENDER.glb
1D2486,AS,asscher,camellia-three-stone-pear-diamond-ring-asscher-cut-center-stone,C:\brileent earth\1D2486_Camellia-Three-Stone-Pear-Diamond-Ring-14K-Gold-BE1D2486-76788466\3d_model\BE1D2486_AS_200ct_RENDER.glb
1D2486,CU,cushion,camellia-three-stone-pear-diamond-ring-cushion-cut-center-stone,C:\brileent earth\1D2486_Camellia-Three-Stone-Pear-Diamond-Ring-14K-Gold-BE1D2486-76788466\3d_model\BE1D2486_CU_200ct_RENDER.glb
1D2486,EM,emerald,camellia-three-stone-pear-diamond-ring-emerald-cut-center-stone,C:\brileent earth\1D2486_Camellia-Three-Stone-Pear-Diamond-Ring-14K-Gold-BE1D2486-76788466\3d_model\BE1D2486_EM_200ct_RENDER.glb
1D2486,MQ,marquise,camellia-three-stone-pear-diamond-ring-marquise-center-stone,C:\brileent earth\1D2486_Camellia-Three-Stone-Pear-Diamond-Ring-14K-Gold-BE1D2486-76788466\3d_model\BE1D2486_MQ_200ct_RENDER.glb
1D2486,OV,oval,camellia-three-stone-pear-diamond-ring-oval-center-stone,C:\brileent earth\1D2486_Camellia-Three-Stone-Pear-Diamond-Ring-14K-Gold-BE1D2486-76788466\3d_model\BE1D2486_OV_200ct_RENDER.glb
1D2486,PE,pear,camellia-three-stone-pear-diamond-ring-asscher-cut-center-stone,C:\brileent earth\1D2486_Camellia-Three-Stone-Pear-Diamond-Ring-14K-Gold-BE1D2486-76788466\3d_model\BE1D2486_PE_200ct_RENDER.glb
1D2486,PR,princess,camellia-three-stone-pear-diamond-ring-princess-cut-center-stone,C:\brileent earth\1D2486_Camellia-Three-Stone-Pear-Diamond-Ring-14K-Gold-BE1D2486-76788466\3d_model\BE1D2486_PR_200ct_RENDER.glb
1D2486,RA,radiant,camellia-three-stone-pear-diamond-ring-radiant-cut-center-stone,C:\brileent earth\1D2486_Camellia-Three-Stone-Pear-Diamond-Ring-14K-Gold-BE1D2486-76788466\3d_model\BE1D2486_RA_200ct_RENDER.glb
1D2486,RD,round,camellia-three-stone-pear-diamond-ring-round-center-stone,C:\brileent earth\1D2486_Camellia-Three-Stone-Pear-Diamond-Ring-14K-Gold-BE1D2486-76788466\3d_model\BE1D2486_RD_200ct_RENDER.glb
1D27B5,AS,asscher,margot-bezel-ring-asscher-cut-center-stone,C:\brileent earth\1D27B5_Margot-Bezel-Ring-14K-Gold-BE1D27B5-76823336\3d_model\BE1D27B5_AS_200ct_RENDER.glb
1D27B5,CU,cushion,margot-bezel-ring-cushion-cut-center-stone,C:\brileent earth\1D27B5_Margot-Bezel-Ring-14K-Gold-BE1D27B5-76823336\3d_model\BE1D27B5_CU_200ct_RENDER.glb
1D27B5,EM,emerald,margot-bezel-ring-emerald-cut-center-stone,C:\brileent earth\1D27B5_Margot-Bezel-Ring-14K-Gold-BE1D27B5-76823336\3d_model\BE1D27B5_EM_200ct_RENDER.glb
1D27B5,HT,heart,margot-bezel-ring-heart-center-stone,C:\brileent earth\1D27B5_Margot-Bezel-Ring-14K-Gold-BE1D27B5-76823336\3d_model\BE1D27B5_HT_200ct_RENDER.glb
1D27B5,MQ,marquise,margot-bezel-ring-marquise-center-stone,C:\brileent earth\1D27B5_Margot-Bezel-Ring-14K-Gold-BE1D27B5-76823336\3d_model\BE1D27B5_MQ_200ct_RENDER.glb
1D27B5,OV,oval,margot-bezel-ring-oval-center-stone,C:\brileent earth\1D27B5_Margot-Bezel-Ring-14K-Gold-BE1D27B5-76823336\3d_model\BE1D27B5_OV_200ct_RENDER.glb
1D27B5,PE,pear,margot-bezel-ring-pear-center-stone,C:\brileent earth\1D27B5_Margot-Bezel-Ring-14K-Gold-BE1D27B5-76823336\3d_model\BE1D27B5_PE_200ct_RENDER.glb
1D27B5,PR,princess,margot-bezel-ring-princess-cut-center-stone,C:\brileent earth\1D27B5_Margot-Bezel-Ring-14K-Gold-BE1D27B5-76823336\3d_model\BE1D27B5_PR_200ct_RENDER.glb
1D27B5,RA,radiant,margot-bezel-ring-radiant-cut-center-stone,C:\brileent earth\1D27B5_Margot-Bezel-Ring-14K-Gold-BE1D27B5-76823336\3d_model\BE1D27B5_RA_200ct_RENDER.glb
1D27B5,RD,round,margot-bezel-ring-round-center-stone,C:\brileent earth\1D27B5_Margot-Bezel-Ring-14K-Gold-BE1D27B5-76823336\3d_model\BE1D27B5_RD_200ct_RENDER.glb
1D288,AS,asscher,chamise-hidden-halo-diamond-ring-asscher-cut-center-stone,C:\brileent earth\1D288_Chamise-Hidden-Halo-Diamond-Ring-14K-White-Gold-BE1D288-76788492\3d_model\BE1D288_AS_200ct_RENDER.glb
1D288,CU,cushion,chamise-hidden-halo-diamond-ring-cushion-cut-center-stone,C:\brileent earth\1D288_Chamise-Hidden-Halo-Diamond-Ring-14K-White-Gold-BE1D288-76788492\3d_model\BE1D288_CU_200ct_RENDER.glb
1D288,EM,emerald,chamise-hidden-halo-diamond-ring-emerald-cut-center-stone,C:\brileent earth\1D288_Chamise-Hidden-Halo-Diamond-Ring-14K-White-Gold-BE1D288-76788492\3d_model\BE1D288_EM_200ct_RENDER.glb
1D288,MQ,marquise,chamise-hidden-halo-diamond-ring-marquise-center-stone,C:\brileent earth\1D288_Chamise-Hidden-Halo-Diamond-Ring-14K-White-Gold-BE1D288-76788492\3d_model\BE1D288_MQ_200ct_RENDER.glb
1D288,OV,oval,chamise-hidden-halo-diamond-ring-oval-center-stone,C:\brileent earth\1D288_Chamise-Hidden-Halo-Diamond-Ring-14K-White-Gold-BE1D288-76788492\3d_model\BE1D288_OV_200ct_RENDER.glb
1D288,PE,pear,chamise-hidden-halo-diamond-ring-pear-center-stone,C:\brileent earth\1D288_Chamise-Hidden-Halo-Diamond-Ring-14K-White-Gold-BE1D288-76788492\3d_model\BE1D288_PE_200ct_RENDER.glb
1D288,PR,princess,chamise-hidden-halo-diamond-ring-princess-cut-center-stone,C:\brileent earth\1D288_Chamise-Hidden-Halo-Diamond-Ring-14K-White-Gold-BE1D288-76788492\3d_model\BE1D288_PR_200ct_RENDER.glb
1D288,RA,radiant,chamise-hidden-halo-diamond-ring-radiant-cut-center-stone,C:\brileent earth\1D288_Chamise-Hidden-Halo-Diamond-Ring-14K-White-Gold-BE1D288-76788492\3d_model\BE1D288_RA_200ct_RENDER.glb
1D288,RD,round,chamise-hidden-halo-diamond-ring-round-center-stone,C:\brileent earth\1D288_Chamise-Hidden-Halo-Diamond-Ring-14K-White-Gold-BE1D288-76788492\3d_model\BE1D288_RD_200ct_RENDER.glb
1D303,AS,asscher,alden-diamond-ring-asscher-cut-center-stone,C:\brileent earth\1D303_Alden-Diamond-Ring-14K-Gold-BE1D303-76788361\3d_model\BE1D303_AS_200ct_RENDER.glb
1D303,CU,cushion,alden-diamond-ring-cushion-cut-center-stone,C:\brileent earth\1D303_Alden-Diamond-Ring-14K-Gold-BE1D303-76788361\3d_model\BE1D303_CU_200ct_RENDER.glb
1D303,EM,emerald,alden-diamond-ring-emerald-cut-center-stone,C:\brileent earth\1D303_Alden-Diamond-Ring-14K-Gold-BE1D303-76788361\3d_model\BE1D303_EM_200ct_RENDER.glb
1D303,OV,oval,alden-diamond-ring-oval-center-stone,C:\brileent earth\1D303_Alden-Diamond-Ring-14K-Gold-BE1D303-76788361\3d_model\BE1D303_OV_200ct_RENDER.glb
1D303,PR,princess,alden-diamond-ring-princess-cut-center-stone,C:\brileent earth\1D303_Alden-Diamond-Ring-14K-Gold-BE1D303-76788361\3d_model\BE1D303_PR_200ct_RENDER.glb
1D303,RA,radiant,alden-diamond-ring-radiant-cut-center-stone,C:\brileent earth\1D303_Alden-Diamond-Ring-14K-Gold-BE1D303-76788361\3d_model\BE1D303_RA_200ct_RENDER.glb
1D303,RD,round,alden-diamond-ring-round-center-stone,C:\brileent earth\1D303_Alden-Diamond-Ring-14K-Gold-BE1D303-76788361\3d_model\BE1D303_RD_200ct_RENDER.glb
1D3055,AS,asscher,luxe-three-stone-petite-twisted-vine-diamond-ring-asscher-cut-center-stone,C:\brileent earth\1D3055_Luxe-Three-Stone-Petite-Twisted-Vine-Diamond-Ring-14K-White-Gold-BE1D3055-76786012\3d_model\BE1D3055_AS_200ct_RENDER.glb
1D3055,CU,cushion,luxe-three-stone-petite-twisted-vine-diamond-ring-cushion-cut-center-stone,C:\brileent earth\1D3055_Luxe-Three-Stone-Petite-Twisted-Vine-Diamond-Ring-14K-White-Gold-BE1D3055-76786012\3d_model\BE1D3055_CU_200ct_RENDER.glb
1D3055,EM,emerald,luxe-three-stone-petite-twisted-vine-diamond-ring-emerald-cut-center-stone,C:\brileent earth\1D3055_Luxe-Three-Stone-Petite-Twisted-Vine-Diamond-Ring-14K-White-Gold-BE1D3055-76786012\3d_model\BE1D3055_EM_200ct_RENDER.glb
1D3055,HT,heart,luxe-three-stone-petite-twisted-vine-diamond-ring-heart-center-stone,C:\brileent earth\1D3055_Luxe-Three-Stone-Petite-Twisted-Vine-Diamond-Ring-14K-White-Gold-BE1D3055-76786012\3d_model\BE1D3055_HT_200ct_RENDER.glb
1D3055,MQ,marquise,luxe-three-stone-petite-twisted-vine-diamond-ring-marquise-center-stone,C:\brileent earth\1D3055_Luxe-Three-Stone-Petite-Twisted-Vine-Diamond-Ring-14K-White-Gold-BE1D3055-76786012\3d_model\BE1D3055_MQ_200ct_RENDER.glb
1D3055,OV,oval,luxe-three-stone-petite-twisted-vine-diamond-ring-oval-center-stone,C:\brileent earth\1D3055_Luxe-Three-Stone-Petite-Twisted-Vine-Diamond-Ring-14K-White-Gold-BE1D3055-76786012\3d_model\BE1D3055_OV_200ct_RENDER.glb
1D3055,PE,pear,luxe-three-stone-petite-twisted-vine-diamond-ring-pear-center-stone,C:\brileent earth\1D3055_Luxe-Three-Stone-Petite-Twisted-Vine-Diamond-Ring-14K-White-Gold-BE1D3055-76786012\3d_model\BE1D3055_PE_200ct_RENDER.glb
1D3055,PR,princess,luxe-three-stone-petite-twisted-vine-diamond-ring-princess-cut-center-stone,C:\brileent earth\1D3055_Luxe-Three-Stone-Petite-Twisted-Vine-Diamond-Ring-14K-White-Gold-BE1D3055-76786012\3d_model\BE1D3055_PR_200ct_RENDER.glb
1D3055,RA,radiant,luxe-three-stone-petite-twisted-vine-diamond-ring-radiant-cut-center-stone,C:\brileent earth\1D3055_Luxe-Three-Stone-Petite-Twisted-Vine-Diamond-Ring-14K-White-Gold-BE1D3055-76786012\3d_model\BE1D3055_RA_200ct_RENDER.glb
1D3055,RD,round,luxe-three-stone-petite-twisted-vine-diamond-ring-round-center-stone,C:\brileent earth\1D3055_Luxe-Three-Stone-Petite-Twisted-Vine-Diamond-Ring-14K-White-Gold-BE1D3055-76786012\3d_model\BE1D3055_RD_200ct_RENDER.glb
1D305,AS,asscher,demi-three-quarter-coverage-diamond-ring-1-3-ct-tw-asscher-cut-center-stone,C:\brileent earth\1D305_Demi-Three-Quarter-Coverage-Diamond-Ring-_1_3-ct_-tw_-14K-White-Gold-BE1D305-76823537\3d_model\BE1D305_AS_200ct_RENDER.glb
1D305,CU,cushion,demi-three-quarter-coverage-diamond-ring-1-3-ct-tw-cushion-cut-center-stone,C:\brileent earth\1D305_Demi-Three-Quarter-Coverage-Diamond-Ring-_1_3-ct_-tw_-14K-White-Gold-BE1D305-76823537\3d_model\BE1D305_CU_200ct_RENDER.glb
1D305,EM,emerald,demi-three-quarter-coverage-diamond-ring-1-3-ct-tw-emerald-cut-center-stone,C:\brileent earth\1D305_Demi-Three-Quarter-Coverage-Diamond-Ring-_1_3-ct_-tw_-14K-White-Gold-BE1D305-76823537\3d_model\BE1D305_EM_200ct_RENDER.glb
1D305,HT,heart,demi-three-quarter-coverage-diamond-ring-1-3-ct-tw-heart-center-stone,C:\brileent earth\1D305_Demi-Three-Quarter-Coverage-Diamond-Ring-_1_3-ct_-tw_-14K-White-Gold-BE1D305-76823537\3d_model\BE1D305_HT_200ct_RENDER.glb
1D305,MQ,marquise,demi-three-quarter-coverage-diamond-ring-1-3-ct-tw-marquise-center-stone,C:\brileent earth\1D305_Demi-Three-Quarter-Coverage-Diamond-Ring-_1_3-ct_-tw_-14K-White-Gold-BE1D305-76823537\3d_model\BE1D305_MQ_200ct_RENDER.glb
1D305,OV,oval,demi-three-quarter-coverage-diamond-ring-1-3-ct-tw-oval-center-stone,C:\brileent earth\1D305_Demi-Three-Quarter-Coverage-Diamond-Ring-_1_3-ct_-tw_-14K-White-Gold-BE1D305-76823537\3d_model\BE1D305_OV_200ct_RENDER.glb
1D305,PE,pear,demi-three-quarter-coverage-diamond-ring-1-3-ct-tw-pear-center-stone,C:\brileent earth\1D305_Demi-Three-Quarter-Coverage-Diamond-Ring-_1_3-ct_-tw_-14K-White-Gold-BE1D305-76823537\3d_model\BE1D305_PE_200ct_RENDER.glb
1D305,PR,princess,demi-three-quarter-coverage-diamond-ring-1-3-ct-tw-princess-cut-center-stone,C:\brileent earth\1D305_Demi-Three-Quarter-Coverage-Diamond-Ring-_1_3-ct_-tw_-14K-White-Gold-BE1D305-76823537\3d_model\BE1D305_PR_200ct_RENDER.glb
1D305,RA,radiant,demi-three-quarter-coverage-diamond-ring-1-3-ct-tw-radiant-cut-center-stone,C:\brileent earth\1D305_Demi-Three-Quarter-Coverage-Diamond-Ring-_1_3-ct_-tw_-14K-White-Gold-BE1D305-76823537\3d_model\BE1D305_RA_200ct_RENDER.glb
1D305,RD,round,demi-three-quarter-coverage-diamond-ring-1-3-ct-tw-round-center-stone,C:\brileent earth\1D305_Demi-Three-Quarter-Coverage-Diamond-Ring-_1_3-ct_-tw_-14K-White-Gold-BE1D305-76823537\3d_model\BE1D305_RD_200ct_RENDER.glb
1D3108,AS,asscher,petite-secret-halo-diamond-ring-asscher-cut-center-stone,C:\brileent earth\1D3108_Petite-Secret-Halo-Diamond-Ring-14K-Gold-BE1D3108-76785990\3d_model\BE1D3108_AS_200ct_RENDER.glb
1D3108,CU,cushion,petite-secret-halo-diamond-ring-cushion-cut-center-stone,C:\brileent earth\1D3108_Petite-Secret-Halo-Diamond-Ring-14K-Gold-BE1D3108-76785990\3d_model\BE1D3108_CU_200ct_RENDER.glb
1D3108,EM,emerald,petite-secret-halo-diamond-ring-emerald-cut-center-stone,C:\brileent earth\1D3108_Petite-Secret-Halo-Diamond-Ring-14K-Gold-BE1D3108-76785990\3d_model\BE1D3108_EM_200ct_RENDER.glb
1D3108,HT,heart,petite-secret-halo-diamond-ring-heart-center-stone,C:\brileent earth\1D3108_Petite-Secret-Halo-Diamond-Ring-14K-Gold-BE1D3108-76785990\3d_model\BE1D3108_HT_200ct_RENDER.glb
1D3108,MQ,marquise,petite-secret-halo-diamond-ring-marquise-center-stone,C:\brileent earth\1D3108_Petite-Secret-Halo-Diamond-Ring-14K-Gold-BE1D3108-76785990\3d_model\BE1D3108_MQ_200ct_RENDER.glb
1D3108,OV,oval,petite-secret-halo-diamond-ring-oval-center-stone,C:\brileent earth\1D3108_Petite-Secret-Halo-Diamond-Ring-14K-Gold-BE1D3108-76785990\3d_model\BE1D3108_OV_200ct_RENDER.glb
1D3108,PE,pear,petite-secret-halo-diamond-ring-pear-center-stone,C:\brileent earth\1D3108_Petite-Secret-Halo-Diamond-Ring-14K-Gold-BE1D3108-76785990\3d_model\BE1D3108_PE_200ct_RENDER.glb
1D3108,PR,princess,petite-secret-halo-diamond-ring-princess-cut-center-stone,C:\brileent earth\1D3108_Petite-Secret-Halo-Diamond-Ring-14K-Gold-BE1D3108-76785990\3d_model\BE1D3108_PR_200ct_RENDER.glb
1D3108,RA,radiant,petite-secret-halo-diamond-ring-radiant-cut-center-stone,C:\brileent earth\1D3108_Petite-Secret-Halo-Diamond-Ring-14K-Gold-BE1D3108-76785990\3d_model\BE1D3108_RA_200ct_RENDER.glb
1D3108,RD,round,petite-secret-halo-diamond-ring-round-center-stone,C:\brileent earth\1D3108_Petite-Secret-Halo-Diamond-Ring-14K-Gold-BE1D3108-76785990\3d_model\BE1D3108_RD_200ct_RENDER.glb
1D311,AS,asscher,fiore-diamond-ring-asscher-cut-center-stone,C:\brileent earth\1D311_Fiore-Diamond-Ring-Rose-Gold-BE1D311-5140464\3d_model\BE1D311_AS_200ct_RENDER.glb
1D311,CU,cushion,fiore-diamond-ring-cushion-cut-center-stone,C:\brileent earth\1D311_Fiore-Diamond-Ring-Rose-Gold-BE1D311-5140464\3d_model\BE1D311_CU_200ct_RENDER.glb
1D311,EM,emerald,fiore-diamond-ring-emerald-cut-center-stone,C:\brileent earth\1D311_Fiore-Diamond-Ring-Rose-Gold-BE1D311-5140464\3d_model\BE1D311_EM_200ct_RENDER.glb
1D311,HT,heart,fiore-diamond-ring-heart-center-stone,C:\brileent earth\1D311_Fiore-Diamond-Ring-Rose-Gold-BE1D311-5140464\3d_model\BE1D311_HT_200ct_RENDER.glb
1D311,MQ,marquise,fiore-diamond-ring-marquise-center-stone,C:\brileent earth\1D311_Fiore-Diamond-Ring-Rose-Gold-BE1D311-5140464\3d_model\BE1D311_MQ_200ct_RENDER.glb
1D311,OV,oval,fiore-diamond-ring-oval-center-stone,C:\brileent earth\1D311_Fiore-Diamond-Ring-Rose-Gold-BE1D311-5140464\3d_model\BE1D311_OV_200ct_RENDER.glb
1D311,PE,pear,fiore-diamond-ring-pear-center-stone,C:\brileent earth\1D311_Fiore-Diamond-Ring-Rose-Gold-BE1D311-5140464\3d_model\BE1D311_PE_200ct_RENDER.glb
1D311,PR,princess,fiore-diamond-ring-princess-cut-center-stone,C:\brileent earth\1D311_Fiore-Diamond-Ring-Rose-Gold-BE1D311-5140464\3d_model\BE1D311_PR_200ct_RENDER.glb
1D311,RA,radiant,fiore-diamond-ring-radiant-cut-center-stone,C:\brileent earth\1D311_Fiore-Diamond-Ring-Rose-Gold-BE1D311-5140464\3d_model\BE1D311_RA_200ct_RENDER.glb
1D311,RD,round,fiore-diamond-ring-round-center-stone,C:\brileent earth\1D311_Fiore-Diamond-Ring-Rose-Gold-BE1D311-5140464\3d_model\BE1D311_RD_200ct_RENDER.glb
1D3210,AS,asscher,sabine-cluster-diamond-ring-1-ct-tw-asscher-cut-center-stone,C:\brileent earth\1D3210_Sabine-Cluster-Diamond-Ring-_1-ct_-tw_-Rose-Gold-BE1D3210-18472881\3d_model\BE1D3210_AS_200ct_RENDER.glb
1D3210,CU,cushion,sabine-cluster-diamond-ring-1-ct-tw-cushion-cut-center-stone,C:\brileent earth\1D3210_Sabine-Cluster-Diamond-Ring-_1-ct_-tw_-Rose-Gold-BE1D3210-18472881\3d_model\BE1D3210_CU_200ct_RENDER.glb
1D3210,EM,emerald,sabine-cluster-diamond-ring-1-ct-tw-emerald-cut-center-stone,C:\brileent earth\1D3210_Sabine-Cluster-Diamond-Ring-_1-ct_-tw_-Rose-Gold-BE1D3210-18472881\3d_model\BE1D3210_EM_200ct_RENDER.glb
1D3210,MQ,marquise,sabine-cluster-diamond-ring-1-ct-tw-marquise-center-stone,C:\brileent earth\1D3210_Sabine-Cluster-Diamond-Ring-_1-ct_-tw_-Rose-Gold-BE1D3210-18472881\3d_model\BE1D3210_MQ_200ct_RENDER.glb
1D3210,OV,oval,sabine-cluster-diamond-ring-1-ct-tw-oval-center-stone,C:\brileent earth\1D3210_Sabine-Cluster-Diamond-Ring-_1-ct_-tw_-Rose-Gold-BE1D3210-18472881\3d_model\BE1D3210_OV_200ct_RENDER.glb
1D3210,PE,pear,sabine-cluster-diamond-ring-1-ct-tw-pear-center-stone,C:\brileent earth\1D3210_Sabine-Cluster-Diamond-Ring-_1-ct_-tw_-Rose-Gold-BE1D3210-18472881\3d_model\BE1D3210_PE_200ct_RENDER.glb
1D3210,PR,princess,sabine-cluster-diamond-ring-1-ct-tw-princess-cut-center-stone,C:\brileent earth\1D3210_Sabine-Cluster-Diamond-Ring-_1-ct_-tw_-Rose-Gold-BE1D3210-18472881\3d_model\BE1D3210_PR_200ct_RENDER.glb
1D3210,RA,radiant,sabine-cluster-diamond-ring-1-ct-tw-radiant-cut-center-stone,C:\brileent earth\1D3210_Sabine-Cluster-Diamond-Ring-_1-ct_-tw_-Rose-Gold-BE1D3210-18472881\3d_model\BE1D3210_RA_200ct_RENDER.glb
1D3210,RD,round,sabine-cluster-diamond-ring-1-ct-tw-round-center-stone,C:\brileent earth\1D3210_Sabine-Cluster-Diamond-Ring-_1-ct_-tw_-Rose-Gold-BE1D3210-18472881\3d_model\BE1D3210_RD_200ct_RENDER.glb
1D3242,AS,asscher,reina-halo-diamond-ring-asscher-cut-center-stone,C:\brileent earth\1D3242_Reina-Halo-Diamond-Ring-Rose-Gold-BE1D3242-4440370\3d_model\BE1D3242_AS_200ct_RENDER.glb
1D3242,CU,cushion,reina-halo-diamond-ring-cushion-cut-center-stone,C:\brileent earth\1D3242_Reina-Halo-Diamond-Ring-Rose-Gold-BE1D3242-4440370\3d_model\BE1D3242_CU_200ct_RENDER.glb
1D3242,EM,emerald,reina-halo-diamond-ring-emerald-cut-center-stone,C:\brileent earth\1D3242_Reina-Halo-Diamond-Ring-Rose-Gold-BE1D3242-4440370\3d_model\BE1D3242_EM_200ct_RENDER.glb
1D3242,OV,oval,reina-halo-diamond-ring-oval-center-stone,C:\brileent earth\1D3242_Reina-Halo-Diamond-Ring-Rose-Gold-BE1D3242-4440370\3d_model\BE1D3242_OV_200ct_RENDER.glb
1D3242,PR,princess,reina-halo-diamond-ring-princess-cut-center-stone,C:\brileent earth\1D3242_Reina-Halo-Diamond-Ring-Rose-Gold-BE1D3242-4440370\3d_model\BE1D3242_PR_200ct_RENDER.glb
1D3242,RA,radiant,reina-halo-diamond-ring-radiant-cut-center-stone,C:\brileent earth\1D3242_Reina-Halo-Diamond-Ring-Rose-Gold-BE1D3242-4440370\3d_model\BE1D3242_RA_200ct_RENDER.glb
1D3242,RD,round,reina-halo-diamond-ring-round-center-stone,C:\brileent earth\1D3242_Reina-Halo-Diamond-Ring-Rose-Gold-BE1D3242-4440370\3d_model\BE1D3242_RD_200ct_RENDER.glb
1D327,AS,asscher,platinum-mixed-metal-audrey-2mm-diamond-ring-asscher-cut-center-stone,C:\brileent earth\1D327_Platinum-Mixed-Metal-Audrey-2mm-Diamond-Ring-Gold-BE1D327-50945434\3d_model\BE1D327_AS_200ct_RENDER.glb
1D327,CU,cushion,platinum-mixed-metal-audrey-2mm-diamond-ring-cushion-cut-center-stone,C:\brileent earth\1D327_Platinum-Mixed-Metal-Audrey-2mm-Diamond-Ring-Gold-BE1D327-50945434\3d_model\BE1D327_CU_200ct_RENDER.glb
1D327,EM,emerald,platinum-mixed-metal-audrey-2mm-diamond-ring-emerald-cut-center-stone,C:\brileent earth\1D327_Platinum-Mixed-Metal-Audrey-2mm-Diamond-Ring-Gold-BE1D327-50945434\3d_model\BE1D327_EM_200ct_RENDER.glb
1D327,MQ,marquise,platinum-mixed-metal-audrey-2mm-diamond-ring-marquise-center-stone,C:\brileent earth\1D327_Platinum-Mixed-Metal-Audrey-2mm-Diamond-Ring-Gold-BE1D327-50945434\3d_model\BE1D327_MQ_200ct_RENDER.glb
1D327,OV,oval,platinum-mixed-metal-audrey-2mm-diamond-ring-oval-center-stone,C:\brileent earth\1D327_Platinum-Mixed-Metal-Audrey-2mm-Diamond-Ring-Gold-BE1D327-50945434\3d_model\BE1D327_OV_200ct_RENDER.glb
1D327,PE,pear,platinum-mixed-metal-audrey-2mm-diamond-ring-pear-center-stone,C:\brileent earth\1D327_Platinum-Mixed-Metal-Audrey-2mm-Diamond-Ring-Gold-BE1D327-50945434\3d_model\BE1D327_PE_200ct_RENDER.glb
1D327,PR,princess,platinum-mixed-metal-audrey-2mm-diamond-ring-princess-cut-center-stone,C:\brileent earth\1D327_Platinum-Mixed-Metal-Audrey-2mm-Diamond-Ring-Gold-BE1D327-50945434\3d_model\BE1D327_PR_200ct_RENDER.glb
1D327,RA,radiant,platinum-mixed-metal-audrey-2mm-diamond-ring-radiant-cut-center-stone,C:\brileent earth\1D327_Platinum-Mixed-Metal-Audrey-2mm-Diamond-Ring-Gold-BE1D327-50945434\3d_model\BE1D327_RA_200ct_RENDER.glb
1D327,RD,round,platinum-mixed-metal-audrey-2mm-diamond-ring-round-center-stone,C:\brileent earth\1D327_Platinum-Mixed-Metal-Audrey-2mm-Diamond-Ring-Gold-BE1D327-50945434\3d_model\BE1D327_RD_200ct_RENDER.glb
1D32H,AS,asscher,odessa-halo-diamond-ring-1-5-ct-tw-asscher-cut-center-stone,C:\brileent earth\1D32H_Odessa-Halo-Diamond-Ring-_1_5-ct_-tw_-14K-White-Gold-BE1D32H-76788737\3d_model\BE1D32H_AS_200ct_RENDER.glb
1D32H,CU,cushion,odessa-halo-diamond-ring-1-5-ct-tw-cushion-cut-center-stone,C:\brileent earth\1D32H_Odessa-Halo-Diamond-Ring-_1_5-ct_-tw_-14K-White-Gold-BE1D32H-76788737\3d_model\BE1D32H_CU_200ct_RENDER.glb
1D32H,EM,emerald,odessa-halo-diamond-ring-1-5-ct-tw-emerald-cut-center-stone,C:\brileent earth\1D32H_Odessa-Halo-Diamond-Ring-_1_5-ct_-tw_-14K-White-Gold-BE1D32H-76788737\3d_model\BE1D32H_EM_200ct_RENDER.glb
1D32H,MQ,marquise,odessa-halo-diamond-ring-1-5-ct-tw-marquise-center-stone,C:\brileent earth\1D32H_Odessa-Halo-Diamond-Ring-_1_5-ct_-tw_-14K-White-Gold-BE1D32H-76788737\3d_model\BE1D32H_MQ_200ct_RENDER.glb
1D32H,OV,oval,odessa-halo-diamond-ring-1-5-ct-tw-oval-center-stone,C:\brileent earth\1D32H_Odessa-Halo-Diamond-Ring-_1_5-ct_-tw_-14K-White-Gold-BE1D32H-76788737\3d_model\BE1D32H_OV_200ct_RENDER.glb
1D32H,PE,pear,odessa-halo-diamond-ring-1-5-ct-tw-pear-center-stone,C:\brileent earth\1D32H_Odessa-Halo-Diamond-Ring-_1_5-ct_-tw_-14K-White-Gold-BE1D32H-76788737\3d_model\BE1D32H_PE_200ct_RENDER.glb
1D32H,PR,princess,odessa-halo-diamond-ring-1-5-ct-tw-princess-cut-center-stone,C:\brileent earth\1D32H_Odessa-Halo-Diamond-Ring-_1_5-ct_-tw_-14K-White-Gold-BE1D32H-76788737\3d_model\BE1D32H_PR_200ct_RENDER.glb
1D32H,RA,radiant,odessa-halo-diamond-ring-1-5-ct-tw-radiant-cut-center-stone,C:\brileent earth\1D32H_Odessa-Halo-Diamond-Ring-_1_5-ct_-tw_-14K-White-Gold-BE1D32H-76788737\3d_model\BE1D32H_RA_200ct_RENDER.glb
1D32H,RD,round,odessa-halo-diamond-ring-1-5-ct-tw-round-center-stone,C:\brileent earth\1D32H_Odessa-Halo-Diamond-Ring-_1_5-ct_-tw_-14K-White-Gold-BE1D32H-76788737\3d_model\BE1D32H_RD_200ct_RENDER.glb
1D3300,AS,asscher,rosette-diamond-ring-asscher-cut-center-stone,C:\brileent earth\1D3300_Rosette-Diamond-Ring-14K-Gold-BE1D3300-76819994\3d_model\BE1D3300_AS_200ct_RENDER.glb
1D3300,CU,cushion,rosette-diamond-ring-cushion-cut-center-stone,C:\brileent earth\1D3300_Rosette-Diamond-Ring-14K-Gold-BE1D3300-76819994\3d_model\BE1D3300_CU_200ct_RENDER.glb
1D3300,EM,emerald,rosette-diamond-ring-emerald-cut-center-stone,C:\brileent earth\1D3300_Rosette-Diamond-Ring-14K-Gold-BE1D3300-76819994\3d_model\BE1D3300_EM_200ct_RENDER.glb
1D3300,MQ,marquise,rosette-diamond-ring-marquise-center-stone,C:\brileent earth\1D3300_Rosette-Diamond-Ring-14K-Gold-BE1D3300-76819994\3d_model\BE1D3300_MQ_200ct_RENDER.glb
1D3300,OV,oval,rosette-diamond-ring-oval-center-stone,C:\brileent earth\1D3300_Rosette-Diamond-Ring-14K-Gold-BE1D3300-76819994\3d_model\BE1D3300_OV_200ct_RENDER.glb
1D3300,PE,pear,rosette-diamond-ring-pear-center-stone,C:\brileent earth\1D3300_Rosette-Diamond-Ring-14K-Gold-BE1D3300-76819994\3d_model\BE1D3300_PE_200ct_RENDER.glb
1D3300,PR,princess,rosette-diamond-ring-princess-cut-center-stone,C:\brileent earth\1D3300_Rosette-Diamond-Ring-14K-Gold-BE1D3300-76819994\3d_model\BE1D3300_PR_200ct_RENDER.glb
1D3300,RA,radiant,rosette-diamond-ring-radiant-cut-center-stone,C:\brileent earth\1D3300_Rosette-Diamond-Ring-14K-Gold-BE1D3300-76819994\3d_model\BE1D3300_RA_200ct_RENDER.glb
1D3300,RD,round,rosette-diamond-ring-round-center-stone,C:\brileent earth\1D3300_Rosette-Diamond-Ring-14K-Gold-BE1D3300-76819994\3d_model\BE1D3300_RD_200ct_RENDER.glb
1D332,AS,asscher,elle-solitaire-ring-asscher-cut-center-stone,C:\brileent earth\1D332_Elle-Solitaire-Ring-14K-Gold-BE1D332-76788553\3d_model\BE1D332_AS_200ct_RENDER.glb
1D332,CU,cushion,elle-solitaire-ring-cushion-cut-center-stone,C:\brileent earth\1D332_Elle-Solitaire-Ring-14K-Gold-BE1D332-76788553\3d_model\BE1D332_CU_200ct_RENDER.glb
1D332,EM,emerald,elle-solitaire-ring-emerald-cut-center-stone,C:\brileent earth\1D332_Elle-Solitaire-Ring-14K-Gold-BE1D332-76788553\3d_model\BE1D332_EM_200ct_RENDER.glb
1D332,HT,heart,elle-solitaire-ring-heart-center-stone,C:\brileent earth\1D332_Elle-Solitaire-Ring-14K-Gold-BE1D332-76788553\3d_model\BE1D332_HT_200ct_RENDER.glb
1D332,MQ,marquise,elle-solitaire-ring-marquise-center-stone,C:\brileent earth\1D332_Elle-Solitaire-Ring-14K-Gold-BE1D332-76788553\3d_model\BE1D332_MQ_200ct_RENDER.glb
1D332,OV,oval,elle-solitaire-ring-oval-center-stone,C:\brileent earth\1D332_Elle-Solitaire-Ring-14K-Gold-BE1D332-76788553\3d_model\BE1D332_OV_200ct_RENDER.glb
1D332,PE,pear,elle-solitaire-ring-pear-center-stone,C:\brileent earth\1D332_Elle-Solitaire-Ring-14K-Gold-BE1D332-76788553\3d_model\BE1D332_PE_200ct_RENDER.glb
1D332,PR,princess,elle-solitaire-ring-princess-cut-center-stone,C:\brileent earth\1D332_Elle-Solitaire-Ring-14K-Gold-BE1D332-76788553\3d_model\BE1D332_PR_200ct_RENDER.glb
1D332,RA,radiant,elle-solitaire-ring-radiant-cut-center-stone,C:\brileent earth\1D332_Elle-Solitaire-Ring-14K-Gold-BE1D332-76788553\3d_model\BE1D332_RA_200ct_RENDER.glb
1D332,RD,round,elle-solitaire-ring-round-center-stone,C:\brileent earth\1D332_Elle-Solitaire-Ring-14K-Gold-BE1D332-76788553\3d_model\BE1D332_RD_200ct_RENDER.glb
1D347,AS,asscher,half-moon-three-stone-diamond-ring-1-4-ct-tw-asscher-cut-center-stone,C:\brileent earth\1D347_Half-Moon-Three-Stone-Diamond-Ring-_1_4-ct_-tw_-14K-White-Gold-BE1D347-76787048\3d_model\BE1D347_AS_200ct_RENDER.glb
1D347,CU,cushion,half-moon-three-stone-diamond-ring-1-4-ct-tw-cushion-cut-center-stone,C:\brileent earth\1D347_Half-Moon-Three-Stone-Diamond-Ring-_1_4-ct_-tw_-14K-White-Gold-BE1D347-76787048\3d_model\BE1D347_CU_200ct_RENDER.glb
1D347,EM,emerald,half-moon-three-stone-diamond-ring-1-4-ct-tw-emerald-cut-center-stone,C:\brileent earth\1D347_Half-Moon-Three-Stone-Diamond-Ring-_1_4-ct_-tw_-14K-White-Gold-BE1D347-76787048\3d_model\BE1D347_EM_200ct_RENDER.glb
1D347,MQ,marquise,half-moon-three-stone-diamond-ring-1-4-ct-tw-marquise-center-stone,C:\brileent earth\1D347_Half-Moon-Three-Stone-Diamond-Ring-_1_4-ct_-tw_-14K-White-Gold-BE1D347-76787048\3d_model\BE1D347_MQ_200ct_RENDER.glb
1D347,OV,oval,half-moon-three-stone-diamond-ring-1-4-ct-tw-oval-center-stone,C:\brileent earth\1D347_Half-Moon-Three-Stone-Diamond-Ring-_1_4-ct_-tw_-14K-White-Gold-BE1D347-76787048\3d_model\BE1D347_OV_200ct_RENDER.glb
1D347,PE,pear,half-moon-three-stone-diamond-ring-1-4-ct-tw-pear-center-stone,C:\brileent earth\1D347_Half-Moon-Three-Stone-Diamond-Ring-_1_4-ct_-tw_-14K-White-Gold-BE1D347-76787048\3d_model\BE1D347_PE_200ct_RENDER.glb
1D347,PR,princess,half-moon-three-stone-diamond-ring-1-4-ct-tw-princess-cut-center-stone,C:\brileent earth\1D347_Half-Moon-Three-Stone-Diamond-Ring-_1_4-ct_-tw_-14K-White-Gold-BE1D347-76787048\3d_model\BE1D347_PR_200ct_RENDER.glb
1D347,RA,radiant,half-moon-three-stone-diamond-ring-1-4-ct-tw-radiant-cut-center-stone,C:\brileent earth\1D347_Half-Moon-Three-Stone-Diamond-Ring-_1_4-ct_-tw_-14K-White-Gold-BE1D347-76787048\3d_model\BE1D347_RA_200ct_RENDER.glb
1D347,RD,round,half-moon-three-stone-diamond-ring-1-4-ct-tw-round-center-stone,C:\brileent earth\1D347_Half-Moon-Three-Stone-Diamond-Ring-_1_4-ct_-tw_-14K-White-Gold-BE1D347-76787048\3d_model\BE1D347_RD_200ct_RENDER.glb
1D352,AS,asscher,selene-three-stone-diamond-ring-1-3-ct-tw-asscher-cut-center-stone,C:\brileent earth\1D352_Selene-Three-Stone-Diamond-Ring-_1_3-ct_-tw_-14K-Gold-BE1D352-76788546\3d_model\BE1D352_AS_200ct_RENDER.glb
1D352,CU,cushion,selene-three-stone-diamond-ring-1-3-ct-tw-cushion-cut-center-stone,C:\brileent earth\1D352_Selene-Three-Stone-Diamond-Ring-_1_3-ct_-tw_-14K-Gold-BE1D352-76788546\3d_model\BE1D352_CU_200ct_RENDER.glb
1D352,EM,emerald,selene-three-stone-diamond-ring-1-3-ct-tw-emerald-cut-center-stone,C:\brileent earth\1D352_Selene-Three-Stone-Diamond-Ring-_1_3-ct_-tw_-14K-Gold-BE1D352-76788546\3d_model\BE1D352_EM_200ct_RENDER.glb
1D352,MQ,marquise,selene-three-stone-diamond-ring-1-3-ct-tw-marquise-center-stone,C:\brileent earth\1D352_Selene-Three-Stone-Diamond-Ring-_1_3-ct_-tw_-14K-Gold-BE1D352-76788546\3d_model\BE1D352_MQ_200ct_RENDER.glb
1D352,OV,oval,selene-three-stone-diamond-ring-1-3-ct-tw-oval-center-stone,C:\brileent earth\1D352_Selene-Three-Stone-Diamond-Ring-_1_3-ct_-tw_-14K-Gold-BE1D352-76788546\3d_model\BE1D352_OV_200ct_RENDER.glb
1D352,PE,pear,selene-three-stone-diamond-ring-1-3-ct-tw-pear-center-stone,C:\brileent earth\1D352_Selene-Three-Stone-Diamond-Ring-_1_3-ct_-tw_-14K-Gold-BE1D352-76788546\3d_model\BE1D352_PE_200ct_RENDER.glb
1D352,PR,princess,selene-three-stone-diamond-ring-1-3-ct-tw-princess-cut-center-stone,C:\brileent earth\1D352_Selene-Three-Stone-Diamond-Ring-_1_3-ct_-tw_-14K-Gold-BE1D352-76788546\3d_model\BE1D352_PR_200ct_RENDER.glb
1D352,RA,radiant,selene-three-stone-diamond-ring-1-3-ct-tw-radiant-cut-center-stone,C:\brileent earth\1D352_Selene-Three-Stone-Diamond-Ring-_1_3-ct_-tw_-14K-Gold-BE1D352-76788546\3d_model\BE1D352_RA_200ct_RENDER.glb
1D352,RD,round,selene-three-stone-diamond-ring-1-3-ct-tw-round-center-stone,C:\brileent earth\1D352_Selene-Three-Stone-Diamond-Ring-_1_3-ct_-tw_-14K-Gold-BE1D352-76788546\3d_model\BE1D352_RD_200ct_RENDER.glb
1D354,AS,asscher,half-moon-three-stone-diamond-ring-1-2-ct-tw-asscher-cut-center-stone,C:\brileent earth\1D354_Half-Moon-Three-Stone-Diamond-Ring-_1_2-ct_-tw_-14K-White-Gold-BE1D354-76787089\3d_model\BE1D354_AS_200ct_RENDER.glb
1D354,CU,cushion,half-moon-three-stone-diamond-ring-1-2-ct-tw-cushion-cut-center-stone,C:\brileent earth\1D354_Half-Moon-Three-Stone-Diamond-Ring-_1_2-ct_-tw_-14K-White-Gold-BE1D354-76787089\3d_model\BE1D354_CU_200ct_RENDER.glb
1D354,EM,emerald,half-moon-three-stone-diamond-ring-1-2-ct-tw-emerald-cut-center-stone,C:\brileent earth\1D354_Half-Moon-Three-Stone-Diamond-Ring-_1_2-ct_-tw_-14K-White-Gold-BE1D354-76787089\3d_model\BE1D354_EM_200ct_RENDER.glb
1D354,MQ,marquise,half-moon-three-stone-diamond-ring-1-2-ct-tw-marquise-center-stone,C:\brileent earth\1D354_Half-Moon-Three-Stone-Diamond-Ring-_1_2-ct_-tw_-14K-White-Gold-BE1D354-76787089\3d_model\BE1D354_MQ_200ct_RENDER.glb
1D354,OV,oval,half-moon-three-stone-diamond-ring-1-2-ct-tw-oval-center-stone,C:\brileent earth\1D354_Half-Moon-Three-Stone-Diamond-Ring-_1_2-ct_-tw_-14K-White-Gold-BE1D354-76787089\3d_model\BE1D354_OV_200ct_RENDER.glb
1D354,PE,pear,half-moon-three-stone-diamond-ring-1-2-ct-tw-pear-center-stone,C:\brileent earth\1D354_Half-Moon-Three-Stone-Diamond-Ring-_1_2-ct_-tw_-14K-White-Gold-BE1D354-76787089\3d_model\BE1D354_PE_200ct_RENDER.glb
1D354,PR,princess,half-moon-three-stone-diamond-ring-1-2-ct-tw-princess-cut-center-stone,C:\brileent earth\1D354_Half-Moon-Three-Stone-Diamond-Ring-_1_2-ct_-tw_-14K-White-Gold-BE1D354-76787089\3d_model\BE1D354_PR_200ct_RENDER.glb
1D354,RA,radiant,half-moon-three-stone-diamond-ring-1-2-ct-tw-radiant-cut-center-stone,C:\brileent earth\1D354_Half-Moon-Three-Stone-Diamond-Ring-_1_2-ct_-tw_-14K-White-Gold-BE1D354-76787089\3d_model\BE1D354_RA_200ct_RENDER.glb
1D354,RD,round,half-moon-three-stone-diamond-ring-1-2-ct-tw-round-center-stone,C:\brileent earth\1D354_Half-Moon-Three-Stone-Diamond-Ring-_1_2-ct_-tw_-14K-White-Gold-BE1D354-76787089\3d_model\BE1D354_RD_200ct_RENDER.glb
1D356,AS,asscher,arden-three-stone-diamond-ring-asscher-cut-center-stone,C:\brileent earth\1D356_Arden-Three-Stone-Diamond-Ring-14K-Gold-BE1D356-76783860\3d_model\BE1D356_AS_200ct_RENDER.glb
1D356,CU,cushion,arden-three-stone-diamond-ring-cushion-cut-center-stone,C:\brileent earth\1D356_Arden-Three-Stone-Diamond-Ring-14K-Gold-BE1D356-76783860\3d_model\BE1D356_CU_200ct_RENDER.glb
1D356,EM,emerald,arden-three-stone-diamond-ring-emerald-cut-center-stone,C:\brileent earth\1D356_Arden-Three-Stone-Diamond-Ring-14K-Gold-BE1D356-76783860\3d_model\BE1D356_EM_200ct_RENDER.glb
1D356,HT,heart,arden-three-stone-diamond-ring-heart-center-stone,C:\brileent earth\1D356_Arden-Three-Stone-Diamond-Ring-14K-Gold-BE1D356-76783860\3d_model\BE1D356_HT_200ct_RENDER.glb
1D356,MQ,marquise,arden-three-stone-diamond-ring-marquise-center-stone,C:\brileent earth\1D356_Arden-Three-Stone-Diamond-Ring-14K-Gold-BE1D356-76783860\3d_model\BE1D356_MQ_200ct_RENDER.glb
1D356,OV,oval,arden-three-stone-diamond-ring-oval-center-stone,C:\brileent earth\1D356_Arden-Three-Stone-Diamond-Ring-14K-Gold-BE1D356-76783860\3d_model\BE1D356_OV_200ct_RENDER.glb
1D356,PE,pear,arden-three-stone-diamond-ring-pear-center-stone,C:\brileent earth\1D356_Arden-Three-Stone-Diamond-Ring-14K-Gold-BE1D356-76783860\3d_model\BE1D356_PE_200ct_RENDER.glb
1D356,PR,princess,arden-three-stone-diamond-ring-princess-cut-center-stone,C:\brileent earth\1D356_Arden-Three-Stone-Diamond-Ring-14K-Gold-BE1D356-76783860\3d_model\BE1D356_PR_200ct_RENDER.glb
1D356,RA,radiant,arden-three-stone-diamond-ring-radiant-cut-center-stone,C:\brileent earth\1D356_Arden-Three-Stone-Diamond-Ring-14K-Gold-BE1D356-76783860\3d_model\BE1D356_RA_200ct_RENDER.glb
1D356,RD,round,arden-three-stone-diamond-ring-round-center-stone,C:\brileent earth\1D356_Arden-Three-Stone-Diamond-Ring-14K-Gold-BE1D356-76783860\3d_model\BE1D356_RD_200ct_RENDER.glb
1D3588,AS,asscher,vintage-secret-garden-diamond-ring-3-8-ct-tw-asscher-cut-center-stone,C:\brileent earth\1D3588_Vintage-Secret-Garden-Diamond-Ring-_3_8-ct_-tw_-14K-Gold-BE1D3588-76783844\3d_model\BE1D3588_AS_200ct_RENDER.glb
1D3588,CU,cushion,vintage-secret-garden-diamond-ring-3-8-ct-tw-cushion-cut-center-stone,C:\brileent earth\1D3588_Vintage-Secret-Garden-Diamond-Ring-_3_8-ct_-tw_-14K-Gold-BE1D3588-76783844\3d_model\BE1D3588_CU_200ct_RENDER.glb
1D3588,EM,emerald,vintage-secret-garden-diamond-ring-3-8-ct-tw-emerald-cut-center-stone,C:\brileent earth\1D3588_Vintage-Secret-Garden-Diamond-Ring-_3_8-ct_-tw_-14K-Gold-BE1D3588-76783844\3d_model\BE1D3588_EM_200ct_RENDER.glb
1D3588,HT,heart,vintage-secret-garden-diamond-ring-3-8-ct-tw-heart-center-stone,C:\brileent earth\1D3588_Vintage-Secret-Garden-Diamond-Ring-_3_8-ct_-tw_-14K-Gold-BE1D3588-76783844\3d_model\BE1D3588_HT_200ct_RENDER.glb
1D3588,MQ,marquise,vintage-secret-garden-diamond-ring-3-8-ct-tw-marquise-center-stone,C:\brileent earth\1D3588_Vintage-Secret-Garden-Diamond-Ring-_3_8-ct_-tw_-14K-Gold-BE1D3588-76783844\3d_model\BE1D3588_MQ_200ct_RENDER.glb
1D3588,OV,oval,vintage-secret-garden-diamond-ring-3-8-ct-tw-oval-center-stone,C:\brileent earth\1D3588_Vintage-Secret-Garden-Diamond-Ring-_3_8-ct_-tw_-14K-Gold-BE1D3588-76783844\3d_model\BE1D3588_OV_200ct_RENDER.glb
1D3588,PE,pear,vintage-secret-garden-diamond-ring-3-8-ct-tw-pear-center-stone,C:\brileent earth\1D3588_Vintage-Secret-Garden-Diamond-Ring-_3_8-ct_-tw_-14K-Gold-BE1D3588-76783844\3d_model\BE1D3588_PE_200ct_RENDER.glb
1D3588,PR,princess,vintage-secret-garden-diamond-ring-3-8-ct-tw-princess-cut-center-stone,C:\brileent earth\1D3588_Vintage-Secret-Garden-Diamond-Ring-_3_8-ct_-tw_-14K-Gold-BE1D3588-76783844\3d_model\BE1D3588_PR_200ct_RENDER.glb
1D3588,RA,radiant,vintage-secret-garden-diamond-ring-3-8-ct-tw-radiant-cut-center-stone,C:\brileent earth\1D3588_Vintage-Secret-Garden-Diamond-Ring-_3_8-ct_-tw_-14K-Gold-BE1D3588-76783844\3d_model\BE1D3588_RA_200ct_RENDER.glb
1D3588,RD,round,vintage-secret-garden-diamond-ring-3-8-ct-tw-round-center-stone,C:\brileent earth\1D3588_Vintage-Secret-Garden-Diamond-Ring-_3_8-ct_-tw_-14K-Gold-BE1D3588-76783844\3d_model\BE1D3588_RD_200ct_RENDER.glb
1D3737,AS,asscher,begonia-vine-diamond-ring-1-2-ct-tw-asscher-cut-center-stone,C:\brileent earth\1D3737_Begonia-Vine-Diamond-Ring-_1_2-ct_-tw_-14K-Gold-BE1D3737-76785977\3d_model\BE1D3737_AS_200ct_RENDER.glb
1D3737,CU,cushion,begonia-vine-diamond-ring-1-2-ct-tw-cushion-cut-center-stone,C:\brileent earth\1D3737_Begonia-Vine-Diamond-Ring-_1_2-ct_-tw_-14K-Gold-BE1D3737-76785977\3d_model\BE1D3737_CU_200ct_RENDER.glb
1D3737,EM,emerald,begonia-vine-diamond-ring-1-2-ct-tw-emerald-cut-center-stone,C:\brileent earth\1D3737_Begonia-Vine-Diamond-Ring-_1_2-ct_-tw_-14K-Gold-BE1D3737-76785977\3d_model\BE1D3737_EM_200ct_RENDER.glb
1D3737,MQ,marquise,begonia-vine-diamond-ring-1-2-ct-tw-marquise-center-stone,C:\brileent earth\1D3737_Begonia-Vine-Diamond-Ring-_1_2-ct_-tw_-14K-Gold-BE1D3737-76785977\3d_model\BE1D3737_MQ_200ct_RENDER.glb
1D3737,OV,oval,begonia-vine-diamond-ring-1-2-ct-tw-oval-center-stone,C:\brileent earth\1D3737_Begonia-Vine-Diamond-Ring-_1_2-ct_-tw_-14K-Gold-BE1D3737-76785977\3d_model\BE1D3737_OV_200ct_RENDER.glb
1D3737,PE,pear,begonia-vine-diamond-ring-1-2-ct-tw-pear-center-stone,C:\brileent earth\1D3737_Begonia-Vine-Diamond-Ring-_1_2-ct_-tw_-14K-Gold-BE1D3737-76785977\3d_model\BE1D3737_PE_200ct_RENDER.glb
1D3737,PR,princess,begonia-vine-diamond-ring-1-2-ct-tw-princess-cut-center-stone,C:\brileent earth\1D3737_Begonia-Vine-Diamond-Ring-_1_2-ct_-tw_-14K-Gold-BE1D3737-76785977\3d_model\BE1D3737_PR_200ct_RENDER.glb
1D3737,RA,radiant,begonia-vine-diamond-ring-1-2-ct-tw-radiant-cut-center-stone,C:\brileent earth\1D3737_Begonia-Vine-Diamond-Ring-_1_2-ct_-tw_-14K-Gold-BE1D3737-76785977\3d_model\BE1D3737_RA_200ct_RENDER.glb
1D3737,RD,round,begonia-vine-diamond-ring-1-2-ct-tw-round-center-stone,C:\brileent earth\1D3737_Begonia-Vine-Diamond-Ring-_1_2-ct_-tw_-14K-Gold-BE1D3737-76785977\3d_model\BE1D3737_RD_200ct_RENDER.glb
1D375,AS,asscher,petal-pear-three-stone-diamond-ring-1-2-ct-tw-asscher-cut-center-stone,C:\brileent earth\1D375_Petal-Pear-Three-Stone-Diamond-Ring-_1_2-ct_-tw_-14K-Gold-BE1D375-76785993\3d_model\BE1D375_AS_200ct_RENDER.glb
1D375,CU,cushion,petal-pear-three-stone-diamond-ring-1-2-ct-tw-cushion-cut-center-stone,C:\brileent earth\1D375_Petal-Pear-Three-Stone-Diamond-Ring-_1_2-ct_-tw_-14K-Gold-BE1D375-76785993\3d_model\BE1D375_CU_200ct_RENDER.glb
1D375,EM,emerald,petal-pear-three-stone-diamond-ring-1-2-ct-tw-emerald-cut-center-stone,C:\brileent earth\1D375_Petal-Pear-Three-Stone-Diamond-Ring-_1_2-ct_-tw_-14K-Gold-BE1D375-76785993\3d_model\BE1D375_EM_200ct_RENDER.glb
1D375,MQ,marquise,petal-pear-three-stone-diamond-ring-1-2-ct-tw-marquise-center-stone,C:\brileent earth\1D375_Petal-Pear-Three-Stone-Diamond-Ring-_1_2-ct_-tw_-14K-Gold-BE1D375-76785993\3d_model\BE1D375_MQ_200ct_RENDER.glb
1D375,OV,oval,petal-pear-three-stone-diamond-ring-1-2-ct-tw-oval-center-stone,C:\brileent earth\1D375_Petal-Pear-Three-Stone-Diamond-Ring-_1_2-ct_-tw_-14K-Gold-BE1D375-76785993\3d_model\BE1D375_OV_200ct_RENDER.glb
1D375,PE,pear,petal-pear-three-stone-diamond-ring-1-2-ct-tw-asscher-cut-center-stone,C:\brileent earth\1D375_Petal-Pear-Three-Stone-Diamond-Ring-_1_2-ct_-tw_-14K-Gold-BE1D375-76785993\3d_model\BE1D375_PE_200ct_RENDER.glb
1D375,PR,princess,petal-pear-three-stone-diamond-ring-1-2-ct-tw-princess-cut-center-stone,C:\brileent earth\1D375_Petal-Pear-Three-Stone-Diamond-Ring-_1_2-ct_-tw_-14K-Gold-BE1D375-76785993\3d_model\BE1D375_PR_200ct_RENDER.glb
1D375,RA,radiant,petal-pear-three-stone-diamond-ring-1-2-ct-tw-radiant-cut-center-stone,C:\brileent earth\1D375_Petal-Pear-Three-Stone-Diamond-Ring-_1_2-ct_-tw_-14K-Gold-BE1D375-76785993\3d_model\BE1D375_RA_200ct_RENDER.glb
1D375,RD,round,petal-pear-three-stone-diamond-ring-1-2-ct-tw-round-center-stone,C:\brileent earth\1D375_Petal-Pear-Three-Stone-Diamond-Ring-_1_2-ct_-tw_-14K-Gold-BE1D375-76785993\3d_model\BE1D375_RD_200ct_RENDER.glb
1D378,AS,asscher,versailles-half-coverage-diamond-ring-1-3-ct-tw-asscher-cut-center-stone,C:\brileent earth\1D378_Versailles-Half-Coverage-Diamond-Ring-_1_3-ct_-tw_-14K-White-Gold-BE1D378-76820003\3d_model\BE1D378_AS_200ct_RENDER.glb
1D378,CU,cushion,versailles-half-coverage-diamond-ring-1-3-ct-tw-cushion-cut-center-stone,C:\brileent earth\1D378_Versailles-Half-Coverage-Diamond-Ring-_1_3-ct_-tw_-14K-White-Gold-BE1D378-76820003\3d_model\BE1D378_CU_200ct_RENDER.glb
1D378,EM,emerald,versailles-half-coverage-diamond-ring-1-3-ct-tw-emerald-cut-center-stone,C:\brileent earth\1D378_Versailles-Half-Coverage-Diamond-Ring-_1_3-ct_-tw_-14K-White-Gold-BE1D378-76820003\3d_model\BE1D378_EM_200ct_RENDER.glb
1D378,HT,heart,versailles-half-coverage-diamond-ring-1-3-ct-tw-heart-center-stone,C:\brileent earth\1D378_Versailles-Half-Coverage-Diamond-Ring-_1_3-ct_-tw_-14K-White-Gold-BE1D378-76820003\3d_model\BE1D378_HT_200ct_RENDER.glb
1D378,MQ,marquise,versailles-half-coverage-diamond-ring-1-3-ct-tw-marquise-center-stone,C:\brileent earth\1D378_Versailles-Half-Coverage-Diamond-Ring-_1_3-ct_-tw_-14K-White-Gold-BE1D378-76820003\3d_model\BE1D378_MQ_200ct_RENDER.glb
1D378,OV,oval,versailles-half-coverage-diamond-ring-1-3-ct-tw-oval-center-stone,C:\brileent earth\1D378_Versailles-Half-Coverage-Diamond-Ring-_1_3-ct_-tw_-14K-White-Gold-BE1D378-76820003\3d_model\BE1D378_OV_200ct_RENDER.glb
1D378,PE,pear,versailles-half-coverage-diamond-ring-1-3-ct-tw-pear-center-stone,C:\brileent earth\1D378_Versailles-Half-Coverage-Diamond-Ring-_1_3-ct_-tw_-14K-White-Gold-BE1D378-76820003\3d_model\BE1D378_PE_200ct_RENDER.glb
1D378,PR,princess,versailles-half-coverage-diamond-ring-1-3-ct-tw-princess-cut-center-stone,C:\brileent earth\1D378_Versailles-Half-Coverage-Diamond-Ring-_1_3-ct_-tw_-14K-White-Gold-BE1D378-76820003\3d_model\BE1D378_PR_200ct_RENDER.glb
1D378,RA,radiant,versailles-half-coverage-diamond-ring-1-3-ct-tw-radiant-cut-center-stone,C:\brileent earth\1D378_Versailles-Half-Coverage-Diamond-Ring-_1_3-ct_-tw_-14K-White-Gold-BE1D378-76820003\3d_model\BE1D378_RA_200ct_RENDER.glb
1D378,RD,round,versailles-half-coverage-diamond-ring-1-3-ct-tw-round-center-stone,C:\brileent earth\1D378_Versailles-Half-Coverage-Diamond-Ring-_1_3-ct_-tw_-14K-White-Gold-BE1D378-76820003\3d_model\BE1D378_RD_200ct_RENDER.glb
1D384,AS,asscher,sasha-three-stone-marquise-diamond-ring-1-3-ct-tw-asscher-cut-center-stone,C:\brileent earth\1D384_Sasha-Three-Stone-Marquise-Diamond-Ring-_1_3-ct_-tw_-14K-White-Gold-BE1D384-76784896\3d_model\BE1D384_AS_200ct_RENDER.glb
1D384,CU,cushion,sasha-three-stone-marquise-diamond-ring-1-3-ct-tw-cushion-cut-center-stone,C:\brileent earth\1D384_Sasha-Three-Stone-Marquise-Diamond-Ring-_1_3-ct_-tw_-14K-White-Gold-BE1D384-76784896\3d_model\BE1D384_CU_200ct_RENDER.glb
1D384,EM,emerald,sasha-three-stone-marquise-diamond-ring-1-3-ct-tw-emerald-cut-center-stone,C:\brileent earth\1D384_Sasha-Three-Stone-Marquise-Diamond-Ring-_1_3-ct_-tw_-14K-White-Gold-BE1D384-76784896\3d_model\BE1D384_EM_200ct_RENDER.glb
1D384,MQ,marquise,sasha-three-stone-marquise-diamond-ring-1-3-ct-tw-asscher-cut-center-stone,C:\brileent earth\1D384_Sasha-Three-Stone-Marquise-Diamond-Ring-_1_3-ct_-tw_-14K-White-Gold-BE1D384-76784896\3d_model\BE1D384_MQ_200ct_RENDER.glb
1D384,OV,oval,sasha-three-stone-marquise-diamond-ring-1-3-ct-tw-oval-center-stone,C:\brileent earth\1D384_Sasha-Three-Stone-Marquise-Diamond-Ring-_1_3-ct_-tw_-14K-White-Gold-BE1D384-76784896\3d_model\BE1D384_OV_200ct_RENDER.glb
1D384,PE,pear,sasha-three-stone-marquise-diamond-ring-1-3-ct-tw-pear-center-stone,C:\brileent earth\1D384_Sasha-Three-Stone-Marquise-Diamond-Ring-_1_3-ct_-tw_-14K-White-Gold-BE1D384-76784896\3d_model\BE1D384_PE_200ct_RENDER.glb
1D384,PR,princess,sasha-three-stone-marquise-diamond-ring-1-3-ct-tw-princess-cut-center-stone,C:\brileent earth\1D384_Sasha-Three-Stone-Marquise-Diamond-Ring-_1_3-ct_-tw_-14K-White-Gold-BE1D384-76784896\3d_model\BE1D384_PR_200ct_RENDER.glb
1D384,RA,radiant,sasha-three-stone-marquise-diamond-ring-1-3-ct-tw-radiant-cut-center-stone,C:\brileent earth\1D384_Sasha-Three-Stone-Marquise-Diamond-Ring-_1_3-ct_-tw_-14K-White-Gold-BE1D384-76784896\3d_model\BE1D384_RA_200ct_RENDER.glb
1D384,RD,round,sasha-three-stone-marquise-diamond-ring-1-3-ct-tw-round-center-stone,C:\brileent earth\1D384_Sasha-Three-Stone-Marquise-Diamond-Ring-_1_3-ct_-tw_-14K-White-Gold-BE1D384-76784896\3d_model\BE1D384_RD_200ct_RENDER.glb
1D3907,AS,asscher,valencia-diamond-ring-1-3-ct-tw-asscher-cut-center-stone,C:\brileent earth\1D3907_Valencia-Diamond-Ring-_1_3-ct_-tw_-14K-White-Gold-BE1D3907-76788307\3d_model\BE1D3907_AS_200ct_RENDER.glb
1D3907,CU,cushion,valencia-diamond-ring-1-3-ct-tw-cushion-cut-center-stone,C:\brileent earth\1D3907_Valencia-Diamond-Ring-_1_3-ct_-tw_-14K-White-Gold-BE1D3907-76788307\3d_model\BE1D3907_CU_200ct_RENDER.glb
1D3907,EM,emerald,valencia-diamond-ring-1-3-ct-tw-emerald-cut-center-stone,C:\brileent earth\1D3907_Valencia-Diamond-Ring-_1_3-ct_-tw_-14K-White-Gold-BE1D3907-76788307\3d_model\BE1D3907_EM_200ct_RENDER.glb
1D3907,MQ,marquise,valencia-diamond-ring-1-3-ct-tw-marquise-center-stone,C:\brileent earth\1D3907_Valencia-Diamond-Ring-_1_3-ct_-tw_-14K-White-Gold-BE1D3907-76788307\3d_model\BE1D3907_MQ_200ct_RENDER.glb
1D3907,OV,oval,valencia-diamond-ring-1-3-ct-tw-oval-center-stone,C:\brileent earth\1D3907_Valencia-Diamond-Ring-_1_3-ct_-tw_-14K-White-Gold-BE1D3907-76788307\3d_model\BE1D3907_OV_200ct_RENDER.glb
1D3907,PE,pear,valencia-diamond-ring-1-3-ct-tw-pear-center-stone,C:\brileent earth\1D3907_Valencia-Diamond-Ring-_1_3-ct_-tw_-14K-White-Gold-BE1D3907-76788307\3d_model\BE1D3907_PE_200ct_RENDER.glb
1D3907,PR,princess,valencia-diamond-ring-1-3-ct-tw-princess-cut-center-stone,C:\brileent earth\1D3907_Valencia-Diamond-Ring-_1_3-ct_-tw_-14K-White-Gold-BE1D3907-76788307\3d_model\BE1D3907_PR_200ct_RENDER.glb
1D3907,RA,radiant,valencia-diamond-ring-1-3-ct-tw-radiant-cut-center-stone,C:\brileent earth\1D3907_Valencia-Diamond-Ring-_1_3-ct_-tw_-14K-White-Gold-BE1D3907-76788307\3d_model\BE1D3907_RA_200ct_RENDER.glb
1D3907,RD,round,valencia-diamond-ring-1-3-ct-tw-round-center-stone,C:\brileent earth\1D3907_Valencia-Diamond-Ring-_1_3-ct_-tw_-14K-White-Gold-BE1D3907-76788307\3d_model\BE1D3907_RD_200ct_RENDER.glb
1D3939,AS,asscher,freesia-hidden-halo-diamond-ring-asscher-cut-center-stone,C:\brileent earth\1D3939_Freesia-Hidden-Halo-Diamond-Ring-14K-Gold-BE1D3939-76789075\3d_model\BE1D3939_AS_200ct_RENDER.glb
1D3939,CU,cushion,freesia-hidden-halo-diamond-ring-cushion-cut-center-stone,C:\brileent earth\1D3939_Freesia-Hidden-Halo-Diamond-Ring-14K-Gold-BE1D3939-76789075\3d_model\BE1D3939_CU_200ct_RENDER.glb
1D3939,EM,emerald,freesia-hidden-halo-diamond-ring-emerald-cut-center-stone,C:\brileent earth\1D3939_Freesia-Hidden-Halo-Diamond-Ring-14K-Gold-BE1D3939-76789075\3d_model\BE1D3939_EM_200ct_RENDER.glb
1D3939,MQ,marquise,freesia-hidden-halo-diamond-ring-marquise-center-stone,C:\brileent earth\1D3939_Freesia-Hidden-Halo-Diamond-Ring-14K-Gold-BE1D3939-76789075\3d_model\BE1D3939_MQ_200ct_RENDER.glb
1D3939,OV,oval,freesia-hidden-halo-diamond-ring-oval-center-stone,C:\brileent earth\1D3939_Freesia-Hidden-Halo-Diamond-Ring-14K-Gold-BE1D3939-76789075\3d_model\BE1D3939_OV_200ct_RENDER.glb
1D3939,PE,pear,freesia-hidden-halo-diamond-ring-pear-center-stone,C:\brileent earth\1D3939_Freesia-Hidden-Halo-Diamond-Ring-14K-Gold-BE1D3939-76789075\3d_model\BE1D3939_PE_200ct_RENDER.glb
1D3939,PR,princess,freesia-hidden-halo-diamond-ring-princess-cut-center-stone,C:\brileent earth\1D3939_Freesia-Hidden-Halo-Diamond-Ring-14K-Gold-BE1D3939-76789075\3d_model\BE1D3939_PR_200ct_RENDER.glb
1D3939,RA,radiant,freesia-hidden-halo-diamond-ring-radiant-cut-center-stone,C:\brileent earth\1D3939_Freesia-Hidden-Halo-Diamond-Ring-14K-Gold-BE1D3939-76789075\3d_model\BE1D3939_RA_200ct_RENDER.glb
1D3939,RD,round,freesia-hidden-halo-diamond-ring-round-center-stone,C:\brileent earth\1D3939_Freesia-Hidden-Halo-Diamond-Ring-14K-Gold-BE1D3939-76789075\3d_model\BE1D3939_RD_200ct_RENDER.glb
1D4166,AS,asscher,sydney-perfect-fit-halo-3mm-diamond-ring-asscher-cut-center-stone,C:\brileent earth\1D4166_Sydney-Perfect-Fit-Halo-3mm-Diamond-Ring-14K-Gold-BE1D4166-76785949\3d_model\BE1D4166_AS_200ct_RENDER.glb
1D4166,CU,cushion,sydney-perfect-fit-halo-3mm-diamond-ring-cushion-cut-center-stone,C:\brileent earth\1D4166_Sydney-Perfect-Fit-Halo-3mm-Diamond-Ring-14K-Gold-BE1D4166-76785949\3d_model\BE1D4166_CU_200ct_RENDER.glb
1D4166,EM,emerald,sydney-perfect-fit-halo-3mm-diamond-ring-emerald-cut-center-stone,C:\brileent earth\1D4166_Sydney-Perfect-Fit-Halo-3mm-Diamond-Ring-14K-Gold-BE1D4166-76785949\3d_model\BE1D4166_EM_200ct_RENDER.glb
1D4166,MQ,marquise,sydney-perfect-fit-halo-3mm-diamond-ring-marquise-center-stone,C:\brileent earth\1D4166_Sydney-Perfect-Fit-Halo-3mm-Diamond-Ring-14K-Gold-BE1D4166-76785949\3d_model\BE1D4166_MQ_200ct_RENDER.glb
1D4166,OV,oval,sydney-perfect-fit-halo-3mm-diamond-ring-oval-center-stone,C:\brileent earth\1D4166_Sydney-Perfect-Fit-Halo-3mm-Diamond-Ring-14K-Gold-BE1D4166-76785949\3d_model\BE1D4166_OV_200ct_RENDER.glb
1D4166,PE,pear,sydney-perfect-fit-halo-3mm-diamond-ring-pear-center-stone,C:\brileent earth\1D4166_Sydney-Perfect-Fit-Halo-3mm-Diamond-Ring-14K-Gold-BE1D4166-76785949\3d_model\BE1D4166_PE_200ct_RENDER.glb
1D4166,PR,princess,sydney-perfect-fit-halo-3mm-diamond-ring-princess-cut-center-stone,C:\brileent earth\1D4166_Sydney-Perfect-Fit-Halo-3mm-Diamond-Ring-14K-Gold-BE1D4166-76785949\3d_model\BE1D4166_PR_200ct_RENDER.glb
1D4166,RA,radiant,sydney-perfect-fit-halo-3mm-diamond-ring-radiant-cut-center-stone,C:\brileent earth\1D4166_Sydney-Perfect-Fit-Halo-3mm-Diamond-Ring-14K-Gold-BE1D4166-76785949\3d_model\BE1D4166_RA_200ct_RENDER.glb
1D4166,RD,round,sydney-perfect-fit-halo-3mm-diamond-ring-round-center-stone,C:\brileent earth\1D4166_Sydney-Perfect-Fit-Halo-3mm-Diamond-Ring-14K-Gold-BE1D4166-76785949\3d_model\BE1D4166_RD_200ct_RENDER.glb
1D4259,AS,asscher,luxe-amelie-diamond-ring-3-8-ct-tw-asscher-cut-center-stone,C:\brileent earth\1D4259_Luxe-Amelie-Diamond-Ring-_3_8-ct_-tw_-14K-Gold-BE1D4259-76788341\3d_model\BE1D4259_AS_200ct_RENDER.glb
1D4259,CU,cushion,luxe-amelie-diamond-ring-3-8-ct-tw-cushion-cut-center-stone,C:\brileent earth\1D4259_Luxe-Amelie-Diamond-Ring-_3_8-ct_-tw_-14K-Gold-BE1D4259-76788341\3d_model\BE1D4259_CU_200ct_RENDER.glb
1D4259,EM,emerald,luxe-amelie-diamond-ring-3-8-ct-tw-emerald-cut-center-stone,C:\brileent earth\1D4259_Luxe-Amelie-Diamond-Ring-_3_8-ct_-tw_-14K-Gold-BE1D4259-76788341\3d_model\BE1D4259_EM_200ct_RENDER.glb
1D4259,MQ,marquise,luxe-amelie-diamond-ring-3-8-ct-tw-marquise-center-stone,C:\brileent earth\1D4259_Luxe-Amelie-Diamond-Ring-_3_8-ct_-tw_-14K-Gold-BE1D4259-76788341\3d_model\BE1D4259_MQ_200ct_RENDER.glb
1D4259,OV,oval,luxe-amelie-diamond-ring-3-8-ct-tw-oval-center-stone,C:\brileent earth\1D4259_Luxe-Amelie-Diamond-Ring-_3_8-ct_-tw_-14K-Gold-BE1D4259-76788341\3d_model\BE1D4259_OV_200ct_RENDER.glb
1D4259,PE,pear,luxe-amelie-diamond-ring-3-8-ct-tw-pear-center-stone,C:\brileent earth\1D4259_Luxe-Amelie-Diamond-Ring-_3_8-ct_-tw_-14K-Gold-BE1D4259-76788341\3d_model\BE1D4259_PE_200ct_RENDER.glb
1D4259,PR,princess,luxe-amelie-diamond-ring-3-8-ct-tw-princess-cut-center-stone,C:\brileent earth\1D4259_Luxe-Amelie-Diamond-Ring-_3_8-ct_-tw_-14K-Gold-BE1D4259-76788341\3d_model\BE1D4259_PR_200ct_RENDER.glb
1D4259,RA,radiant,luxe-amelie-diamond-ring-3-8-ct-tw-radiant-cut-center-stone,C:\brileent earth\1D4259_Luxe-Amelie-Diamond-Ring-_3_8-ct_-tw_-14K-Gold-BE1D4259-76788341\3d_model\BE1D4259_RA_200ct_RENDER.glb
1D4259,RD,round,luxe-amelie-diamond-ring-3-8-ct-tw-round-center-stone,C:\brileent earth\1D4259_Luxe-Amelie-Diamond-Ring-_3_8-ct_-tw_-14K-Gold-BE1D4259-76788341\3d_model\BE1D4259_RD_200ct_RENDER.glb
1D431,AS,asscher,willow-three-stone-diamond-ring-1-3-ct-tw-asscher-cut-center-stone,C:\brileent earth\1D431_Willow-Three-Stone-Diamond-Ring-_1_3-ct_-tw_-14K-White-Gold-BE1D431-76788368\3d_model\BE1D431_AS_200ct_RENDER.glb
1D431,CU,cushion,willow-three-stone-diamond-ring-1-3-ct-tw-cushion-cut-center-stone,C:\brileent earth\1D431_Willow-Three-Stone-Diamond-Ring-_1_3-ct_-tw_-14K-White-Gold-BE1D431-76788368\3d_model\BE1D431_CU_200ct_RENDER.glb
1D431,EM,emerald,willow-three-stone-diamond-ring-1-3-ct-tw-emerald-cut-center-stone,C:\brileent earth\1D431_Willow-Three-Stone-Diamond-Ring-_1_3-ct_-tw_-14K-White-Gold-BE1D431-76788368\3d_model\BE1D431_EM_200ct_RENDER.glb
1D431,HT,heart,willow-three-stone-diamond-ring-1-3-ct-tw-heart-center-stone,C:\brileent earth\1D431_Willow-Three-Stone-Diamond-Ring-_1_3-ct_-tw_-14K-White-Gold-BE1D431-76788368\3d_model\BE1D431_HT_200ct_RENDER.glb
1D431,MQ,marquise,willow-three-stone-diamond-ring-1-3-ct-tw-marquise-center-stone,C:\brileent earth\1D431_Willow-Three-Stone-Diamond-Ring-_1_3-ct_-tw_-14K-White-Gold-BE1D431-76788368\3d_model\BE1D431_MQ_200ct_RENDER.glb
1D431,OV,oval,willow-three-stone-diamond-ring-1-3-ct-tw-oval-center-stone,C:\brileent earth\1D431_Willow-Three-Stone-Diamond-Ring-_1_3-ct_-tw_-14K-White-Gold-BE1D431-76788368\3d_model\BE1D431_OV_200ct_RENDER.glb
1D431,PE,pear,willow-three-stone-diamond-ring-1-3-ct-tw-pear-center-stone,C:\brileent earth\1D431_Willow-Three-Stone-Diamond-Ring-_1_3-ct_-tw_-14K-White-Gold-BE1D431-76788368\3d_model\BE1D431_PE_200ct_RENDER.glb
1D431,PR,princess,willow-three-stone-diamond-ring-1-3-ct-tw-princess-cut-center-stone,C:\brileent earth\1D431_Willow-Three-Stone-Diamond-Ring-_1_3-ct_-tw_-14K-White-Gold-BE1D431-76788368\3d_model\BE1D431_PR_200ct_RENDER.glb
1D431,RA,radiant,willow-three-stone-diamond-ring-1-3-ct-tw-radiant-cut-center-stone,C:\brileent earth\1D431_Willow-Three-Stone-Diamond-Ring-_1_3-ct_-tw_-14K-White-Gold-BE1D431-76788368\3d_model\BE1D431_RA_200ct_RENDER.glb
1D431,RD,round,willow-three-stone-diamond-ring-1-3-ct-tw-round-center-stone,C:\brileent earth\1D431_Willow-Three-Stone-Diamond-Ring-_1_3-ct_-tw_-14K-White-Gold-BE1D431-76788368\3d_model\BE1D431_RD_200ct_RENDER.glb
1D4333,AS,asscher,luxe-nadia-diamond-ring-asscher-cut-center-stone,C:\brileent earth\1D4333_Luxe-Nadia-Diamond-Ring-14K-Gold-BE1D4333-76788916\3d_model\BE1D4333_AS_200ct_RENDER.glb
1D4333,CU,cushion,luxe-nadia-diamond-ring-cushion-cut-center-stone,C:\brileent earth\1D4333_Luxe-Nadia-Diamond-Ring-14K-Gold-BE1D4333-76788916\3d_model\BE1D4333_CU_200ct_RENDER.glb
1D4333,EM,emerald,luxe-nadia-diamond-ring-emerald-cut-center-stone,C:\brileent earth\1D4333_Luxe-Nadia-Diamond-Ring-14K-Gold-BE1D4333-76788916\3d_model\BE1D4333_EM_200ct_RENDER.glb
1D4333,MQ,marquise,luxe-nadia-diamond-ring-marquise-center-stone,C:\brileent earth\1D4333_Luxe-Nadia-Diamond-Ring-14K-Gold-BE1D4333-76788916\3d_model\BE1D4333_MQ_200ct_RENDER.glb
1D4333,OV,oval,luxe-nadia-diamond-ring-oval-center-stone,C:\brileent earth\1D4333_Luxe-Nadia-Diamond-Ring-14K-Gold-BE1D4333-76788916\3d_model\BE1D4333_OV_200ct_RENDER.glb
1D4333,PE,pear,luxe-nadia-diamond-ring-pear-center-stone,C:\brileent earth\1D4333_Luxe-Nadia-Diamond-Ring-14K-Gold-BE1D4333-76788916\3d_model\BE1D4333_PE_200ct_RENDER.glb
1D4333,PR,princess,luxe-nadia-diamond-ring-princess-cut-center-stone,C:\brileent earth\1D4333_Luxe-Nadia-Diamond-Ring-14K-Gold-BE1D4333-76788916\3d_model\BE1D4333_PR_200ct_RENDER.glb
1D4333,RA,radiant,luxe-nadia-diamond-ring-radiant-cut-center-stone,C:\brileent earth\1D4333_Luxe-Nadia-Diamond-Ring-14K-Gold-BE1D4333-76788916\3d_model\BE1D4333_RA_200ct_RENDER.glb
1D4333,RD,round,luxe-nadia-diamond-ring-round-center-stone,C:\brileent earth\1D4333_Luxe-Nadia-Diamond-Ring-14K-Gold-BE1D4333-76788916\3d_model\BE1D4333_RD_200ct_RENDER.glb
1D436,AS,asscher,elsie-three-stone-engraved-diamond-ring-1-3-ct-tw-asscher-cut-center-stone,C:\brileent earth\1D436_Elsie-Three-Stone-Engraved-Diamond-Ring-_1_3-ct_-tw_-14K-Gold-BE1D436-76783836\3d_model\BE1D436_AS_200ct_RENDER.glb
1D436,CU,cushion,elsie-three-stone-engraved-diamond-ring-1-3-ct-tw-cushion-cut-center-stone,C:\brileent earth\1D436_Elsie-Three-Stone-Engraved-Diamond-Ring-_1_3-ct_-tw_-14K-Gold-BE1D436-76783836\3d_model\BE1D436_CU_200ct_RENDER.glb
1D436,EM,emerald,elsie-three-stone-engraved-diamond-ring-1-3-ct-tw-emerald-cut-center-stone,C:\brileent earth\1D436_Elsie-Three-Stone-Engraved-Diamond-Ring-_1_3-ct_-tw_-14K-Gold-BE1D436-76783836\3d_model\BE1D436_EM_200ct_RENDER.glb
1D436,HT,heart,elsie-three-stone-engraved-diamond-ring-1-3-ct-tw-heart-center-stone,C:\brileent earth\1D436_Elsie-Three-Stone-Engraved-Diamond-Ring-_1_3-ct_-tw_-14K-Gold-BE1D436-76783836\3d_model\BE1D436_HT_200ct_RENDER.glb
1D436,MQ,marquise,elsie-three-stone-engraved-diamond-ring-1-3-ct-tw-marquise-center-stone,C:\brileent earth\1D436_Elsie-Three-Stone-Engraved-Diamond-Ring-_1_3-ct_-tw_-14K-Gold-BE1D436-76783836\3d_model\BE1D436_MQ_200ct_RENDER.glb
1D436,OV,oval,elsie-three-stone-engraved-diamond-ring-1-3-ct-tw-oval-center-stone,C:\brileent earth\1D436_Elsie-Three-Stone-Engraved-Diamond-Ring-_1_3-ct_-tw_-14K-Gold-BE1D436-76783836\3d_model\BE1D436_OV_200ct_RENDER.glb
1D436,PE,pear,elsie-three-stone-engraved-diamond-ring-1-3-ct-tw-pear-center-stone,C:\brileent earth\1D436_Elsie-Three-Stone-Engraved-Diamond-Ring-_1_3-ct_-tw_-14K-Gold-BE1D436-76783836\3d_model\BE1D436_PE_200ct_RENDER.glb
1D436,PR,princess,elsie-three-stone-engraved-diamond-ring-1-3-ct-tw-princess-cut-center-stone,C:\brileent earth\1D436_Elsie-Three-Stone-Engraved-Diamond-Ring-_1_3-ct_-tw_-14K-Gold-BE1D436-76783836\3d_model\BE1D436_PR_200ct_RENDER.glb
1D436,RA,radiant,elsie-three-stone-engraved-diamond-ring-1-3-ct-tw-radiant-cut-center-stone,C:\brileent earth\1D436_Elsie-Three-Stone-Engraved-Diamond-Ring-_1_3-ct_-tw_-14K-Gold-BE1D436-76783836\3d_model\BE1D436_RA_200ct_RENDER.glb
1D436,RD,round,elsie-three-stone-engraved-diamond-ring-1-3-ct-tw-round-center-stone,C:\brileent earth\1D436_Elsie-Three-Stone-Engraved-Diamond-Ring-_1_3-ct_-tw_-14K-Gold-BE1D436-76783836\3d_model\BE1D436_RD_200ct_RENDER.glb
1D437,AS,asscher,dara-low-profile-diamond-ring-asscher-cut-center-stone,C:\brileent earth\1D437_Dara-Low-Profile-Diamond-Ring-14K-Gold-BE1D437-76785944\3d_model\BE1D437_AS_200ct_RENDER.glb
1D437,CU,cushion,dara-low-profile-diamond-ring-cushion-cut-center-stone,C:\brileent earth\1D437_Dara-Low-Profile-Diamond-Ring-14K-Gold-BE1D437-76785944\3d_model\BE1D437_CU_200ct_RENDER.glb
1D437,EM,emerald,dara-low-profile-diamond-ring-emerald-cut-center-stone,C:\brileent earth\1D437_Dara-Low-Profile-Diamond-Ring-14K-Gold-BE1D437-76785944\3d_model\BE1D437_EM_200ct_RENDER.glb
1D437,MQ,marquise,dara-low-profile-diamond-ring-marquise-center-stone,C:\brileent earth\1D437_Dara-Low-Profile-Diamond-Ring-14K-Gold-BE1D437-76785944\3d_model\BE1D437_MQ_200ct_RENDER.glb
1D437,OV,oval,dara-low-profile-diamond-ring-oval-center-stone,C:\brileent earth\1D437_Dara-Low-Profile-Diamond-Ring-14K-Gold-BE1D437-76785944\3d_model\BE1D437_OV_200ct_RENDER.glb
1D437,PE,pear,dara-low-profile-diamond-ring-pear-center-stone,C:\brileent earth\1D437_Dara-Low-Profile-Diamond-Ring-14K-Gold-BE1D437-76785944\3d_model\BE1D437_PE_200ct_RENDER.glb
1D437,PR,princess,dara-low-profile-diamond-ring-princess-cut-center-stone,C:\brileent earth\1D437_Dara-Low-Profile-Diamond-Ring-14K-Gold-BE1D437-76785944\3d_model\BE1D437_PR_200ct_RENDER.glb
1D437,RA,radiant,dara-low-profile-diamond-ring-radiant-cut-center-stone,C:\brileent earth\1D437_Dara-Low-Profile-Diamond-Ring-14K-Gold-BE1D437-76785944\3d_model\BE1D437_RA_200ct_RENDER.glb
1D437,RD,round,dara-low-profile-diamond-ring-round-center-stone,C:\brileent earth\1D437_Dara-Low-Profile-Diamond-Ring-14K-Gold-BE1D437-76785944\3d_model\BE1D437_RD_200ct_RENDER.glb
1D4389,AS,asscher,camellia-hidden-accent-1-5mm-diamond-ring-asscher-cut-center-stone,C:\brileent earth\1D4389_Camellia-Hidden-Accent-1_5mm-Diamond-Ring-14K-Gold-BE1D4389-76788660\3d_model\BE1D4389_AS_200ct_RENDER.glb
1D4389,CU,cushion,camellia-hidden-accent-1-5mm-diamond-ring-cushion-cut-center-stone,C:\brileent earth\1D4389_Camellia-Hidden-Accent-1_5mm-Diamond-Ring-14K-Gold-BE1D4389-76788660\3d_model\BE1D4389_CU_200ct_RENDER.glb
1D4389,EM,emerald,camellia-hidden-accent-1-5mm-diamond-ring-emerald-cut-center-stone,C:\brileent earth\1D4389_Camellia-Hidden-Accent-1_5mm-Diamond-Ring-14K-Gold-BE1D4389-76788660\3d_model\BE1D4389_EM_200ct_RENDER.glb
1D4389,MQ,marquise,camellia-hidden-accent-1-5mm-diamond-ring-marquise-center-stone,C:\brileent earth\1D4389_Camellia-Hidden-Accent-1_5mm-Diamond-Ring-14K-Gold-BE1D4389-76788660\3d_model\BE1D4389_MQ_200ct_RENDER.glb
1D4389,OV,oval,camellia-hidden-accent-1-5mm-diamond-ring-oval-center-stone,C:\brileent earth\1D4389_Camellia-Hidden-Accent-1_5mm-Diamond-Ring-14K-Gold-BE1D4389-76788660\3d_model\BE1D4389_OV_200ct_RENDER.glb
1D4389,PE,pear,camellia-hidden-accent-1-5mm-diamond-ring-pear-center-stone,C:\brileent earth\1D4389_Camellia-Hidden-Accent-1_5mm-Diamond-Ring-14K-Gold-BE1D4389-76788660\3d_model\BE1D4389_PE_200ct_RENDER.glb
1D4389,PR,princess,camellia-hidden-accent-1-5mm-diamond-ring-princess-cut-center-stone,C:\brileent earth\1D4389_Camellia-Hidden-Accent-1_5mm-Diamond-Ring-14K-Gold-BE1D4389-76788660\3d_model\BE1D4389_PR_200ct_RENDER.glb
1D4389,RA,radiant,camellia-hidden-accent-1-5mm-diamond-ring-radiant-cut-center-stone,C:\brileent earth\1D4389_Camellia-Hidden-Accent-1_5mm-Diamond-Ring-14K-Gold-BE1D4389-76788660\3d_model\BE1D4389_RA_200ct_RENDER.glb
1D4389,RD,round,camellia-hidden-accent-1-5mm-diamond-ring-round-center-stone,C:\brileent earth\1D4389_Camellia-Hidden-Accent-1_5mm-Diamond-Ring-14K-Gold-BE1D4389-76788660\3d_model\BE1D4389_RD_200ct_RENDER.glb
1D4390,AS,asscher,camellia-hidden-accent-2-5mm-diamond-ring-asscher-cut-center-stone,C:\brileent earth\1D4390_Camellia-Hidden-Accent-2_5mm-Diamond-Ring-14K-Gold-BE1D4390-76788379\3d_model\BE1D4390_AS_200ct_RENDER.glb
1D4390,CU,cushion,camellia-hidden-accent-2-5mm-diamond-ring-cushion-cut-center-stone,C:\brileent earth\1D4390_Camellia-Hidden-Accent-2_5mm-Diamond-Ring-14K-Gold-BE1D4390-76788379\3d_model\BE1D4390_CU_200ct_RENDER.glb
1D4390,EM,emerald,camellia-hidden-accent-2-5mm-diamond-ring-emerald-cut-center-stone,C:\brileent earth\1D4390_Camellia-Hidden-Accent-2_5mm-Diamond-Ring-14K-Gold-BE1D4390-76788379\3d_model\BE1D4390_EM_200ct_RENDER.glb
1D4390,MQ,marquise,camellia-hidden-accent-2-5mm-diamond-ring-marquise-center-stone,C:\brileent earth\1D4390_Camellia-Hidden-Accent-2_5mm-Diamond-Ring-14K-Gold-BE1D4390-76788379\3d_model\BE1D4390_MQ_200ct_RENDER.glb
1D4390,OV,oval,camellia-hidden-accent-2-5mm-diamond-ring-oval-center-stone,C:\brileent earth\1D4390_Camellia-Hidden-Accent-2_5mm-Diamond-Ring-14K-Gold-BE1D4390-76788379\3d_model\BE1D4390_OV_200ct_RENDER.glb
1D4390,PE,pear,camellia-hidden-accent-2-5mm-diamond-ring-pear-center-stone,C:\brileent earth\1D4390_Camellia-Hidden-Accent-2_5mm-Diamond-Ring-14K-Gold-BE1D4390-76788379\3d_model\BE1D4390_PE_200ct_RENDER.glb
1D4390,PR,princess,camellia-hidden-accent-2-5mm-diamond-ring-princess-cut-center-stone,C:\brileent earth\1D4390_Camellia-Hidden-Accent-2_5mm-Diamond-Ring-14K-Gold-BE1D4390-76788379\3d_model\BE1D4390_PR_200ct_RENDER.glb
1D4390,RA,radiant,camellia-hidden-accent-2-5mm-diamond-ring-radiant-cut-center-stone,C:\brileent earth\1D4390_Camellia-Hidden-Accent-2_5mm-Diamond-Ring-14K-Gold-BE1D4390-76788379\3d_model\BE1D4390_RA_200ct_RENDER.glb
1D4390,RD,round,camellia-hidden-accent-2-5mm-diamond-ring-round-center-stone,C:\brileent earth\1D4390_Camellia-Hidden-Accent-2_5mm-Diamond-Ring-14K-Gold-BE1D4390-76788379\3d_model\BE1D4390_RD_200ct_RENDER.glb
1D4433,AS,asscher,aria-perfect-fit-three-stone-diamond-ring-asscher-cut-center-stone,C:\brileent earth\1D4433_Aria-Perfect-Fit-Three-Stone-Diamond-Ring-14K-Gold-BE1D4433-76823206\3d_model\BE1D4433_AS_200ct_RENDER.glb
1D4433,CU,cushion,aria-perfect-fit-three-stone-diamond-ring-cushion-cut-center-stone,C:\brileent earth\1D4433_Aria-Perfect-Fit-Three-Stone-Diamond-Ring-14K-Gold-BE1D4433-76823206\3d_model\BE1D4433_CU_200ct_RENDER.glb
1D4433,EM,emerald,aria-perfect-fit-three-stone-diamond-ring-emerald-cut-center-stone,C:\brileent earth\1D4433_Aria-Perfect-Fit-Three-Stone-Diamond-Ring-14K-Gold-BE1D4433-76823206\3d_model\BE1D4433_EM_200ct_RENDER.glb
1D4433,HT,heart,aria-perfect-fit-three-stone-diamond-ring-heart-center-stone,C:\brileent earth\1D4433_Aria-Perfect-Fit-Three-Stone-Diamond-Ring-14K-Gold-BE1D4433-76823206\3d_model\BE1D4433_HT_200ct_RENDER.glb
1D4433,MQ,marquise,aria-perfect-fit-three-stone-diamond-ring-marquise-center-stone,C:\brileent earth\1D4433_Aria-Perfect-Fit-Three-Stone-Diamond-Ring-14K-Gold-BE1D4433-76823206\3d_model\BE1D4433_MQ_200ct_RENDER.glb
1D4433,OV,oval,aria-perfect-fit-three-stone-diamond-ring-oval-center-stone,C:\brileent earth\1D4433_Aria-Perfect-Fit-Three-Stone-Diamond-Ring-14K-Gold-BE1D4433-76823206\3d_model\BE1D4433_OV_200ct_RENDER.glb
1D4433,PE,pear,aria-perfect-fit-three-stone-diamond-ring-pear-center-stone,C:\brileent earth\1D4433_Aria-Perfect-Fit-Three-Stone-Diamond-Ring-14K-Gold-BE1D4433-76823206\3d_model\BE1D4433_PE_200ct_RENDER.glb
1D4433,PR,princess,aria-perfect-fit-three-stone-diamond-ring-princess-cut-center-stone,C:\brileent earth\1D4433_Aria-Perfect-Fit-Three-Stone-Diamond-Ring-14K-Gold-BE1D4433-76823206\3d_model\BE1D4433_PR_200ct_RENDER.glb
1D4433,RA,radiant,aria-perfect-fit-three-stone-diamond-ring-radiant-cut-center-stone,C:\brileent earth\1D4433_Aria-Perfect-Fit-Three-Stone-Diamond-Ring-14K-Gold-BE1D4433-76823206\3d_model\BE1D4433_RA_200ct_RENDER.glb
1D4433,RD,round,aria-perfect-fit-three-stone-diamond-ring-round-center-stone,C:\brileent earth\1D4433_Aria-Perfect-Fit-Three-Stone-Diamond-Ring-14K-Gold-BE1D4433-76823206\3d_model\BE1D4433_RD_200ct_RENDER.glb
1D454,AS,asscher,symphony-perfect-fit-tapered-baguette-diamond-ring-asscher-cut-center-stone,C:\brileent earth\1D454_Symphony-Perfect-Fit-Tapered-Baguette-Diamond-Ring-14K-Gold-BE1D454-76787298\3d_model\BE1D454_AS_200ct_RENDER.glb
1D454,CU,cushion,symphony-perfect-fit-tapered-baguette-diamond-ring-cushion-cut-center-stone,C:\brileent earth\1D454_Symphony-Perfect-Fit-Tapered-Baguette-Diamond-Ring-14K-Gold-BE1D454-76787298\3d_model\BE1D454_CU_200ct_RENDER.glb
1D454,EM,emerald,symphony-perfect-fit-tapered-baguette-diamond-ring-emerald-cut-center-stone,C:\brileent earth\1D454_Symphony-Perfect-Fit-Tapered-Baguette-Diamond-Ring-14K-Gold-BE1D454-76787298\3d_model\BE1D454_EM_200ct_RENDER.glb
1D454,OV,oval,symphony-perfect-fit-tapered-baguette-diamond-ring-oval-center-stone,C:\brileent earth\1D454_Symphony-Perfect-Fit-Tapered-Baguette-Diamond-Ring-14K-Gold-BE1D454-76787298\3d_model\BE1D454_OV_200ct_RENDER.glb
1D454,PR,princess,symphony-perfect-fit-tapered-baguette-diamond-ring-princess-cut-center-stone,C:\brileent earth\1D454_Symphony-Perfect-Fit-Tapered-Baguette-Diamond-Ring-14K-Gold-BE1D454-76787298\3d_model\BE1D454_PR_200ct_RENDER.glb
1D454,RA,radiant,symphony-perfect-fit-tapered-baguette-diamond-ring-radiant-cut-center-stone,C:\brileent earth\1D454_Symphony-Perfect-Fit-Tapered-Baguette-Diamond-Ring-14K-Gold-BE1D454-76787298\3d_model\BE1D454_RA_200ct_RENDER.glb
1D454,RD,round,symphony-perfect-fit-tapered-baguette-diamond-ring-round-center-stone,C:\brileent earth\1D454_Symphony-Perfect-Fit-Tapered-Baguette-Diamond-Ring-14K-Gold-BE1D454-76787298\3d_model\BE1D454_RD_200ct_RENDER.glb
1D460,AS,asscher,sienna-halo-three-quarter-coverage-diamond-ring-3-4-ct-tw-asscher-cut-center-stone,C:\brileent earth\1D460_Sienna-Halo-Three-Quarter-Coverage-Diamond-Ring-_3_4-ct_-tw_-14K-White-Gold-BE1D460-767884\3d_model\BE1D460_AS_200ct_RENDER.glb
1D460,CU,cushion,sienna-halo-three-quarter-coverage-diamond-ring-3-4-ct-tw-cushion-cut-center-stone,C:\brileent earth\1D460_Sienna-Halo-Three-Quarter-Coverage-Diamond-Ring-_3_4-ct_-tw_-14K-White-Gold-BE1D460-767884\3d_model\BE1D460_CU_200ct_RENDER.glb
1D460,EM,emerald,sienna-halo-three-quarter-coverage-diamond-ring-3-4-ct-tw-emerald-cut-center-stone,C:\brileent earth\1D460_Sienna-Halo-Three-Quarter-Coverage-Diamond-Ring-_3_4-ct_-tw_-14K-White-Gold-BE1D460-767884\3d_model\BE1D460_EM_200ct_RENDER.glb
1D460,MQ,marquise,sienna-halo-three-quarter-coverage-diamond-ring-3-4-ct-tw-marquise-center-stone,C:\brileent earth\1D460_Sienna-Halo-Three-Quarter-Coverage-Diamond-Ring-_3_4-ct_-tw_-14K-White-Gold-BE1D460-767884\3d_model\BE1D460_MQ_200ct_RENDER.glb
1D460,OV,oval,sienna-halo-three-quarter-coverage-diamond-ring-3-4-ct-tw-oval-center-stone,C:\brileent earth\1D460_Sienna-Halo-Three-Quarter-Coverage-Diamond-Ring-_3_4-ct_-tw_-14K-White-Gold-BE1D460-767884\3d_model\BE1D460_OV_200ct_RENDER.glb
1D460,PE,pear,sienna-halo-three-quarter-coverage-diamond-ring-3-4-ct-tw-pear-center-stone,C:\brileent earth\1D460_Sienna-Halo-Three-Quarter-Coverage-Diamond-Ring-_3_4-ct_-tw_-14K-White-Gold-BE1D460-767884\3d_model\BE1D460_PE_200ct_RENDER.glb
1D460,PR,princess,sienna-halo-three-quarter-coverage-diamond-ring-3-4-ct-tw-princess-cut-center-stone,C:\brileent earth\1D460_Sienna-Halo-Three-Quarter-Coverage-Diamond-Ring-_3_4-ct_-tw_-14K-White-Gold-BE1D460-767884\3d_model\BE1D460_PR_200ct_RENDER.glb
1D460,RA,radiant,sienna-halo-three-quarter-coverage-diamond-ring-3-4-ct-tw-radiant-cut-center-stone,C:\brileent earth\1D460_Sienna-Halo-Three-Quarter-Coverage-Diamond-Ring-_3_4-ct_-tw_-14K-White-Gold-BE1D460-767884\3d_model\BE1D460_RA_200ct_RENDER.glb
1D460,RD,round,sienna-halo-three-quarter-coverage-diamond-ring-3-4-ct-tw-round-center-stone,C:\brileent earth\1D460_Sienna-Halo-Three-Quarter-Coverage-Diamond-Ring-_3_4-ct_-tw_-14K-White-Gold-BE1D460-767884\3d_model\BE1D460_RD_200ct_RENDER.glb
1D4612,AS,asscher,sienna-halo-half-coverage-diamond-ring-2-3-ct-tw-asscher-cut-center-stone,C:\brileent earth\1D4612_Sienna-Halo-Half-Coverage-Diamond-Ring-_2_3-ct_-tw_-14K-White-Gold-BE1D4612-76787032\3d_model\BE1D4612_AS_200ct_RENDER.glb
1D4612,CU,cushion,sienna-halo-half-coverage-diamond-ring-2-3-ct-tw-cushion-cut-center-stone,C:\brileent earth\1D4612_Sienna-Halo-Half-Coverage-Diamond-Ring-_2_3-ct_-tw_-14K-White-Gold-BE1D4612-76787032\3d_model\BE1D4612_CU_200ct_RENDER.glb
1D4612,EM,emerald,sienna-halo-half-coverage-diamond-ring-2-3-ct-tw-emerald-cut-center-stone,C:\brileent earth\1D4612_Sienna-Halo-Half-Coverage-Diamond-Ring-_2_3-ct_-tw_-14K-White-Gold-BE1D4612-76787032\3d_model\BE1D4612_EM_200ct_RENDER.glb
1D4612,MQ,marquise,sienna-halo-half-coverage-diamond-ring-2-3-ct-tw-marquise-center-stone,C:\brileent earth\1D4612_Sienna-Halo-Half-Coverage-Diamond-Ring-_2_3-ct_-tw_-14K-White-Gold-BE1D4612-76787032\3d_model\BE1D4612_MQ_200ct_RENDER.glb
1D4612,OV,oval,sienna-halo-half-coverage-diamond-ring-2-3-ct-tw-oval-center-stone,C:\brileent earth\1D4612_Sienna-Halo-Half-Coverage-Diamond-Ring-_2_3-ct_-tw_-14K-White-Gold-BE1D4612-76787032\3d_model\BE1D4612_OV_200ct_RENDER.glb
1D4612,PE,pear,sienna-halo-half-coverage-diamond-ring-2-3-ct-tw-pear-center-stone,C:\brileent earth\1D4612_Sienna-Halo-Half-Coverage-Diamond-Ring-_2_3-ct_-tw_-14K-White-Gold-BE1D4612-76787032\3d_model\BE1D4612_PE_200ct_RENDER.glb
1D4612,PR,princess,sienna-halo-half-coverage-diamond-ring-2-3-ct-tw-princess-cut-center-stone,C:\brileent earth\1D4612_Sienna-Halo-Half-Coverage-Diamond-Ring-_2_3-ct_-tw_-14K-White-Gold-BE1D4612-76787032\3d_model\BE1D4612_PR_200ct_RENDER.glb
1D4612,RA,radiant,sienna-halo-half-coverage-diamond-ring-2-3-ct-tw-radiant-cut-center-stone,C:\brileent earth\1D4612_Sienna-Halo-Half-Coverage-Diamond-Ring-_2_3-ct_-tw_-14K-White-Gold-BE1D4612-76787032\3d_model\BE1D4612_RA_200ct_RENDER.glb
1D4612,RD,round,sienna-halo-half-coverage-diamond-ring-2-3-ct-tw-round-center-stone,C:\brileent earth\1D4612_Sienna-Halo-Half-Coverage-Diamond-Ring-_2_3-ct_-tw_-14K-White-Gold-BE1D4612-76787032\3d_model\BE1D4612_RD_200ct_RENDER.glb
1D4816,AS,asscher,cadenza-halo-diamond-ring-asscher-cut-center-stone,C:\brileent earth\1D4816_Cadenza-Halo-Diamond-Ring-Rose-Gold-BE1D4816-2126898\3d_model\BE1D4816_AS_200ct_RENDER.glb
1D4816,CU,cushion,cadenza-halo-diamond-ring-cushion-cut-center-stone,C:\brileent earth\1D4816_Cadenza-Halo-Diamond-Ring-Rose-Gold-BE1D4816-2126898\3d_model\BE1D4816_CU_200ct_RENDER.glb
1D4816,EM,emerald,cadenza-halo-diamond-ring-emerald-cut-center-stone,C:\brileent earth\1D4816_Cadenza-Halo-Diamond-Ring-Rose-Gold-BE1D4816-2126898\3d_model\BE1D4816_EM_200ct_RENDER.glb
1D4816,OV,oval,cadenza-halo-diamond-ring-oval-center-stone,C:\brileent earth\1D4816_Cadenza-Halo-Diamond-Ring-Rose-Gold-BE1D4816-2126898\3d_model\BE1D4816_OV_200ct_RENDER.glb
1D4816,PR,princess,cadenza-halo-diamond-ring-princess-cut-center-stone,C:\brileent earth\1D4816_Cadenza-Halo-Diamond-Ring-Rose-Gold-BE1D4816-2126898\3d_model\BE1D4816_PR_200ct_RENDER.glb
1D4816,RA,radiant,cadenza-halo-diamond-ring-radiant-cut-center-stone,C:\brileent earth\1D4816_Cadenza-Halo-Diamond-Ring-Rose-Gold-BE1D4816-2126898\3d_model\BE1D4816_RA_200ct_RENDER.glb
1D4816,RD,round,cadenza-halo-diamond-ring-round-center-stone,C:\brileent earth\1D4816_Cadenza-Halo-Diamond-Ring-Rose-Gold-BE1D4816-2126898\3d_model\BE1D4816_RD_200ct_RENDER.glb
1D4822,AS,asscher,luxe-helena-radiant-cut-three-stone-diamond-ring-asscher-cut-center-stone,C:\brileent earth\1D4822_Luxe-Helena-Radiant-Cut-Three-Stone-Diamond-Ring-14K-Gold-BE1D4822-76783862\3d_model\BE1D4822_AS_200ct_RENDER.glb
1D4822,CU,cushion,luxe-helena-radiant-cut-three-stone-diamond-ring-cushion-cut-center-stone,C:\brileent earth\1D4822_Luxe-Helena-Radiant-Cut-Three-Stone-Diamond-Ring-14K-Gold-BE1D4822-76783862\3d_model\BE1D4822_CU_200ct_RENDER.glb
1D4822,EM,emerald,luxe-helena-radiant-cut-three-stone-diamond-ring-emerald-cut-center-stone,C:\brileent earth\1D4822_Luxe-Helena-Radiant-Cut-Three-Stone-Diamond-Ring-14K-Gold-BE1D4822-76783862\3d_model\BE1D4822_EM_200ct_RENDER.glb
1D4822,MQ,marquise,luxe-helena-radiant-cut-three-stone-diamond-ring-marquise-center-stone,C:\brileent earth\1D4822_Luxe-Helena-Radiant-Cut-Three-Stone-Diamond-Ring-14K-Gold-BE1D4822-76783862\3d_model\BE1D4822_MQ_200ct_RENDER.glb
1D4822,OV,oval,luxe-helena-radiant-cut-three-stone-diamond-ring-oval-center-stone,C:\brileent earth\1D4822_Luxe-Helena-Radiant-Cut-Three-Stone-Diamond-Ring-14K-Gold-BE1D4822-76783862\3d_model\BE1D4822_OV_200ct_RENDER.glb
1D4822,PE,pear,luxe-helena-radiant-cut-three-stone-diamond-ring-pear-center-stone,C:\brileent earth\1D4822_Luxe-Helena-Radiant-Cut-Three-Stone-Diamond-Ring-14K-Gold-BE1D4822-76783862\3d_model\BE1D4822_PE_200ct_RENDER.glb
1D4822,PR,princess,luxe-helena-radiant-cut-three-stone-diamond-ring-princess-cut-center-stone,C:\brileent earth\1D4822_Luxe-Helena-Radiant-Cut-Three-Stone-Diamond-Ring-14K-Gold-BE1D4822-76783862\3d_model\BE1D4822_PR_200ct_RENDER.glb
1D4822,RA,radiant,luxe-helena-radiant-cut-three-stone-diamond-ring-asscher-cut-center-stone,C:\brileent earth\1D4822_Luxe-Helena-Radiant-Cut-Three-Stone-Diamond-Ring-14K-Gold-BE1D4822-76783862\3d_model\BE1D4822_RA_200ct_RENDER.glb
1D4822,RD,round,luxe-helena-radiant-cut-three-stone-diamond-ring-round-center-stone,C:\brileent earth\1D4822_Luxe-Helena-Radiant-Cut-Three-Stone-Diamond-Ring-14K-Gold-BE1D4822-76783862\3d_model\BE1D4822_RD_200ct_RENDER.glb
1D483,AS,asscher,dawn-2mm-diamond-ring-asscher-cut-center-stone,C:\brileent earth\1D483_Dawn-2mm-Diamond-Ring-14K-Gold-BE1D483-76786022\3d_model\BE1D483_AS_200ct_RENDER.glb
1D483,CU,cushion,dawn-2mm-diamond-ring-cushion-cut-center-stone,C:\brileent earth\1D483_Dawn-2mm-Diamond-Ring-14K-Gold-BE1D483-76786022\3d_model\BE1D483_CU_200ct_RENDER.glb
1D483,EM,emerald,dawn-2mm-diamond-ring-emerald-cut-center-stone,C:\brileent earth\1D483_Dawn-2mm-Diamond-Ring-14K-Gold-BE1D483-76786022\3d_model\BE1D483_EM_200ct_RENDER.glb
1D483,MQ,marquise,dawn-2mm-diamond-ring-marquise-center-stone,C:\brileent earth\1D483_Dawn-2mm-Diamond-Ring-14K-Gold-BE1D483-76786022\3d_model\BE1D483_MQ_200ct_RENDER.glb
1D483,OV,oval,dawn-2mm-diamond-ring-oval-center-stone,C:\brileent earth\1D483_Dawn-2mm-Diamond-Ring-14K-Gold-BE1D483-76786022\3d_model\BE1D483_OV_200ct_RENDER.glb
1D483,PE,pear,dawn-2mm-diamond-ring-pear-center-stone,C:\brileent earth\1D483_Dawn-2mm-Diamond-Ring-14K-Gold-BE1D483-76786022\3d_model\BE1D483_PE_200ct_RENDER.glb
1D483,PR,princess,dawn-2mm-diamond-ring-princess-cut-center-stone,C:\brileent earth\1D483_Dawn-2mm-Diamond-Ring-14K-Gold-BE1D483-76786022\3d_model\BE1D483_PR_200ct_RENDER.glb
1D483,RA,radiant,dawn-2mm-diamond-ring-radiant-cut-center-stone,C:\brileent earth\1D483_Dawn-2mm-Diamond-Ring-14K-Gold-BE1D483-76786022\3d_model\BE1D483_RA_200ct_RENDER.glb
1D483,RD,round,dawn-2mm-diamond-ring-round-center-stone,C:\brileent earth\1D483_Dawn-2mm-Diamond-Ring-14K-Gold-BE1D483-76786022\3d_model\BE1D483_RD_200ct_RENDER.glb
1D4845,AS,asscher,vintage-secret-garden-three-stone-diamond-ring-asscher-cut-center-stone,C:\brileent earth\1D4845_Vintage-Secret-Garden-Three-Stone-Diamond-Ring-14K-Gold-BE1D4845-76783842\3d_model\BE1D4845_AS_200ct_RENDER.glb
1D4845,CU,cushion,vintage-secret-garden-three-stone-diamond-ring-cushion-cut-center-stone,C:\brileent earth\1D4845_Vintage-Secret-Garden-Three-Stone-Diamond-Ring-14K-Gold-BE1D4845-76783842\3d_model\BE1D4845_CU_200ct_RENDER.glb
1D4845,EM,emerald,vintage-secret-garden-three-stone-diamond-ring-emerald-cut-center-stone,C:\brileent earth\1D4845_Vintage-Secret-Garden-Three-Stone-Diamond-Ring-14K-Gold-BE1D4845-76783842\3d_model\BE1D4845_EM_200ct_RENDER.glb
1D4845,HT,heart,vintage-secret-garden-three-stone-diamond-ring-heart-center-stone,C:\brileent earth\1D4845_Vintage-Secret-Garden-Three-Stone-Diamond-Ring-14K-Gold-BE1D4845-76783842\3d_model\BE1D4845_HT_200ct_RENDER.glb
1D4845,MQ,marquise,vintage-secret-garden-three-stone-diamond-ring-marquise-center-stone,C:\brileent earth\1D4845_Vintage-Secret-Garden-Three-Stone-Diamond-Ring-14K-Gold-BE1D4845-76783842\3d_model\BE1D4845_MQ_200ct_RENDER.glb
1D4845,OV,oval,vintage-secret-garden-three-stone-diamond-ring-oval-center-stone,C:\brileent earth\1D4845_Vintage-Secret-Garden-Three-Stone-Diamond-Ring-14K-Gold-BE1D4845-76783842\3d_model\BE1D4845_OV_200ct_RENDER.glb
1D4845,PE,pear,vintage-secret-garden-three-stone-diamond-ring-pear-center-stone,C:\brileent earth\1D4845_Vintage-Secret-Garden-Three-Stone-Diamond-Ring-14K-Gold-BE1D4845-76783842\3d_model\BE1D4845_PE_200ct_RENDER.glb
1D4845,PR,princess,vintage-secret-garden-three-stone-diamond-ring-princess-cut-center-stone,C:\brileent earth\1D4845_Vintage-Secret-Garden-Three-Stone-Diamond-Ring-14K-Gold-BE1D4845-76783842\3d_model\BE1D4845_PR_200ct_RENDER.glb
1D4845,RA,radiant,vintage-secret-garden-three-stone-diamond-ring-radiant-cut-center-stone,C:\brileent earth\1D4845_Vintage-Secret-Garden-Three-Stone-Diamond-Ring-14K-Gold-BE1D4845-76783842\3d_model\BE1D4845_RA_200ct_RENDER.glb
1D4845,RD,round,vintage-secret-garden-three-stone-diamond-ring-round-center-stone,C:\brileent earth\1D4845_Vintage-Secret-Garden-Three-Stone-Diamond-Ring-14K-Gold-BE1D4845-76783842\3d_model\BE1D4845_RD_200ct_RENDER.glb
1D487,AS,asscher,delicate-versailles-diamond-ring-asscher-cut-center-stone,C:\brileent earth\1D487_Delicate-Versailles-Diamond-Ring-14K-Gold-BE1D487-76819984\3d_model\BE1D487_AS_200ct_RENDER.glb
1D487,CU,cushion,delicate-versailles-diamond-ring-cushion-cut-center-stone,C:\brileent earth\1D487_Delicate-Versailles-Diamond-Ring-14K-Gold-BE1D487-76819984\3d_model\BE1D487_CU_200ct_RENDER.glb
1D487,EM,emerald,delicate-versailles-diamond-ring-emerald-cut-center-stone,C:\brileent earth\1D487_Delicate-Versailles-Diamond-Ring-14K-Gold-BE1D487-76819984\3d_model\BE1D487_EM_200ct_RENDER.glb
1D487,MQ,marquise,delicate-versailles-diamond-ring-marquise-center-stone,C:\brileent earth\1D487_Delicate-Versailles-Diamond-Ring-14K-Gold-BE1D487-76819984\3d_model\BE1D487_MQ_200ct_RENDER.glb
1D487,OV,oval,delicate-versailles-diamond-ring-oval-center-stone,C:\brileent earth\1D487_Delicate-Versailles-Diamond-Ring-14K-Gold-BE1D487-76819984\3d_model\BE1D487_OV_200ct_RENDER.glb
1D487,PE,pear,delicate-versailles-diamond-ring-pear-center-stone,C:\brileent earth\1D487_Delicate-Versailles-Diamond-Ring-14K-Gold-BE1D487-76819984\3d_model\BE1D487_PE_200ct_RENDER.glb
1D487,PR,princess,delicate-versailles-diamond-ring-princess-cut-center-stone,C:\brileent earth\1D487_Delicate-Versailles-Diamond-Ring-14K-Gold-BE1D487-76819984\3d_model\BE1D487_PR_200ct_RENDER.glb
1D487,RA,radiant,delicate-versailles-diamond-ring-radiant-cut-center-stone,C:\brileent earth\1D487_Delicate-Versailles-Diamond-Ring-14K-Gold-BE1D487-76819984\3d_model\BE1D487_RA_200ct_RENDER.glb
1D487,RD,round,delicate-versailles-diamond-ring-round-center-stone,C:\brileent earth\1D487_Delicate-Versailles-Diamond-Ring-14K-Gold-BE1D487-76819984\3d_model\BE1D487_RD_200ct_RENDER.glb
1D488,AS,asscher,bella-hidden-halo-diamond-ring-1-5-ct-tw-asscher-cut-center-stone,C:\brileent earth\1D488_Bella-Hidden-Halo-Diamond-Ring-_1_5-ct_-tw_-14K-Gold-BE1D488-76785960\3d_model\BE1D488_AS_200ct_RENDER.glb
1D488,CU,cushion,bella-hidden-halo-diamond-ring-1-5-ct-tw-cushion-cut-center-stone,C:\brileent earth\1D488_Bella-Hidden-Halo-Diamond-Ring-_1_5-ct_-tw_-14K-Gold-BE1D488-76785960\3d_model\BE1D488_CU_200ct_RENDER.glb
1D488,EM,emerald,bella-hidden-halo-diamond-ring-1-5-ct-tw-emerald-cut-center-stone,C:\brileent earth\1D488_Bella-Hidden-Halo-Diamond-Ring-_1_5-ct_-tw_-14K-Gold-BE1D488-76785960\3d_model\BE1D488_EM_200ct_RENDER.glb
1D488,MQ,marquise,bella-hidden-halo-diamond-ring-1-5-ct-tw-marquise-center-stone,C:\brileent earth\1D488_Bella-Hidden-Halo-Diamond-Ring-_1_5-ct_-tw_-14K-Gold-BE1D488-76785960\3d_model\BE1D488_MQ_200ct_RENDER.glb
1D488,OV,oval,bella-hidden-halo-diamond-ring-1-5-ct-tw-oval-center-stone,C:\brileent earth\1D488_Bella-Hidden-Halo-Diamond-Ring-_1_5-ct_-tw_-14K-Gold-BE1D488-76785960\3d_model\BE1D488_OV_200ct_RENDER.glb
1D488,PE,pear,bella-hidden-halo-diamond-ring-1-5-ct-tw-pear-center-stone,C:\brileent earth\1D488_Bella-Hidden-Halo-Diamond-Ring-_1_5-ct_-tw_-14K-Gold-BE1D488-76785960\3d_model\BE1D488_PE_200ct_RENDER.glb
1D488,PR,princess,bella-hidden-halo-diamond-ring-1-5-ct-tw-princess-cut-center-stone,C:\brileent earth\1D488_Bella-Hidden-Halo-Diamond-Ring-_1_5-ct_-tw_-14K-Gold-BE1D488-76785960\3d_model\BE1D488_PR_200ct_RENDER.glb
1D488,RA,radiant,bella-hidden-halo-diamond-ring-1-5-ct-tw-radiant-cut-center-stone,C:\brileent earth\1D488_Bella-Hidden-Halo-Diamond-Ring-_1_5-ct_-tw_-14K-Gold-BE1D488-76785960\3d_model\BE1D488_RA_200ct_RENDER.glb
1D488,RD,round,bella-hidden-halo-diamond-ring-1-5-ct-tw-round-center-stone,C:\brileent earth\1D488_Bella-Hidden-Halo-Diamond-Ring-_1_5-ct_-tw_-14K-Gold-BE1D488-76785960\3d_model\BE1D488_RD_200ct_RENDER.glb
1D4982,MQ,marquise,viviana-three-quarter-coverage-six-prong-diamond-ring-1-3-ct-tw-marquise-center-stone,C:\brileent earth\1D4982_Viviana-Three-Quarter-Coverage-Six-Prong-Diamond-Ring-_1_3-ct_-tw_-14K-White-Gold-BE1D4982\3d_model\BE1D4982_MQ_200ct_RENDER.glb
1D4982,OV,oval,viviana-three-quarter-coverage-six-prong-diamond-ring-1-3-ct-tw-oval-center-stone,C:\brileent earth\1D4982_Viviana-Three-Quarter-Coverage-Six-Prong-Diamond-Ring-_1_3-ct_-tw_-14K-White-Gold-BE1D4982\3d_model\BE1D4982_OV_200ct_RENDER.glb
1D4982,PE,pear,viviana-three-quarter-coverage-six-prong-diamond-ring-1-3-ct-tw-pear-center-stone,C:\brileent earth\1D4982_Viviana-Three-Quarter-Coverage-Six-Prong-Diamond-Ring-_1_3-ct_-tw_-14K-White-Gold-BE1D4982\3d_model\BE1D4982_PE_200ct_RENDER.glb
1D4982,RD,round,viviana-three-quarter-coverage-six-prong-diamond-ring-1-3-ct-tw-round-center-stone,C:\brileent earth\1D4982_Viviana-Three-Quarter-Coverage-Six-Prong-Diamond-Ring-_1_3-ct_-tw_-14K-White-Gold-BE1D4982\3d_model\BE1D4982_RD_200ct_RENDER.glb
1D50L,MQ,marquise,catalina-solitaire-ring-marquise-center-stone,C:\brileent earth\1D50L_Catalina-Solitaire-Ring-14K-Gold-BE1D50L-76823634\3d_model\BE1D50L_MQ_200ct_RENDER.glb
1D50L,OV,oval,catalina-solitaire-ring-oval-center-stone,C:\brileent earth\1D50L_Catalina-Solitaire-Ring-14K-Gold-BE1D50L-76823634\3d_model\BE1D50L_OV_200ct_RENDER.glb
1D50L,PE,pear,catalina-solitaire-ring-pear-center-stone,C:\brileent earth\1D50L_Catalina-Solitaire-Ring-14K-Gold-BE1D50L-76823634\3d_model\BE1D50L_PE_200ct_RENDER.glb
1D50L,RD,round,catalina-solitaire-ring-round-center-stone,C:\brileent earth\1D50L_Catalina-Solitaire-Ring-14K-Gold-BE1D50L-76823634\3d_model\BE1D50L_RD_200ct_RENDER.glb
1D5320,AS,asscher,opera-three-stone-diamond-ring-asscher-cut-center-stone,C:\brileent earth\1D5320_Opera-Three-Stone-Diamond-Ring-14K-Gold-BE1D5320-76823402\3d_model\BE1D5320_AS_200ct_RENDER.glb
1D5320,CU,cushion,opera-three-stone-diamond-ring-cushion-cut-center-stone,C:\brileent earth\1D5320_Opera-Three-Stone-Diamond-Ring-14K-Gold-BE1D5320-76823402\3d_model\BE1D5320_CU_200ct_RENDER.glb
1D5320,EM,emerald,opera-three-stone-diamond-ring-emerald-cut-center-stone,C:\brileent earth\1D5320_Opera-Three-Stone-Diamond-Ring-14K-Gold-BE1D5320-76823402\3d_model\BE1D5320_EM_200ct_RENDER.glb
1D5320,MQ,marquise,opera-three-stone-diamond-ring-marquise-center-stone,C:\brileent earth\1D5320_Opera-Three-Stone-Diamond-Ring-14K-Gold-BE1D5320-76823402\3d_model\BE1D5320_MQ_200ct_RENDER.glb
1D5320,OV,oval,opera-three-stone-diamond-ring-oval-center-stone,C:\brileent earth\1D5320_Opera-Three-Stone-Diamond-Ring-14K-Gold-BE1D5320-76823402\3d_model\BE1D5320_OV_200ct_RENDER.glb
1D5320,PE,pear,opera-three-stone-diamond-ring-pear-center-stone,C:\brileent earth\1D5320_Opera-Three-Stone-Diamond-Ring-14K-Gold-BE1D5320-76823402\3d_model\BE1D5320_PE_200ct_RENDER.glb
1D5320,PR,princess,opera-three-stone-diamond-ring-princess-cut-center-stone,C:\brileent earth\1D5320_Opera-Three-Stone-Diamond-Ring-14K-Gold-BE1D5320-76823402\3d_model\BE1D5320_PR_200ct_RENDER.glb
1D5320,RA,radiant,opera-three-stone-diamond-ring-radiant-cut-center-stone,C:\brileent earth\1D5320_Opera-Three-Stone-Diamond-Ring-14K-Gold-BE1D5320-76823402\3d_model\BE1D5320_RA_200ct_RENDER.glb
1D5320,RD,round,opera-three-stone-diamond-ring-round-center-stone,C:\brileent earth\1D5320_Opera-Three-Stone-Diamond-Ring-14K-Gold-BE1D5320-76823402\3d_model\BE1D5320_RD_200ct_RENDER.glb
1D5400,AS,asscher,petite-cometa-perfect-fit-three-stone-diamond-ring-asscher-cut-center-stone,C:\brileent earth\1D5400_Petite-Cometa-Perfect-Fit-Three-Stone-Diamond-Ring-14K-Gold-BE1D5400-76785997\3d_model\BE1D5400_AS_200ct_RENDER.glb
1D5400,CU,cushion,petite-cometa-perfect-fit-three-stone-diamond-ring-cushion-cut-center-stone,C:\brileent earth\1D5400_Petite-Cometa-Perfect-Fit-Three-Stone-Diamond-Ring-14K-Gold-BE1D5400-76785997\3d_model\BE1D5400_CU_200ct_RENDER.glb
1D5400,EM,emerald,petite-cometa-perfect-fit-three-stone-diamond-ring-emerald-cut-center-stone,C:\brileent earth\1D5400_Petite-Cometa-Perfect-Fit-Three-Stone-Diamond-Ring-14K-Gold-BE1D5400-76785997\3d_model\BE1D5400_EM_200ct_RENDER.glb
1D5400,MQ,marquise,petite-cometa-perfect-fit-three-stone-diamond-ring-marquise-center-stone,C:\brileent earth\1D5400_Petite-Cometa-Perfect-Fit-Three-Stone-Diamond-Ring-14K-Gold-BE1D5400-76785997\3d_model\BE1D5400_MQ_200ct_RENDER.glb
1D5400,OV,oval,petite-cometa-perfect-fit-three-stone-diamond-ring-oval-center-stone,C:\brileent earth\1D5400_Petite-Cometa-Perfect-Fit-Three-Stone-Diamond-Ring-14K-Gold-BE1D5400-76785997\3d_model\BE1D5400_OV_200ct_RENDER.glb
1D5400,PE,pear,petite-cometa-perfect-fit-three-stone-diamond-ring-pear-center-stone,C:\brileent earth\1D5400_Petite-Cometa-Perfect-Fit-Three-Stone-Diamond-Ring-14K-Gold-BE1D5400-76785997\3d_model\BE1D5400_PE_200ct_RENDER.glb
1D5400,PR,princess,petite-cometa-perfect-fit-three-stone-diamond-ring-princess-cut-center-stone,C:\brileent earth\1D5400_Petite-Cometa-Perfect-Fit-Three-Stone-Diamond-Ring-14K-Gold-BE1D5400-76785997\3d_model\BE1D5400_PR_200ct_RENDER.glb
1D5400,RA,radiant,petite-cometa-perfect-fit-three-stone-diamond-ring-radiant-cut-center-stone,C:\brileent earth\1D5400_Petite-Cometa-Perfect-Fit-Three-Stone-Diamond-Ring-14K-Gold-BE1D5400-76785997\3d_model\BE1D5400_RA_200ct_RENDER.glb
1D5400,RD,round,petite-cometa-perfect-fit-three-stone-diamond-ring-round-center-stone,C:\brileent earth\1D5400_Petite-Cometa-Perfect-Fit-Three-Stone-Diamond-Ring-14K-Gold-BE1D5400-76785997\3d_model\BE1D5400_RD_200ct_RENDER.glb
1D5418,AS,asscher,sunburst-halo-diamond-ring-1-4-ct-tw-asscher-cut-center-stone,C:\brileent earth\1D5418_Sunburst-Halo-Diamond-Ring-_1_4-ct_-tw_-14K-Gold-BE1D5418-76788456\3d_model\BE1D5418_AS_200ct_RENDER.glb
1D5418,CU,cushion,sunburst-halo-diamond-ring-1-4-ct-tw-cushion-cut-center-stone,C:\brileent earth\1D5418_Sunburst-Halo-Diamond-Ring-_1_4-ct_-tw_-14K-Gold-BE1D5418-76788456\3d_model\BE1D5418_CU_200ct_RENDER.glb
1D5418,EM,emerald,sunburst-halo-diamond-ring-1-4-ct-tw-emerald-cut-center-stone,C:\brileent earth\1D5418_Sunburst-Halo-Diamond-Ring-_1_4-ct_-tw_-14K-Gold-BE1D5418-76788456\3d_model\BE1D5418_EM_200ct_RENDER.glb
1D5418,MQ,marquise,sunburst-halo-diamond-ring-1-4-ct-tw-marquise-center-stone,C:\brileent earth\1D5418_Sunburst-Halo-Diamond-Ring-_1_4-ct_-tw_-14K-Gold-BE1D5418-76788456\3d_model\BE1D5418_MQ_200ct_RENDER.glb
1D5418,OV,oval,sunburst-halo-diamond-ring-1-4-ct-tw-oval-center-stone,C:\brileent earth\1D5418_Sunburst-Halo-Diamond-Ring-_1_4-ct_-tw_-14K-Gold-BE1D5418-76788456\3d_model\BE1D5418_OV_200ct_RENDER.glb
1D5418,PE,pear,sunburst-halo-diamond-ring-1-4-ct-tw-pear-center-stone,C:\brileent earth\1D5418_Sunburst-Halo-Diamond-Ring-_1_4-ct_-tw_-14K-Gold-BE1D5418-76788456\3d_model\BE1D5418_PE_200ct_RENDER.glb
1D5418,PR,princess,sunburst-halo-diamond-ring-1-4-ct-tw-princess-cut-center-stone,C:\brileent earth\1D5418_Sunburst-Halo-Diamond-Ring-_1_4-ct_-tw_-14K-Gold-BE1D5418-76788456\3d_model\BE1D5418_PR_200ct_RENDER.glb
1D5418,RA,radiant,sunburst-halo-diamond-ring-1-4-ct-tw-radiant-cut-center-stone,C:\brileent earth\1D5418_Sunburst-Halo-Diamond-Ring-_1_4-ct_-tw_-14K-Gold-BE1D5418-76788456\3d_model\BE1D5418_RA_200ct_RENDER.glb
1D5418,RD,round,sunburst-halo-diamond-ring-1-4-ct-tw-round-center-stone,C:\brileent earth\1D5418_Sunburst-Halo-Diamond-Ring-_1_4-ct_-tw_-14K-Gold-BE1D5418-76788456\3d_model\BE1D5418_RD_200ct_RENDER.glb
1D546,AS,asscher,perfect-fit-french-pav-diamond-ring-asscher-cut-center-stone,C:\brileent earth\1D546_Perfect-Fit-French-PavÃ©-Diamond-Ring-14K-Gold-BE1D546-76785981\3d_model\BE1D546_AS_200ct_RENDER.glb
1D546,CU,cushion,perfect-fit-french-pav-diamond-ring-cushion-cut-center-stone,C:\brileent earth\1D546_Perfect-Fit-French-PavÃ©-Diamond-Ring-14K-Gold-BE1D546-76785981\3d_model\BE1D546_CU_200ct_RENDER.glb
1D546,EM,emerald,perfect-fit-french-pav-diamond-ring-emerald-cut-center-stone,C:\brileent earth\1D546_Perfect-Fit-French-PavÃ©-Diamond-Ring-14K-Gold-BE1D546-76785981\3d_model\BE1D546_EM_200ct_RENDER.glb
1D546,MQ,marquise,perfect-fit-french-pav-diamond-ring-marquise-center-stone,C:\brileent earth\1D546_Perfect-Fit-French-PavÃ©-Diamond-Ring-14K-Gold-BE1D546-76785981\3d_model\BE1D546_MQ_200ct_RENDER.glb
1D546,OV,oval,perfect-fit-french-pav-diamond-ring-oval-center-stone,C:\brileent earth\1D546_Perfect-Fit-French-PavÃ©-Diamond-Ring-14K-Gold-BE1D546-76785981\3d_model\BE1D546_OV_200ct_RENDER.glb
1D546,PE,pear,perfect-fit-french-pav-diamond-ring-pear-center-stone,C:\brileent earth\1D546_Perfect-Fit-French-PavÃ©-Diamond-Ring-14K-Gold-BE1D546-76785981\3d_model\BE1D546_PE_200ct_RENDER.glb
1D546,PR,princess,perfect-fit-french-pav-diamond-ring-princess-cut-center-stone,C:\brileent earth\1D546_Perfect-Fit-French-PavÃ©-Diamond-Ring-14K-Gold-BE1D546-76785981\3d_model\BE1D546_PR_200ct_RENDER.glb
1D546,RA,radiant,perfect-fit-french-pav-diamond-ring-radiant-cut-center-stone,C:\brileent earth\1D546_Perfect-Fit-French-PavÃ©-Diamond-Ring-14K-Gold-BE1D546-76785981\3d_model\BE1D546_RA_200ct_RENDER.glb
1D546,RD,round,perfect-fit-french-pav-diamond-ring-round-center-stone,C:\brileent earth\1D546_Perfect-Fit-French-PavÃ©-Diamond-Ring-14K-Gold-BE1D546-76785981\3d_model\BE1D546_RD_200ct_RENDER.glb
1D547,AS,asscher,elodie-perfect-fit-three-stone-diamond-ring-1-2-ct-tw-asscher-cut-center-stone,C:\brileent earth\1D547_Elodie-Perfect-Fit-Three-Stone-Diamond-Ring-_1_2-ct_-tw_-14K-Gold-BE1D547-76787028\3d_model\BE1D547_AS_200ct_RENDER.glb
1D547,CU,cushion,elodie-perfect-fit-three-stone-diamond-ring-1-2-ct-tw-cushion-cut-center-stone,C:\brileent earth\1D547_Elodie-Perfect-Fit-Three-Stone-Diamond-Ring-_1_2-ct_-tw_-14K-Gold-BE1D547-76787028\3d_model\BE1D547_CU_200ct_RENDER.glb
1D547,EM,emerald,elodie-perfect-fit-three-stone-diamond-ring-1-2-ct-tw-emerald-cut-center-stone,C:\brileent earth\1D547_Elodie-Perfect-Fit-Three-Stone-Diamond-Ring-_1_2-ct_-tw_-14K-Gold-BE1D547-76787028\3d_model\BE1D547_EM_200ct_RENDER.glb
1D547,MQ,marquise,elodie-perfect-fit-three-stone-diamond-ring-1-2-ct-tw-marquise-center-stone,C:\brileent earth\1D547_Elodie-Perfect-Fit-Three-Stone-Diamond-Ring-_1_2-ct_-tw_-14K-Gold-BE1D547-76787028\3d_model\BE1D547_MQ_200ct_RENDER.glb
1D547,OV,oval,elodie-perfect-fit-three-stone-diamond-ring-1-2-ct-tw-oval-center-stone,C:\brileent earth\1D547_Elodie-Perfect-Fit-Three-Stone-Diamond-Ring-_1_2-ct_-tw_-14K-Gold-BE1D547-76787028\3d_model\BE1D547_OV_200ct_RENDER.glb
1D547,PE,pear,elodie-perfect-fit-three-stone-diamond-ring-1-2-ct-tw-pear-center-stone,C:\brileent earth\1D547_Elodie-Perfect-Fit-Three-Stone-Diamond-Ring-_1_2-ct_-tw_-14K-Gold-BE1D547-76787028\3d_model\BE1D547_PE_200ct_RENDER.glb
1D547,PR,princess,elodie-perfect-fit-three-stone-diamond-ring-1-2-ct-tw-princess-cut-center-stone,C:\brileent earth\1D547_Elodie-Perfect-Fit-Three-Stone-Diamond-Ring-_1_2-ct_-tw_-14K-Gold-BE1D547-76787028\3d_model\BE1D547_PR_200ct_RENDER.glb
1D547,RA,radiant,elodie-perfect-fit-three-stone-diamond-ring-1-2-ct-tw-radiant-cut-center-stone,C:\brileent earth\1D547_Elodie-Perfect-Fit-Three-Stone-Diamond-Ring-_1_2-ct_-tw_-14K-Gold-BE1D547-76787028\3d_model\BE1D547_RA_200ct_RENDER.glb
1D547,RD,round,elodie-perfect-fit-three-stone-diamond-ring-1-2-ct-tw-round-center-stone,C:\brileent earth\1D547_Elodie-Perfect-Fit-Three-Stone-Diamond-Ring-_1_2-ct_-tw_-14K-Gold-BE1D547-76787028\3d_model\BE1D547_RD_200ct_RENDER.glb
1D54,AS,asscher,petite-twisted-vine-diamond-ring-1-8-ct-tw-asscher-cut-center-stone,C:\brileent earth\1D54_Petite-Twisted-Vine-Diamond-Ring-_1_8-ct_-tw_-14K-White-Gold-BE1D54-76823675\3d_model\BE1D54_AS_200ct_RENDER.glb
1D54,CU,cushion,petite-twisted-vine-diamond-ring-1-8-ct-tw-cushion-cut-center-stone,C:\brileent earth\1D54_Petite-Twisted-Vine-Diamond-Ring-_1_8-ct_-tw_-14K-White-Gold-BE1D54-76823675\3d_model\BE1D54_CU_200ct_RENDER.glb
1D54,EM,emerald,petite-twisted-vine-diamond-ring-1-8-ct-tw-emerald-cut-center-stone,C:\brileent earth\1D54_Petite-Twisted-Vine-Diamond-Ring-_1_8-ct_-tw_-14K-White-Gold-BE1D54-76823675\3d_model\BE1D54_EM_200ct_RENDER.glb
1D54,HT,heart,petite-twisted-vine-diamond-ring-1-8-ct-tw-heart-center-stone,C:\brileent earth\1D54_Petite-Twisted-Vine-Diamond-Ring-_1_8-ct_-tw_-14K-White-Gold-BE1D54-76823675\3d_model\BE1D54_HT_200ct_RENDER.glb
1D54,MQ,marquise,petite-twisted-vine-diamond-ring-1-8-ct-tw-marquise-center-stone,C:\brileent earth\1D54_Petite-Twisted-Vine-Diamond-Ring-_1_8-ct_-tw_-14K-White-Gold-BE1D54-76823675\3d_model\BE1D54_MQ_200ct_RENDER.glb
1D54,OV,oval,petite-twisted-vine-diamond-ring-1-8-ct-tw-oval-center-stone,C:\brileent earth\1D54_Petite-Twisted-Vine-Diamond-Ring-_1_8-ct_-tw_-14K-White-Gold-BE1D54-76823675\3d_model\BE1D54_OV_200ct_RENDER.glb
1D54,PE,pear,petite-twisted-vine-diamond-ring-1-8-ct-tw-pear-center-stone,C:\brileent earth\1D54_Petite-Twisted-Vine-Diamond-Ring-_1_8-ct_-tw_-14K-White-Gold-BE1D54-76823675\3d_model\BE1D54_PE_200ct_RENDER.glb
1D54,PR,princess,petite-twisted-vine-diamond-ring-1-8-ct-tw-princess-cut-center-stone,C:\brileent earth\1D54_Petite-Twisted-Vine-Diamond-Ring-_1_8-ct_-tw_-14K-White-Gold-BE1D54-76823675\3d_model\BE1D54_PR_200ct_RENDER.glb
1D54,RA,radiant,petite-twisted-vine-diamond-ring-1-8-ct-tw-radiant-cut-center-stone,C:\brileent earth\1D54_Petite-Twisted-Vine-Diamond-Ring-_1_8-ct_-tw_-14K-White-Gold-BE1D54-76823675\3d_model\BE1D54_RA_200ct_RENDER.glb
1D54,RD,round,petite-twisted-vine-diamond-ring-1-8-ct-tw-round-center-stone,C:\brileent earth\1D54_Petite-Twisted-Vine-Diamond-Ring-_1_8-ct_-tw_-14K-White-Gold-BE1D54-76823675\3d_model\BE1D54_RD_200ct_RENDER.glb
1D5598,AS,asscher,grand-nadia-diamond-ring-asscher-cut-center-stone,C:\brileent earth\1D5598_Grand-Nadia-Diamond-Ring-14K-White-Gold-BE1D5598-76788362\3d_model\BE1D5598_AS_200ct_RENDER.glb
1D5598,CU,cushion,grand-nadia-diamond-ring-cushion-cut-center-stone,C:\brileent earth\1D5598_Grand-Nadia-Diamond-Ring-14K-White-Gold-BE1D5598-76788362\3d_model\BE1D5598_CU_200ct_RENDER.glb
1D5598,EM,emerald,grand-nadia-diamond-ring-emerald-cut-center-stone,C:\brileent earth\1D5598_Grand-Nadia-Diamond-Ring-14K-White-Gold-BE1D5598-76788362\3d_model\BE1D5598_EM_200ct_RENDER.glb
1D5598,MQ,marquise,grand-nadia-diamond-ring-marquise-center-stone,C:\brileent earth\1D5598_Grand-Nadia-Diamond-Ring-14K-White-Gold-BE1D5598-76788362\3d_model\BE1D5598_MQ_200ct_RENDER.glb
1D5598,OV,oval,grand-nadia-diamond-ring-oval-center-stone,C:\brileent earth\1D5598_Grand-Nadia-Diamond-Ring-14K-White-Gold-BE1D5598-76788362\3d_model\BE1D5598_OV_200ct_RENDER.glb
1D5598,PE,pear,grand-nadia-diamond-ring-pear-center-stone,C:\brileent earth\1D5598_Grand-Nadia-Diamond-Ring-14K-White-Gold-BE1D5598-76788362\3d_model\BE1D5598_PE_200ct_RENDER.glb
1D5598,PR,princess,grand-nadia-diamond-ring-princess-cut-center-stone,C:\brileent earth\1D5598_Grand-Nadia-Diamond-Ring-14K-White-Gold-BE1D5598-76788362\3d_model\BE1D5598_PR_200ct_RENDER.glb
1D5598,RA,radiant,grand-nadia-diamond-ring-radiant-cut-center-stone,C:\brileent earth\1D5598_Grand-Nadia-Diamond-Ring-14K-White-Gold-BE1D5598-76788362\3d_model\BE1D5598_RA_200ct_RENDER.glb
1D5598,RD,round,grand-nadia-diamond-ring-round-center-stone,C:\brileent earth\1D5598_Grand-Nadia-Diamond-Ring-14K-White-Gold-BE1D5598-76788362\3d_model\BE1D5598_RD_200ct_RENDER.glb
1D5651,AS,asscher,atelier-three-stone-diamond-ring-1-3-ct-tw-asscher-cut-center-stone,C:\brileent earth\1D5651_Atelier-Three-Stone-Diamond-Ring-_1_3-ct_-tw_-14K-Gold-BE1D5651-76783832\3d_model\BE1D5651_AS_200ct_RENDER.glb
1D5651,CU,cushion,atelier-three-stone-diamond-ring-1-3-ct-tw-cushion-cut-center-stone,C:\brileent earth\1D5651_Atelier-Three-Stone-Diamond-Ring-_1_3-ct_-tw_-14K-Gold-BE1D5651-76783832\3d_model\BE1D5651_CU_200ct_RENDER.glb
1D5651,EM,emerald,atelier-three-stone-diamond-ring-1-3-ct-tw-emerald-cut-center-stone,C:\brileent earth\1D5651_Atelier-Three-Stone-Diamond-Ring-_1_3-ct_-tw_-14K-Gold-BE1D5651-76783832\3d_model\BE1D5651_EM_200ct_RENDER.glb
1D5651,MQ,marquise,atelier-three-stone-diamond-ring-1-3-ct-tw-marquise-center-stone,C:\brileent earth\1D5651_Atelier-Three-Stone-Diamond-Ring-_1_3-ct_-tw_-14K-Gold-BE1D5651-76783832\3d_model\BE1D5651_MQ_200ct_RENDER.glb
1D5651,OV,oval,atelier-three-stone-diamond-ring-1-3-ct-tw-oval-center-stone,C:\brileent earth\1D5651_Atelier-Three-Stone-Diamond-Ring-_1_3-ct_-tw_-14K-Gold-BE1D5651-76783832\3d_model\BE1D5651_OV_200ct_RENDER.glb
1D5651,PE,pear,atelier-three-stone-diamond-ring-1-3-ct-tw-pear-center-stone,C:\brileent earth\1D5651_Atelier-Three-Stone-Diamond-Ring-_1_3-ct_-tw_-14K-Gold-BE1D5651-76783832\3d_model\BE1D5651_PE_200ct_RENDER.glb
1D5651,PR,princess,atelier-three-stone-diamond-ring-1-3-ct-tw-princess-cut-center-stone,C:\brileent earth\1D5651_Atelier-Three-Stone-Diamond-Ring-_1_3-ct_-tw_-14K-Gold-BE1D5651-76783832\3d_model\BE1D5651_PR_200ct_RENDER.glb
1D5651,RA,radiant,atelier-three-stone-diamond-ring-1-3-ct-tw-radiant-cut-center-stone,C:\brileent earth\1D5651_Atelier-Three-Stone-Diamond-Ring-_1_3-ct_-tw_-14K-Gold-BE1D5651-76783832\3d_model\BE1D5651_RA_200ct_RENDER.glb
1D5651,RD,round,atelier-three-stone-diamond-ring-1-3-ct-tw-round-center-stone,C:\brileent earth\1D5651_Atelier-Three-Stone-Diamond-Ring-_1_3-ct_-tw_-14K-Gold-BE1D5651-76783832\3d_model\BE1D5651_RD_200ct_RENDER.glb
1D5693,AS,asscher,aimee-1-7mm-diamond-ring-asscher-cut-center-stone,C:\brileent earth\1D5693_Aimee-1_7mm-Diamond-Ring-14K-Gold-BE1D5693-76787079\3d_model\BE1D5693_AS_200ct_RENDER.glb
1D5693,CU,cushion,aimee-1-7mm-diamond-ring-cushion-cut-center-stone,C:\brileent earth\1D5693_Aimee-1_7mm-Diamond-Ring-14K-Gold-BE1D5693-76787079\3d_model\BE1D5693_CU_200ct_RENDER.glb
1D5693,EM,emerald,aimee-1-7mm-diamond-ring-emerald-cut-center-stone,C:\brileent earth\1D5693_Aimee-1_7mm-Diamond-Ring-14K-Gold-BE1D5693-76787079\3d_model\BE1D5693_EM_200ct_RENDER.glb
1D5693,MQ,marquise,aimee-1-7mm-diamond-ring-marquise-center-stone,C:\brileent earth\1D5693_Aimee-1_7mm-Diamond-Ring-14K-Gold-BE1D5693-76787079\3d_model\BE1D5693_MQ_200ct_RENDER.glb
1D5693,OV,oval,aimee-1-7mm-diamond-ring-oval-center-stone,C:\brileent earth\1D5693_Aimee-1_7mm-Diamond-Ring-14K-Gold-BE1D5693-76787079\3d_model\BE1D5693_OV_200ct_RENDER.glb
1D5693,PE,pear,aimee-1-7mm-diamond-ring-pear-center-stone,C:\brileent earth\1D5693_Aimee-1_7mm-Diamond-Ring-14K-Gold-BE1D5693-76787079\3d_model\BE1D5693_PE_200ct_RENDER.glb
1D5693,PR,princess,aimee-1-7mm-diamond-ring-princess-cut-center-stone,C:\brileent earth\1D5693_Aimee-1_7mm-Diamond-Ring-14K-Gold-BE1D5693-76787079\3d_model\BE1D5693_PR_200ct_RENDER.glb
1D5693,RA,radiant,aimee-1-7mm-diamond-ring-radiant-cut-center-stone,C:\brileent earth\1D5693_Aimee-1_7mm-Diamond-Ring-14K-Gold-BE1D5693-76787079\3d_model\BE1D5693_RA_200ct_RENDER.glb
1D5693,RD,round,aimee-1-7mm-diamond-ring-round-center-stone,C:\brileent earth\1D5693_Aimee-1_7mm-Diamond-Ring-14K-Gold-BE1D5693-76787079\3d_model\BE1D5693_RD_200ct_RENDER.glb
1D573,AS,asscher,peyton-emerald-cut-three-stone-diamond-ring-1-2-ct-tw-asscher-cut-center-stone,C:\brileent earth\1D573_Peyton-Emerald-Cut-Three-Stone-Diamond-Ring-_1_2-ct_-tw_-14K-Gold-BE1D573-76787034\3d_model\BE1D573_AS_200ct_RENDER.glb
1D573,CU,cushion,peyton-emerald-cut-three-stone-diamond-ring-1-2-ct-tw-cushion-cut-center-stone,C:\brileent earth\1D573_Peyton-Emerald-Cut-Three-Stone-Diamond-Ring-_1_2-ct_-tw_-14K-Gold-BE1D573-76787034\3d_model\BE1D573_CU_200ct_RENDER.glb
1D573,EM,emerald,peyton-emerald-cut-three-stone-diamond-ring-1-2-ct-tw-asscher-cut-center-stone,C:\brileent earth\1D573_Peyton-Emerald-Cut-Three-Stone-Diamond-Ring-_1_2-ct_-tw_-14K-Gold-BE1D573-76787034\3d_model\BE1D573_EM_200ct_RENDER.glb
1D573,MQ,marquise,peyton-emerald-cut-three-stone-diamond-ring-1-2-ct-tw-marquise-center-stone,C:\brileent earth\1D573_Peyton-Emerald-Cut-Three-Stone-Diamond-Ring-_1_2-ct_-tw_-14K-Gold-BE1D573-76787034\3d_model\BE1D573_MQ_200ct_RENDER.glb
1D573,OV,oval,peyton-emerald-cut-three-stone-diamond-ring-1-2-ct-tw-oval-center-stone,C:\brileent earth\1D573_Peyton-Emerald-Cut-Three-Stone-Diamond-Ring-_1_2-ct_-tw_-14K-Gold-BE1D573-76787034\3d_model\BE1D573_OV_200ct_RENDER.glb
1D573,PE,pear,peyton-emerald-cut-three-stone-diamond-ring-1-2-ct-tw-pear-center-stone,C:\brileent earth\1D573_Peyton-Emerald-Cut-Three-Stone-Diamond-Ring-_1_2-ct_-tw_-14K-Gold-BE1D573-76787034\3d_model\BE1D573_PE_200ct_RENDER.glb
1D573,PR,princess,peyton-emerald-cut-three-stone-diamond-ring-1-2-ct-tw-princess-cut-center-stone,C:\brileent earth\1D573_Peyton-Emerald-Cut-Three-Stone-Diamond-Ring-_1_2-ct_-tw_-14K-Gold-BE1D573-76787034\3d_model\BE1D573_PR_200ct_RENDER.glb
1D573,RA,radiant,peyton-emerald-cut-three-stone-diamond-ring-1-2-ct-tw-radiant-cut-center-stone,C:\brileent earth\1D573_Peyton-Emerald-Cut-Three-Stone-Diamond-Ring-_1_2-ct_-tw_-14K-Gold-BE1D573-76787034\3d_model\BE1D573_RA_200ct_RENDER.glb
1D573,RD,round,peyton-emerald-cut-three-stone-diamond-ring-1-2-ct-tw-round-center-stone,C:\brileent earth\1D573_Peyton-Emerald-Cut-Three-Stone-Diamond-Ring-_1_2-ct_-tw_-14K-Gold-BE1D573-76787034\3d_model\BE1D573_RD_200ct_RENDER.glb
1D583,AS,asscher,platinum-mixed-metal-julia-halo-diamond-ring-1-5-ct-tw-asscher-cut-center-stone,C:\brileent earth\1D583_Platinum-Mixed-Metal-Julia-Halo-Diamond-Ring-_1_5-ct_-tw_-Gold-BE1D583-51488319\3d_model\BE1D583_AS_200ct_RENDER.glb
1D583,CU,cushion,platinum-mixed-metal-julia-halo-diamond-ring-1-5-ct-tw-cushion-cut-center-stone,C:\brileent earth\1D583_Platinum-Mixed-Metal-Julia-Halo-Diamond-Ring-_1_5-ct_-tw_-Gold-BE1D583-51488319\3d_model\BE1D583_CU_200ct_RENDER.glb
1D583,EM,emerald,platinum-mixed-metal-julia-halo-diamond-ring-1-5-ct-tw-emerald-cut-center-stone,C:\brileent earth\1D583_Platinum-Mixed-Metal-Julia-Halo-Diamond-Ring-_1_5-ct_-tw_-Gold-BE1D583-51488319\3d_model\BE1D583_EM_200ct_RENDER.glb
1D583,MQ,marquise,platinum-mixed-metal-julia-halo-diamond-ring-1-5-ct-tw-marquise-center-stone,C:\brileent earth\1D583_Platinum-Mixed-Metal-Julia-Halo-Diamond-Ring-_1_5-ct_-tw_-Gold-BE1D583-51488319\3d_model\BE1D583_MQ_200ct_RENDER.glb
1D583,OV,oval,platinum-mixed-metal-julia-halo-diamond-ring-1-5-ct-tw-oval-center-stone,C:\brileent earth\1D583_Platinum-Mixed-Metal-Julia-Halo-Diamond-Ring-_1_5-ct_-tw_-Gold-BE1D583-51488319\3d_model\BE1D583_OV_200ct_RENDER.glb
1D583,PE,pear,platinum-mixed-metal-julia-halo-diamond-ring-1-5-ct-tw-pear-center-stone,C:\brileent earth\1D583_Platinum-Mixed-Metal-Julia-Halo-Diamond-Ring-_1_5-ct_-tw_-Gold-BE1D583-51488319\3d_model\BE1D583_PE_200ct_RENDER.glb
1D583,PR,princess,platinum-mixed-metal-julia-halo-diamond-ring-1-5-ct-tw-princess-cut-center-stone,C:\brileent earth\1D583_Platinum-Mixed-Metal-Julia-Halo-Diamond-Ring-_1_5-ct_-tw_-Gold-BE1D583-51488319\3d_model\BE1D583_PR_200ct_RENDER.glb
1D583,RA,radiant,platinum-mixed-metal-julia-halo-diamond-ring-1-5-ct-tw-radiant-cut-center-stone,C:\brileent earth\1D583_Platinum-Mixed-Metal-Julia-Halo-Diamond-Ring-_1_5-ct_-tw_-Gold-BE1D583-51488319\3d_model\BE1D583_RA_200ct_RENDER.glb
1D583,RD,round,platinum-mixed-metal-julia-halo-diamond-ring-1-5-ct-tw-round-center-stone,C:\brileent earth\1D583_Platinum-Mixed-Metal-Julia-Halo-Diamond-Ring-_1_5-ct_-tw_-Gold-BE1D583-51488319\3d_model\BE1D583_RD_200ct_RENDER.glb
1D5840,AS,asscher,edie-art-deco-diamond-ring-1-4-ct-tw-asscher-cut-center-stone,C:\brileent earth\1D5840_Edie-Art-Deco-Diamond-Ring-_1_4-ct_-tw_-14K-Gold-BE1D5840-76820226\3d_model\BE1D5840_AS_200ct_RENDER.glb
1D5840,CU,cushion,edie-art-deco-diamond-ring-1-4-ct-tw-cushion-cut-center-stone,C:\brileent earth\1D5840_Edie-Art-Deco-Diamond-Ring-_1_4-ct_-tw_-14K-Gold-BE1D5840-76820226\3d_model\BE1D5840_CU_200ct_RENDER.glb
1D5840,EM,emerald,edie-art-deco-diamond-ring-1-4-ct-tw-emerald-cut-center-stone,C:\brileent earth\1D5840_Edie-Art-Deco-Diamond-Ring-_1_4-ct_-tw_-14K-Gold-BE1D5840-76820226\3d_model\BE1D5840_EM_200ct_RENDER.glb
1D5840,MQ,marquise,edie-art-deco-diamond-ring-1-4-ct-tw-marquise-center-stone,C:\brileent earth\1D5840_Edie-Art-Deco-Diamond-Ring-_1_4-ct_-tw_-14K-Gold-BE1D5840-76820226\3d_model\BE1D5840_MQ_200ct_RENDER.glb
1D5840,OV,oval,edie-art-deco-diamond-ring-1-4-ct-tw-oval-center-stone,C:\brileent earth\1D5840_Edie-Art-Deco-Diamond-Ring-_1_4-ct_-tw_-14K-Gold-BE1D5840-76820226\3d_model\BE1D5840_OV_200ct_RENDER.glb
1D5840,PE,pear,edie-art-deco-diamond-ring-1-4-ct-tw-pear-center-stone,C:\brileent earth\1D5840_Edie-Art-Deco-Diamond-Ring-_1_4-ct_-tw_-14K-Gold-BE1D5840-76820226\3d_model\BE1D5840_PE_200ct_RENDER.glb
1D5840,PR,princess,edie-art-deco-diamond-ring-1-4-ct-tw-princess-cut-center-stone,C:\brileent earth\1D5840_Edie-Art-Deco-Diamond-Ring-_1_4-ct_-tw_-14K-Gold-BE1D5840-76820226\3d_model\BE1D5840_PR_200ct_RENDER.glb
1D5840,RA,radiant,edie-art-deco-diamond-ring-1-4-ct-tw-radiant-cut-center-stone,C:\brileent earth\1D5840_Edie-Art-Deco-Diamond-Ring-_1_4-ct_-tw_-14K-Gold-BE1D5840-76820226\3d_model\BE1D5840_RA_200ct_RENDER.glb
1D5840,RD,round,edie-art-deco-diamond-ring-1-4-ct-tw-round-center-stone,C:\brileent earth\1D5840_Edie-Art-Deco-Diamond-Ring-_1_4-ct_-tw_-14K-Gold-BE1D5840-76820226\3d_model\BE1D5840_RD_200ct_RENDER.glb
1D5896,AS,asscher,verdure-engraved-diamond-solitaire-ring-asscher-cut-center-stone,C:\brileent earth\1D5896_Verdure-Engraved-Diamond-Solitaire-Ring-Gold-BE1D5896-81837833\3d_model\BE1D5896_AS_200ct_RENDER.glb
1D5896,CU,cushion,verdure-engraved-diamond-solitaire-ring-cushion-cut-center-stone,C:\brileent earth\1D5896_Verdure-Engraved-Diamond-Solitaire-Ring-Gold-BE1D5896-81837833\3d_model\BE1D5896_CU_200ct_RENDER.glb
1D5896,EM,emerald,verdure-engraved-diamond-solitaire-ring-emerald-cut-center-stone,C:\brileent earth\1D5896_Verdure-Engraved-Diamond-Solitaire-Ring-Gold-BE1D5896-81837833\3d_model\BE1D5896_EM_200ct_RENDER.glb
1D5896,HT,heart,verdure-engraved-diamond-solitaire-ring-heart-center-stone,C:\brileent earth\1D5896_Verdure-Engraved-Diamond-Solitaire-Ring-Gold-BE1D5896-81837833\3d_model\BE1D5896_HT_200ct_RENDER.glb
1D5896,MQ,marquise,verdure-engraved-diamond-solitaire-ring-marquise-center-stone,C:\brileent earth\1D5896_Verdure-Engraved-Diamond-Solitaire-Ring-Gold-BE1D5896-81837833\3d_model\BE1D5896_MQ_200ct_RENDER.glb
1D5896,OV,oval,verdure-engraved-diamond-solitaire-ring-oval-center-stone,C:\brileent earth\1D5896_Verdure-Engraved-Diamond-Solitaire-Ring-Gold-BE1D5896-81837833\3d_model\BE1D5896_OV_200ct_RENDER.glb
1D5896,PE,pear,verdure-engraved-diamond-solitaire-ring-pear-center-stone,C:\brileent earth\1D5896_Verdure-Engraved-Diamond-Solitaire-Ring-Gold-BE1D5896-81837833\3d_model\BE1D5896_PE_200ct_RENDER.glb
1D5896,PR,princess,verdure-engraved-diamond-solitaire-ring-princess-cut-center-stone,C:\brileent earth\1D5896_Verdure-Engraved-Diamond-Solitaire-Ring-Gold-BE1D5896-81837833\3d_model\BE1D5896_PR_200ct_RENDER.glb
1D5896,RA,radiant,verdure-engraved-diamond-solitaire-ring-radiant-cut-center-stone,C:\brileent earth\1D5896_Verdure-Engraved-Diamond-Solitaire-Ring-Gold-BE1D5896-81837833\3d_model\BE1D5896_RA_200ct_RENDER.glb
1D5896,RD,round,verdure-engraved-diamond-solitaire-ring-round-center-stone,C:\brileent earth\1D5896_Verdure-Engraved-Diamond-Solitaire-Ring-Gold-BE1D5896-81837833\3d_model\BE1D5896_RD_200ct_RENDER.glb
1D5916,EM,emerald,seamless-trapezoid-three-stone-diamond-ring-1-2-ct-tw-emerald-cut-center-stone,C:\brileent earth\1D5916_Seamless-Trapezoid-Three-Stone-Diamond-Ring-_1_2-ct_-tw_-14K-Gold-BE1D5916-76828154\3d_model\BE1D5916_EM_200ct_RENDER.glb
1D5916,MQ,marquise,seamless-trapezoid-three-stone-diamond-ring-1-2-ct-tw-marquise-center-stone,C:\brileent earth\1D5916_Seamless-Trapezoid-Three-Stone-Diamond-Ring-_1_2-ct_-tw_-14K-Gold-BE1D5916-76828154\3d_model\BE1D5916_MQ_200ct_RENDER.glb
1D5916,OV,oval,seamless-trapezoid-three-stone-diamond-ring-1-2-ct-tw-oval-center-stone,C:\brileent earth\1D5916_Seamless-Trapezoid-Three-Stone-Diamond-Ring-_1_2-ct_-tw_-14K-Gold-BE1D5916-76828154\3d_model\BE1D5916_OV_200ct_RENDER.glb
1D5916,PE,pear,seamless-trapezoid-three-stone-diamond-ring-1-2-ct-tw-pear-center-stone,C:\brileent earth\1D5916_Seamless-Trapezoid-Three-Stone-Diamond-Ring-_1_2-ct_-tw_-14K-Gold-BE1D5916-76828154\3d_model\BE1D5916_PE_200ct_RENDER.glb
1D5916,PR,princess,seamless-trapezoid-three-stone-diamond-ring-1-2-ct-tw-princess-cut-center-stone,C:\brileent earth\1D5916_Seamless-Trapezoid-Three-Stone-Diamond-Ring-_1_2-ct_-tw_-14K-Gold-BE1D5916-76828154\3d_model\BE1D5916_PR_200ct_RENDER.glb
1D5916,RA,radiant,seamless-trapezoid-three-stone-diamond-ring-1-2-ct-tw-radiant-cut-center-stone,C:\brileent earth\1D5916_Seamless-Trapezoid-Three-Stone-Diamond-Ring-_1_2-ct_-tw_-14K-Gold-BE1D5916-76828154\3d_model\BE1D5916_RA_200ct_RENDER.glb
1D60065,AS,asscher,luxe-petal-diamond-ring-asscher-cut-center-stone,C:\brileent earth\1D60065_Luxe-Petal-Diamond-Ring-14K-White-Gold-BE1D60065-76786002\3d_model\BE1D60065_AS_200ct_RENDER.glb
1D60065,CU,cushion,luxe-petal-diamond-ring-cushion-cut-center-stone,C:\brileent earth\1D60065_Luxe-Petal-Diamond-Ring-14K-White-Gold-BE1D60065-76786002\3d_model\BE1D60065_CU_200ct_RENDER.glb
1D60065,EM,emerald,luxe-petal-diamond-ring-emerald-cut-center-stone,C:\brileent earth\1D60065_Luxe-Petal-Diamond-Ring-14K-White-Gold-BE1D60065-76786002\3d_model\BE1D60065_EM_200ct_RENDER.glb
1D60065,OV,oval,luxe-petal-diamond-ring-oval-center-stone,C:\brileent earth\1D60065_Luxe-Petal-Diamond-Ring-14K-White-Gold-BE1D60065-76786002\3d_model\BE1D60065_OV_200ct_RENDER.glb
1D60065,PR,princess,luxe-petal-diamond-ring-princess-cut-center-stone,C:\brileent earth\1D60065_Luxe-Petal-Diamond-Ring-14K-White-Gold-BE1D60065-76786002\3d_model\BE1D60065_PR_200ct_RENDER.glb
1D60065,RA,radiant,luxe-petal-diamond-ring-radiant-cut-center-stone,C:\brileent earth\1D60065_Luxe-Petal-Diamond-Ring-14K-White-Gold-BE1D60065-76786002\3d_model\BE1D60065_RA_200ct_RENDER.glb
1D60065,RD,round,luxe-petal-diamond-ring-round-center-stone,C:\brileent earth\1D60065_Luxe-Petal-Diamond-Ring-14K-White-Gold-BE1D60065-76786002\3d_model\BE1D60065_RD_200ct_RENDER.glb
1D6013,AS,asscher,nadia-diamond-ring-asscher-cut-center-stone,C:\brileent earth\1D6013_Nadia-Diamond-Ring-14K-Gold-BE1D6013-76819968\3d_model\BE1D6013_AS_200ct_RENDER.glb
1D6013,CU,cushion,nadia-diamond-ring-cushion-cut-center-stone,C:\brileent earth\1D6013_Nadia-Diamond-Ring-14K-Gold-BE1D6013-76819968\3d_model\BE1D6013_CU_200ct_RENDER.glb
1D6013,EM,emerald,nadia-diamond-ring-emerald-cut-center-stone,C:\brileent earth\1D6013_Nadia-Diamond-Ring-14K-Gold-BE1D6013-76819968\3d_model\BE1D6013_EM_200ct_RENDER.glb
1D6013,MQ,marquise,nadia-diamond-ring-marquise-center-stone,C:\brileent earth\1D6013_Nadia-Diamond-Ring-14K-Gold-BE1D6013-76819968\3d_model\BE1D6013_MQ_200ct_RENDER.glb
1D6013,OV,oval,nadia-diamond-ring-oval-center-stone,C:\brileent earth\1D6013_Nadia-Diamond-Ring-14K-Gold-BE1D6013-76819968\3d_model\BE1D6013_OV_200ct_RENDER.glb
1D6013,PE,pear,nadia-diamond-ring-pear-center-stone,C:\brileent earth\1D6013_Nadia-Diamond-Ring-14K-Gold-BE1D6013-76819968\3d_model\BE1D6013_PE_200ct_RENDER.glb
1D6013,PR,princess,nadia-diamond-ring-princess-cut-center-stone,C:\brileent earth\1D6013_Nadia-Diamond-Ring-14K-Gold-BE1D6013-76819968\3d_model\BE1D6013_PR_200ct_RENDER.glb
1D6013,RA,radiant,nadia-diamond-ring-radiant-cut-center-stone,C:\brileent earth\1D6013_Nadia-Diamond-Ring-14K-Gold-BE1D6013-76819968\3d_model\BE1D6013_RA_200ct_RENDER.glb
1D6013,RD,round,nadia-diamond-ring-round-center-stone,C:\brileent earth\1D6013_Nadia-Diamond-Ring-14K-Gold-BE1D6013-76819968\3d_model\BE1D6013_RD_200ct_RENDER.glb
1D6015,AS,asscher,nadia-three-stone-diamond-ring-asscher-cut-center-stone,C:\brileent earth\1D6015_Nadia-Three-Stone-Diamond-Ring-14K-Gold-BE1D6015-76788390\3d_model\BE1D6015_AS_200ct_RENDER.glb
1D6015,CU,cushion,nadia-three-stone-diamond-ring-cushion-cut-center-stone,C:\brileent earth\1D6015_Nadia-Three-Stone-Diamond-Ring-14K-Gold-BE1D6015-76788390\3d_model\BE1D6015_CU_200ct_RENDER.glb
1D6015,EM,emerald,nadia-three-stone-diamond-ring-emerald-cut-center-stone,C:\brileent earth\1D6015_Nadia-Three-Stone-Diamond-Ring-14K-Gold-BE1D6015-76788390\3d_model\BE1D6015_EM_200ct_RENDER.glb
1D6015,HT,heart,nadia-three-stone-diamond-ring-heart-center-stone,C:\brileent earth\1D6015_Nadia-Three-Stone-Diamond-Ring-14K-Gold-BE1D6015-76788390\3d_model\BE1D6015_HT_200ct_RENDER.glb
1D6015,MQ,marquise,nadia-three-stone-diamond-ring-marquise-center-stone,C:\brileent earth\1D6015_Nadia-Three-Stone-Diamond-Ring-14K-Gold-BE1D6015-76788390\3d_model\BE1D6015_MQ_200ct_RENDER.glb
1D6015,OV,oval,nadia-three-stone-diamond-ring-oval-center-stone,C:\brileent earth\1D6015_Nadia-Three-Stone-Diamond-Ring-14K-Gold-BE1D6015-76788390\3d_model\BE1D6015_OV_200ct_RENDER.glb
1D6015,PE,pear,nadia-three-stone-diamond-ring-pear-center-stone,C:\brileent earth\1D6015_Nadia-Three-Stone-Diamond-Ring-14K-Gold-BE1D6015-76788390\3d_model\BE1D6015_PE_200ct_RENDER.glb
1D6015,PR,princess,nadia-three-stone-diamond-ring-princess-cut-center-stone,C:\brileent earth\1D6015_Nadia-Three-Stone-Diamond-Ring-14K-Gold-BE1D6015-76788390\3d_model\BE1D6015_PR_200ct_RENDER.glb
1D6015,RA,radiant,nadia-three-stone-diamond-ring-radiant-cut-center-stone,C:\brileent earth\1D6015_Nadia-Three-Stone-Diamond-Ring-14K-Gold-BE1D6015-76788390\3d_model\BE1D6015_RA_200ct_RENDER.glb
1D6015,RD,round,nadia-three-stone-diamond-ring-round-center-stone,C:\brileent earth\1D6015_Nadia-Three-Stone-Diamond-Ring-14K-Gold-BE1D6015-76788390\3d_model\BE1D6015_RD_200ct_RENDER.glb
1D6018,AS,asscher,nadia-perfect-fit-diamond-ring-asscher-cut-center-stone,C:\brileent earth\1D6018_Nadia-Perfect-Fit-Diamond-Ring-14K-Gold-BE1D6018-76788483\3d_model\BE1D6018_AS_200ct_RENDER.glb
1D6018,CU,cushion,nadia-perfect-fit-diamond-ring-cushion-cut-center-stone,C:\brileent earth\1D6018_Nadia-Perfect-Fit-Diamond-Ring-14K-Gold-BE1D6018-76788483\3d_model\BE1D6018_CU_200ct_RENDER.glb
1D6018,EM,emerald,nadia-perfect-fit-diamond-ring-emerald-cut-center-stone,C:\brileent earth\1D6018_Nadia-Perfect-Fit-Diamond-Ring-14K-Gold-BE1D6018-76788483\3d_model\BE1D6018_EM_200ct_RENDER.glb
1D6018,HT,heart,nadia-perfect-fit-diamond-ring-heart-center-stone,C:\brileent earth\1D6018_Nadia-Perfect-Fit-Diamond-Ring-14K-Gold-BE1D6018-76788483\3d_model\BE1D6018_HT_200ct_RENDER.glb
1D6018,MQ,marquise,nadia-perfect-fit-diamond-ring-marquise-center-stone,C:\brileent earth\1D6018_Nadia-Perfect-Fit-Diamond-Ring-14K-Gold-BE1D6018-76788483\3d_model\BE1D6018_MQ_200ct_RENDER.glb
1D6018,OV,oval,nadia-perfect-fit-diamond-ring-oval-center-stone,C:\brileent earth\1D6018_Nadia-Perfect-Fit-Diamond-Ring-14K-Gold-BE1D6018-76788483\3d_model\BE1D6018_OV_200ct_RENDER.glb
1D6018,PE,pear,nadia-perfect-fit-diamond-ring-pear-center-stone,C:\brileent earth\1D6018_Nadia-Perfect-Fit-Diamond-Ring-14K-Gold-BE1D6018-76788483\3d_model\BE1D6018_PE_200ct_RENDER.glb
1D6018,PR,princess,nadia-perfect-fit-diamond-ring-princess-cut-center-stone,C:\brileent earth\1D6018_Nadia-Perfect-Fit-Diamond-Ring-14K-Gold-BE1D6018-76788483\3d_model\BE1D6018_PR_200ct_RENDER.glb
1D6018,RA,radiant,nadia-perfect-fit-diamond-ring-radiant-cut-center-stone,C:\brileent earth\1D6018_Nadia-Perfect-Fit-Diamond-Ring-14K-Gold-BE1D6018-76788483\3d_model\BE1D6018_RA_200ct_RENDER.glb
1D6018,RD,round,nadia-perfect-fit-diamond-ring-round-center-stone,C:\brileent earth\1D6018_Nadia-Perfect-Fit-Diamond-Ring-14K-Gold-BE1D6018-76788483\3d_model\BE1D6018_RD_200ct_RENDER.glb
1D602,AS,asscher,aimee-1-4mm-diamond-ring-asscher-cut-center-stone,C:\brileent earth\1D602_Aimee-1_4mm-Diamond-Ring-14K-Gold-BE1D602-76823308\3d_model\BE1D602_AS_200ct_RENDER.glb
1D602,CU,cushion,aimee-1-4mm-diamond-ring-cushion-cut-center-stone,C:\brileent earth\1D602_Aimee-1_4mm-Diamond-Ring-14K-Gold-BE1D602-76823308\3d_model\BE1D602_CU_200ct_RENDER.glb
1D602,EM,emerald,aimee-1-4mm-diamond-ring-emerald-cut-center-stone,C:\brileent earth\1D602_Aimee-1_4mm-Diamond-Ring-14K-Gold-BE1D602-76823308\3d_model\BE1D602_EM_200ct_RENDER.glb
1D602,MQ,marquise,aimee-1-4mm-diamond-ring-marquise-center-stone,C:\brileent earth\1D602_Aimee-1_4mm-Diamond-Ring-14K-Gold-BE1D602-76823308\3d_model\BE1D602_MQ_200ct_RENDER.glb
1D602,OV,oval,aimee-1-4mm-diamond-ring-oval-center-stone,C:\brileent earth\1D602_Aimee-1_4mm-Diamond-Ring-14K-Gold-BE1D602-76823308\3d_model\BE1D602_OV_200ct_RENDER.glb
1D602,PE,pear,aimee-1-4mm-diamond-ring-pear-center-stone,C:\brileent earth\1D602_Aimee-1_4mm-Diamond-Ring-14K-Gold-BE1D602-76823308\3d_model\BE1D602_PE_200ct_RENDER.glb
1D602,PR,princess,aimee-1-4mm-diamond-ring-princess-cut-center-stone,C:\brileent earth\1D602_Aimee-1_4mm-Diamond-Ring-14K-Gold-BE1D602-76823308\3d_model\BE1D602_PR_200ct_RENDER.glb
1D602,RA,radiant,aimee-1-4mm-diamond-ring-radiant-cut-center-stone,C:\brileent earth\1D602_Aimee-1_4mm-Diamond-Ring-14K-Gold-BE1D602-76823308\3d_model\BE1D602_RA_200ct_RENDER.glb
1D602,RD,round,aimee-1-4mm-diamond-ring-round-center-stone,C:\brileent earth\1D602_Aimee-1_4mm-Diamond-Ring-14K-Gold-BE1D602-76823308\3d_model\BE1D602_RD_200ct_RENDER.glb
1D607,AS,asscher,aimee-hidden-halo-diamond-ring-asscher-cut-center-stone,C:\brileent earth\1D607_Aimee-Hidden-Halo-Diamond-Ring-14K-Gold-BE1D607-76787234\3d_model\BE1D607_AS_200ct_RENDER.glb
1D607,CU,cushion,aimee-hidden-halo-diamond-ring-cushion-cut-center-stone,C:\brileent earth\1D607_Aimee-Hidden-Halo-Diamond-Ring-14K-Gold-BE1D607-76787234\3d_model\BE1D607_CU_200ct_RENDER.glb
1D607,EM,emerald,aimee-hidden-halo-diamond-ring-emerald-cut-center-stone,C:\brileent earth\1D607_Aimee-Hidden-Halo-Diamond-Ring-14K-Gold-BE1D607-76787234\3d_model\BE1D607_EM_200ct_RENDER.glb
1D607,MQ,marquise,aimee-hidden-halo-diamond-ring-marquise-center-stone,C:\brileent earth\1D607_Aimee-Hidden-Halo-Diamond-Ring-14K-Gold-BE1D607-76787234\3d_model\BE1D607_MQ_200ct_RENDER.glb
1D607,OV,oval,aimee-hidden-halo-diamond-ring-oval-center-stone,C:\brileent earth\1D607_Aimee-Hidden-Halo-Diamond-Ring-14K-Gold-BE1D607-76787234\3d_model\BE1D607_OV_200ct_RENDER.glb
1D607,PE,pear,aimee-hidden-halo-diamond-ring-pear-center-stone,C:\brileent earth\1D607_Aimee-Hidden-Halo-Diamond-Ring-14K-Gold-BE1D607-76787234\3d_model\BE1D607_PE_200ct_RENDER.glb
1D607,PR,princess,aimee-hidden-halo-diamond-ring-princess-cut-center-stone,C:\brileent earth\1D607_Aimee-Hidden-Halo-Diamond-Ring-14K-Gold-BE1D607-76787234\3d_model\BE1D607_PR_200ct_RENDER.glb
1D607,RA,radiant,aimee-hidden-halo-diamond-ring-radiant-cut-center-stone,C:\brileent earth\1D607_Aimee-Hidden-Halo-Diamond-Ring-14K-Gold-BE1D607-76787234\3d_model\BE1D607_RA_200ct_RENDER.glb
1D607,RD,round,aimee-hidden-halo-diamond-ring-round-center-stone,C:\brileent earth\1D607_Aimee-Hidden-Halo-Diamond-Ring-14K-Gold-BE1D607-76787234\3d_model\BE1D607_RD_200ct_RENDER.glb
1D6184,AS,asscher,grand-lissome-diamond-ring-asscher-cut-center-stone,C:\brileent earth\1D6184_Grand-Lissome-Diamond-Ring-14K-White-Gold-BE1D6184-76785959\3d_model\BE1D6184_AS_200ct_RENDER.glb
1D6184,CU,cushion,grand-lissome-diamond-ring-cushion-cut-center-stone,C:\brileent earth\1D6184_Grand-Lissome-Diamond-Ring-14K-White-Gold-BE1D6184-76785959\3d_model\BE1D6184_CU_200ct_RENDER.glb
1D6184,EM,emerald,grand-lissome-diamond-ring-emerald-cut-center-stone,C:\brileent earth\1D6184_Grand-Lissome-Diamond-Ring-14K-White-Gold-BE1D6184-76785959\3d_model\BE1D6184_EM_200ct_RENDER.glb
1D6184,MQ,marquise,grand-lissome-diamond-ring-marquise-center-stone,C:\brileent earth\1D6184_Grand-Lissome-Diamond-Ring-14K-White-Gold-BE1D6184-76785959\3d_model\BE1D6184_MQ_200ct_RENDER.glb
1D6184,OV,oval,grand-lissome-diamond-ring-oval-center-stone,C:\brileent earth\1D6184_Grand-Lissome-Diamond-Ring-14K-White-Gold-BE1D6184-76785959\3d_model\BE1D6184_OV_200ct_RENDER.glb
1D6184,PE,pear,grand-lissome-diamond-ring-pear-center-stone,C:\brileent earth\1D6184_Grand-Lissome-Diamond-Ring-14K-White-Gold-BE1D6184-76785959\3d_model\BE1D6184_PE_200ct_RENDER.glb
1D6184,PR,princess,grand-lissome-diamond-ring-princess-cut-center-stone,C:\brileent earth\1D6184_Grand-Lissome-Diamond-Ring-14K-White-Gold-BE1D6184-76785959\3d_model\BE1D6184_PR_200ct_RENDER.glb
1D6184,RA,radiant,grand-lissome-diamond-ring-radiant-cut-center-stone,C:\brileent earth\1D6184_Grand-Lissome-Diamond-Ring-14K-White-Gold-BE1D6184-76785959\3d_model\BE1D6184_RA_200ct_RENDER.glb
1D6184,RD,round,grand-lissome-diamond-ring-round-center-stone,C:\brileent earth\1D6184_Grand-Lissome-Diamond-Ring-14K-White-Gold-BE1D6184-76785959\3d_model\BE1D6184_RD_200ct_RENDER.glb
1D618,AS,asscher,lissome-half-coverage-diamond-ring-asscher-cut-center-stone,C:\brileent earth\1D618_Lissome-Half-Coverage-Diamond-Ring-14K-White-Gold-BE1D618-76787042\3d_model\BE1D618_AS_200ct_RENDER.glb
1D618,CU,cushion,lissome-half-coverage-diamond-ring-cushion-cut-center-stone,C:\brileent earth\1D618_Lissome-Half-Coverage-Diamond-Ring-14K-White-Gold-BE1D618-76787042\3d_model\BE1D618_CU_200ct_RENDER.glb
1D618,EM,emerald,lissome-half-coverage-diamond-ring-emerald-cut-center-stone,C:\brileent earth\1D618_Lissome-Half-Coverage-Diamond-Ring-14K-White-Gold-BE1D618-76787042\3d_model\BE1D618_EM_200ct_RENDER.glb
1D618,OV,oval,lissome-half-coverage-diamond-ring-oval-center-stone,C:\brileent earth\1D618_Lissome-Half-Coverage-Diamond-Ring-14K-White-Gold-BE1D618-76787042\3d_model\BE1D618_OV_200ct_RENDER.glb
1D618,PR,princess,lissome-half-coverage-diamond-ring-princess-cut-center-stone,C:\brileent earth\1D618_Lissome-Half-Coverage-Diamond-Ring-14K-White-Gold-BE1D618-76787042\3d_model\BE1D618_PR_200ct_RENDER.glb
1D618,RA,radiant,lissome-half-coverage-diamond-ring-radiant-cut-center-stone,C:\brileent earth\1D618_Lissome-Half-Coverage-Diamond-Ring-14K-White-Gold-BE1D618-76787042\3d_model\BE1D618_RA_200ct_RENDER.glb
1D618,RD,round,lissome-half-coverage-diamond-ring-round-center-stone,C:\brileent earth\1D618_Lissome-Half-Coverage-Diamond-Ring-14K-White-Gold-BE1D618-76787042\3d_model\BE1D618_RD_200ct_RENDER.glb
1D626,AS,asscher,versailles-three-quarter-coverage-diamond-ring-1-2-ct-tw-asscher-cut-center-stone,C:\brileent earth\1D626_Versailles-Three-Quarter-Coverage-Diamond-Ring-_1_2-ct_-tw_-14K-White-Gold-BE1D626-7682318\3d_model\BE1D626_AS_200ct_RENDER.glb
1D626,CU,cushion,versailles-three-quarter-coverage-diamond-ring-1-2-ct-tw-cushion-cut-center-stone,C:\brileent earth\1D626_Versailles-Three-Quarter-Coverage-Diamond-Ring-_1_2-ct_-tw_-14K-White-Gold-BE1D626-7682318\3d_model\BE1D626_CU_200ct_RENDER.glb
1D626,EM,emerald,versailles-three-quarter-coverage-diamond-ring-1-2-ct-tw-emerald-cut-center-stone,C:\brileent earth\1D626_Versailles-Three-Quarter-Coverage-Diamond-Ring-_1_2-ct_-tw_-14K-White-Gold-BE1D626-7682318\3d_model\BE1D626_EM_200ct_RENDER.glb
1D626,MQ,marquise,versailles-three-quarter-coverage-diamond-ring-1-2-ct-tw-marquise-center-stone,C:\brileent earth\1D626_Versailles-Three-Quarter-Coverage-Diamond-Ring-_1_2-ct_-tw_-14K-White-Gold-BE1D626-7682318\3d_model\BE1D626_MQ_200ct_RENDER.glb
1D626,OV,oval,versailles-three-quarter-coverage-diamond-ring-1-2-ct-tw-oval-center-stone,C:\brileent earth\1D626_Versailles-Three-Quarter-Coverage-Diamond-Ring-_1_2-ct_-tw_-14K-White-Gold-BE1D626-7682318\3d_model\BE1D626_OV_200ct_RENDER.glb
1D626,PE,pear,versailles-three-quarter-coverage-diamond-ring-1-2-ct-tw-pear-center-stone,C:\brileent earth\1D626_Versailles-Three-Quarter-Coverage-Diamond-Ring-_1_2-ct_-tw_-14K-White-Gold-BE1D626-7682318\3d_model\BE1D626_PE_200ct_RENDER.glb
1D626,PR,princess,versailles-three-quarter-coverage-diamond-ring-1-2-ct-tw-princess-cut-center-stone,C:\brileent earth\1D626_Versailles-Three-Quarter-Coverage-Diamond-Ring-_1_2-ct_-tw_-14K-White-Gold-BE1D626-7682318\3d_model\BE1D626_PR_200ct_RENDER.glb
1D626,RA,radiant,versailles-three-quarter-coverage-diamond-ring-1-2-ct-tw-radiant-cut-center-stone,C:\brileent earth\1D626_Versailles-Three-Quarter-Coverage-Diamond-Ring-_1_2-ct_-tw_-14K-White-Gold-BE1D626-7682318\3d_model\BE1D626_RA_200ct_RENDER.glb
1D626,RD,round,versailles-three-quarter-coverage-diamond-ring-1-2-ct-tw-round-center-stone,C:\brileent earth\1D626_Versailles-Three-Quarter-Coverage-Diamond-Ring-_1_2-ct_-tw_-14K-White-Gold-BE1D626-7682318\3d_model\BE1D626_RD_200ct_RENDER.glb
1D6317,AS,asscher,cometa-three-stone-diamond-ring-asscher-cut-center-stone,C:\brileent earth\1D6317_Cometa-Three-Stone-Diamond-Ring-14K-Gold-BE1D6317-76788908\3d_model\BE1D6317_AS_200ct_RENDER.glb
1D6317,CU,cushion,cometa-three-stone-diamond-ring-cushion-cut-center-stone,C:\brileent earth\1D6317_Cometa-Three-Stone-Diamond-Ring-14K-Gold-BE1D6317-76788908\3d_model\BE1D6317_CU_200ct_RENDER.glb
1D6317,EM,emerald,cometa-three-stone-diamond-ring-emerald-cut-center-stone,C:\brileent earth\1D6317_Cometa-Three-Stone-Diamond-Ring-14K-Gold-BE1D6317-76788908\3d_model\BE1D6317_EM_200ct_RENDER.glb
1D6317,MQ,marquise,cometa-three-stone-diamond-ring-marquise-center-stone,C:\brileent earth\1D6317_Cometa-Three-Stone-Diamond-Ring-14K-Gold-BE1D6317-76788908\3d_model\BE1D6317_MQ_200ct_RENDER.glb
1D6317,OV,oval,cometa-three-stone-diamond-ring-oval-center-stone,C:\brileent earth\1D6317_Cometa-Three-Stone-Diamond-Ring-14K-Gold-BE1D6317-76788908\3d_model\BE1D6317_OV_200ct_RENDER.glb
1D6317,PE,pear,cometa-three-stone-diamond-ring-pear-center-stone,C:\brileent earth\1D6317_Cometa-Three-Stone-Diamond-Ring-14K-Gold-BE1D6317-76788908\3d_model\BE1D6317_PE_200ct_RENDER.glb
1D6317,PR,princess,cometa-three-stone-diamond-ring-princess-cut-center-stone,C:\brileent earth\1D6317_Cometa-Three-Stone-Diamond-Ring-14K-Gold-BE1D6317-76788908\3d_model\BE1D6317_PR_200ct_RENDER.glb
1D6317,RA,radiant,cometa-three-stone-diamond-ring-radiant-cut-center-stone,C:\brileent earth\1D6317_Cometa-Three-Stone-Diamond-Ring-14K-Gold-BE1D6317-76788908\3d_model\BE1D6317_RA_200ct_RENDER.glb
1D6317,RD,round,cometa-three-stone-diamond-ring-round-center-stone,C:\brileent earth\1D6317_Cometa-Three-Stone-Diamond-Ring-14K-Gold-BE1D6317-76788908\3d_model\BE1D6317_RD_200ct_RENDER.glb
1D6321,AS,asscher,azalea-twist-diamond-ring-asscher-cut-center-stone,C:\brileent earth\1D6321_Azalea-Twist-Diamond-Ring-14K-Gold-BE1D6321-76785984\3d_model\BE1D6321_AS_200ct_RENDER.glb
1D6321,CU,cushion,azalea-twist-diamond-ring-cushion-cut-center-stone,C:\brileent earth\1D6321_Azalea-Twist-Diamond-Ring-14K-Gold-BE1D6321-76785984\3d_model\BE1D6321_CU_200ct_RENDER.glb
1D6321,EM,emerald,azalea-twist-diamond-ring-emerald-cut-center-stone,C:\brileent earth\1D6321_Azalea-Twist-Diamond-Ring-14K-Gold-BE1D6321-76785984\3d_model\BE1D6321_EM_200ct_RENDER.glb
1D6321,MQ,marquise,azalea-twist-diamond-ring-marquise-center-stone,C:\brileent earth\1D6321_Azalea-Twist-Diamond-Ring-14K-Gold-BE1D6321-76785984\3d_model\BE1D6321_MQ_200ct_RENDER.glb
1D6321,OV,oval,azalea-twist-diamond-ring-oval-center-stone,C:\brileent earth\1D6321_Azalea-Twist-Diamond-Ring-14K-Gold-BE1D6321-76785984\3d_model\BE1D6321_OV_200ct_RENDER.glb
1D6321,PE,pear,azalea-twist-diamond-ring-pear-center-stone,C:\brileent earth\1D6321_Azalea-Twist-Diamond-Ring-14K-Gold-BE1D6321-76785984\3d_model\BE1D6321_PE_200ct_RENDER.glb
1D6321,PR,princess,azalea-twist-diamond-ring-princess-cut-center-stone,C:\brileent earth\1D6321_Azalea-Twist-Diamond-Ring-14K-Gold-BE1D6321-76785984\3d_model\BE1D6321_PR_200ct_RENDER.glb
1D6321,RA,radiant,azalea-twist-diamond-ring-radiant-cut-center-stone,C:\brileent earth\1D6321_Azalea-Twist-Diamond-Ring-14K-Gold-BE1D6321-76785984\3d_model\BE1D6321_RA_200ct_RENDER.glb
1D6321,RD,round,azalea-twist-diamond-ring-round-center-stone,C:\brileent earth\1D6321_Azalea-Twist-Diamond-Ring-14K-Gold-BE1D6321-76785984\3d_model\BE1D6321_RD_200ct_RENDER.glb
1D6331,AS,asscher,anthology-three-quarter-coverage-diamond-ring-7-8-ct-tw-asscher-cut-center-stone,C:\brileent earth\1D6331_Anthology-Three-Quarter-Coverage-Diamond-Ring-_7_8-ct_-tw_-14K-White-Gold-BE1D6331-7682005\3d_model\BE1D6331_AS_200ct_RENDER.glb
1D6331,CU,cushion,anthology-three-quarter-coverage-diamond-ring-7-8-ct-tw-cushion-cut-center-stone,C:\brileent earth\1D6331_Anthology-Three-Quarter-Coverage-Diamond-Ring-_7_8-ct_-tw_-14K-White-Gold-BE1D6331-7682005\3d_model\BE1D6331_CU_200ct_RENDER.glb
1D6331,EM,emerald,anthology-three-quarter-coverage-diamond-ring-7-8-ct-tw-emerald-cut-center-stone,C:\brileent earth\1D6331_Anthology-Three-Quarter-Coverage-Diamond-Ring-_7_8-ct_-tw_-14K-White-Gold-BE1D6331-7682005\3d_model\BE1D6331_EM_200ct_RENDER.glb
1D6331,MQ,marquise,anthology-three-quarter-coverage-diamond-ring-7-8-ct-tw-marquise-center-stone,C:\brileent earth\1D6331_Anthology-Three-Quarter-Coverage-Diamond-Ring-_7_8-ct_-tw_-14K-White-Gold-BE1D6331-7682005\3d_model\BE1D6331_MQ_200ct_RENDER.glb
1D6331,OV,oval,anthology-three-quarter-coverage-diamond-ring-7-8-ct-tw-oval-center-stone,C:\brileent earth\1D6331_Anthology-Three-Quarter-Coverage-Diamond-Ring-_7_8-ct_-tw_-14K-White-Gold-BE1D6331-7682005\3d_model\BE1D6331_OV_200ct_RENDER.glb
1D6331,PE,pear,anthology-three-quarter-coverage-diamond-ring-7-8-ct-tw-pear-center-stone,C:\brileent earth\1D6331_Anthology-Three-Quarter-Coverage-Diamond-Ring-_7_8-ct_-tw_-14K-White-Gold-BE1D6331-7682005\3d_model\BE1D6331_PE_200ct_RENDER.glb
1D6331,PR,princess,anthology-three-quarter-coverage-diamond-ring-7-8-ct-tw-princess-cut-center-stone,C:\brileent earth\1D6331_Anthology-Three-Quarter-Coverage-Diamond-Ring-_7_8-ct_-tw_-14K-White-Gold-BE1D6331-7682005\3d_model\BE1D6331_PR_200ct_RENDER.glb
1D6331,RA,radiant,anthology-three-quarter-coverage-diamond-ring-7-8-ct-tw-radiant-cut-center-stone,C:\brileent earth\1D6331_Anthology-Three-Quarter-Coverage-Diamond-Ring-_7_8-ct_-tw_-14K-White-Gold-BE1D6331-7682005\3d_model\BE1D6331_RA_200ct_RENDER.glb
1D6331,RD,round,anthology-three-quarter-coverage-diamond-ring-7-8-ct-tw-round-center-stone,C:\brileent earth\1D6331_Anthology-Three-Quarter-Coverage-Diamond-Ring-_7_8-ct_-tw_-14K-White-Gold-BE1D6331-7682005\3d_model\BE1D6331_RD_200ct_RENDER.glb
1D6336,AS,asscher,versailles-hidden-halo-diamond-ring-2-5-ct-tw-asscher-cut-center-stone,C:\brileent earth\1D6336_Versailles-Hidden-Halo-Diamond-Ring-_2_5-ct_-tw_-14K-Gold-BE1D6336-76820050\3d_model\BE1D6336_AS_200ct_RENDER.glb
1D6336,CU,cushion,versailles-hidden-halo-diamond-ring-2-5-ct-tw-cushion-cut-center-stone,C:\brileent earth\1D6336_Versailles-Hidden-Halo-Diamond-Ring-_2_5-ct_-tw_-14K-Gold-BE1D6336-76820050\3d_model\BE1D6336_CU_200ct_RENDER.glb
1D6336,EM,emerald,versailles-hidden-halo-diamond-ring-2-5-ct-tw-emerald-cut-center-stone,C:\brileent earth\1D6336_Versailles-Hidden-Halo-Diamond-Ring-_2_5-ct_-tw_-14K-Gold-BE1D6336-76820050\3d_model\BE1D6336_EM_200ct_RENDER.glb
1D6336,MQ,marquise,versailles-hidden-halo-diamond-ring-2-5-ct-tw-marquise-center-stone,C:\brileent earth\1D6336_Versailles-Hidden-Halo-Diamond-Ring-_2_5-ct_-tw_-14K-Gold-BE1D6336-76820050\3d_model\BE1D6336_MQ_200ct_RENDER.glb
1D6336,OV,oval,versailles-hidden-halo-diamond-ring-2-5-ct-tw-oval-center-stone,C:\brileent earth\1D6336_Versailles-Hidden-Halo-Diamond-Ring-_2_5-ct_-tw_-14K-Gold-BE1D6336-76820050\3d_model\BE1D6336_OV_200ct_RENDER.glb
1D6336,PE,pear,versailles-hidden-halo-diamond-ring-2-5-ct-tw-pear-center-stone,C:\brileent earth\1D6336_Versailles-Hidden-Halo-Diamond-Ring-_2_5-ct_-tw_-14K-Gold-BE1D6336-76820050\3d_model\BE1D6336_PE_200ct_RENDER.glb
1D6336,PR,princess,versailles-hidden-halo-diamond-ring-2-5-ct-tw-princess-cut-center-stone,C:\brileent earth\1D6336_Versailles-Hidden-Halo-Diamond-Ring-_2_5-ct_-tw_-14K-Gold-BE1D6336-76820050\3d_model\BE1D6336_PR_200ct_RENDER.glb
1D6336,RA,radiant,versailles-hidden-halo-diamond-ring-2-5-ct-tw-radiant-cut-center-stone,C:\brileent earth\1D6336_Versailles-Hidden-Halo-Diamond-Ring-_2_5-ct_-tw_-14K-Gold-BE1D6336-76820050\3d_model\BE1D6336_RA_200ct_RENDER.glb
1D6336,RD,round,versailles-hidden-halo-diamond-ring-2-5-ct-tw-round-center-stone,C:\brileent earth\1D6336_Versailles-Hidden-Halo-Diamond-Ring-_2_5-ct_-tw_-14K-Gold-BE1D6336-76820050\3d_model\BE1D6336_RD_200ct_RENDER.glb
1D6351,AS,asscher,secret-garden-diamond-ring-1-2-ct-tw-asscher-cut-center-stone,C:\brileent earth\1D6351_Secret-Garden-Diamond-Ring-_1_2-ct_-tw_-14K-Gold-BE1D6351-76788497\3d_model\BE1D6351_AS_200ct_RENDER.glb
1D6351,CU,cushion,secret-garden-diamond-ring-1-2-ct-tw-cushion-cut-center-stone,C:\brileent earth\1D6351_Secret-Garden-Diamond-Ring-_1_2-ct_-tw_-14K-Gold-BE1D6351-76788497\3d_model\BE1D6351_CU_200ct_RENDER.glb
1D6351,EM,emerald,secret-garden-diamond-ring-1-2-ct-tw-emerald-cut-center-stone,C:\brileent earth\1D6351_Secret-Garden-Diamond-Ring-_1_2-ct_-tw_-14K-Gold-BE1D6351-76788497\3d_model\BE1D6351_EM_200ct_RENDER.glb
1D6351,MQ,marquise,secret-garden-diamond-ring-1-2-ct-tw-marquise-center-stone,C:\brileent earth\1D6351_Secret-Garden-Diamond-Ring-_1_2-ct_-tw_-14K-Gold-BE1D6351-76788497\3d_model\BE1D6351_MQ_200ct_RENDER.glb
1D6351,OV,oval,secret-garden-diamond-ring-1-2-ct-tw-oval-center-stone,C:\brileent earth\1D6351_Secret-Garden-Diamond-Ring-_1_2-ct_-tw_-14K-Gold-BE1D6351-76788497\3d_model\BE1D6351_OV_200ct_RENDER.glb
1D6351,PE,pear,secret-garden-diamond-ring-1-2-ct-tw-pear-center-stone,C:\brileent earth\1D6351_Secret-Garden-Diamond-Ring-_1_2-ct_-tw_-14K-Gold-BE1D6351-76788497\3d_model\BE1D6351_PE_200ct_RENDER.glb
1D6351,PR,princess,secret-garden-diamond-ring-1-2-ct-tw-princess-cut-center-stone,C:\brileent earth\1D6351_Secret-Garden-Diamond-Ring-_1_2-ct_-tw_-14K-Gold-BE1D6351-76788497\3d_model\BE1D6351_PR_200ct_RENDER.glb
1D6351,RA,radiant,secret-garden-diamond-ring-1-2-ct-tw-radiant-cut-center-stone,C:\brileent earth\1D6351_Secret-Garden-Diamond-Ring-_1_2-ct_-tw_-14K-Gold-BE1D6351-76788497\3d_model\BE1D6351_RA_200ct_RENDER.glb
1D6351,RD,round,secret-garden-diamond-ring-1-2-ct-tw-round-center-stone,C:\brileent earth\1D6351_Secret-Garden-Diamond-Ring-_1_2-ct_-tw_-14K-Gold-BE1D6351-76788497\3d_model\BE1D6351_RD_200ct_RENDER.glb
1D6352,AS,asscher,luxe-secret-garden-diamond-ring-3-4-ct-tw-asscher-cut-center-stone,C:\brileent earth\1D6352_Luxe-Secret-Garden-Diamond-Ring-_3_4-ct_-tw_-14K-White-Gold-BE1D6352-76788335\3d_model\BE1D6352_AS_200ct_RENDER.glb
1D6352,CU,cushion,luxe-secret-garden-diamond-ring-3-4-ct-tw-cushion-cut-center-stone,C:\brileent earth\1D6352_Luxe-Secret-Garden-Diamond-Ring-_3_4-ct_-tw_-14K-White-Gold-BE1D6352-76788335\3d_model\BE1D6352_CU_200ct_RENDER.glb
1D6352,EM,emerald,luxe-secret-garden-diamond-ring-3-4-ct-tw-emerald-cut-center-stone,C:\brileent earth\1D6352_Luxe-Secret-Garden-Diamond-Ring-_3_4-ct_-tw_-14K-White-Gold-BE1D6352-76788335\3d_model\BE1D6352_EM_200ct_RENDER.glb
1D6352,MQ,marquise,luxe-secret-garden-diamond-ring-3-4-ct-tw-marquise-center-stone,C:\brileent earth\1D6352_Luxe-Secret-Garden-Diamond-Ring-_3_4-ct_-tw_-14K-White-Gold-BE1D6352-76788335\3d_model\BE1D6352_MQ_200ct_RENDER.glb
1D6352,OV,oval,luxe-secret-garden-diamond-ring-3-4-ct-tw-oval-center-stone,C:\brileent earth\1D6352_Luxe-Secret-Garden-Diamond-Ring-_3_4-ct_-tw_-14K-White-Gold-BE1D6352-76788335\3d_model\BE1D6352_OV_200ct_RENDER.glb
1D6352,PE,pear,luxe-secret-garden-diamond-ring-3-4-ct-tw-pear-center-stone,C:\brileent earth\1D6352_Luxe-Secret-Garden-Diamond-Ring-_3_4-ct_-tw_-14K-White-Gold-BE1D6352-76788335\3d_model\BE1D6352_PE_200ct_RENDER.glb
1D6352,PR,princess,luxe-secret-garden-diamond-ring-3-4-ct-tw-princess-cut-center-stone,C:\brileent earth\1D6352_Luxe-Secret-Garden-Diamond-Ring-_3_4-ct_-tw_-14K-White-Gold-BE1D6352-76788335\3d_model\BE1D6352_PR_200ct_RENDER.glb
1D6352,RA,radiant,luxe-secret-garden-diamond-ring-3-4-ct-tw-radiant-cut-center-stone,C:\brileent earth\1D6352_Luxe-Secret-Garden-Diamond-Ring-_3_4-ct_-tw_-14K-White-Gold-BE1D6352-76788335\3d_model\BE1D6352_RA_200ct_RENDER.glb
1D6352,RD,round,luxe-secret-garden-diamond-ring-3-4-ct-tw-round-center-stone,C:\brileent earth\1D6352_Luxe-Secret-Garden-Diamond-Ring-_3_4-ct_-tw_-14K-White-Gold-BE1D6352-76788335\3d_model\BE1D6352_RD_200ct_RENDER.glb
1D6353,AS,asscher,secret-garden-three-stone-diamond-ring-3-4-ct-tw-asscher-cut-center-stone,C:\brileent earth\1D6353_Secret-Garden-Three-Stone-Diamond-Ring-_3_4-ct_-tw_-14K-Gold-BE1D6353-76788375\3d_model\BE1D6353_AS_200ct_RENDER.glb
1D6353,CU,cushion,secret-garden-three-stone-diamond-ring-3-4-ct-tw-cushion-cut-center-stone,C:\brileent earth\1D6353_Secret-Garden-Three-Stone-Diamond-Ring-_3_4-ct_-tw_-14K-Gold-BE1D6353-76788375\3d_model\BE1D6353_CU_200ct_RENDER.glb
1D6353,EM,emerald,secret-garden-three-stone-diamond-ring-3-4-ct-tw-emerald-cut-center-stone,C:\brileent earth\1D6353_Secret-Garden-Three-Stone-Diamond-Ring-_3_4-ct_-tw_-14K-Gold-BE1D6353-76788375\3d_model\BE1D6353_EM_200ct_RENDER.glb
1D6353,MQ,marquise,secret-garden-three-stone-diamond-ring-3-4-ct-tw-marquise-center-stone,C:\brileent earth\1D6353_Secret-Garden-Three-Stone-Diamond-Ring-_3_4-ct_-tw_-14K-Gold-BE1D6353-76788375\3d_model\BE1D6353_MQ_200ct_RENDER.glb
1D6353,OV,oval,secret-garden-three-stone-diamond-ring-3-4-ct-tw-oval-center-stone,C:\brileent earth\1D6353_Secret-Garden-Three-Stone-Diamond-Ring-_3_4-ct_-tw_-14K-Gold-BE1D6353-76788375\3d_model\BE1D6353_OV_200ct_RENDER.glb
1D6353,PE,pear,secret-garden-three-stone-diamond-ring-3-4-ct-tw-pear-center-stone,C:\brileent earth\1D6353_Secret-Garden-Three-Stone-Diamond-Ring-_3_4-ct_-tw_-14K-Gold-BE1D6353-76788375\3d_model\BE1D6353_PE_200ct_RENDER.glb
1D6353,PR,princess,secret-garden-three-stone-diamond-ring-3-4-ct-tw-princess-cut-center-stone,C:\brileent earth\1D6353_Secret-Garden-Three-Stone-Diamond-Ring-_3_4-ct_-tw_-14K-Gold-BE1D6353-76788375\3d_model\BE1D6353_PR_200ct_RENDER.glb
1D6353,RA,radiant,secret-garden-three-stone-diamond-ring-3-4-ct-tw-radiant-cut-center-stone,C:\brileent earth\1D6353_Secret-Garden-Three-Stone-Diamond-Ring-_3_4-ct_-tw_-14K-Gold-BE1D6353-76788375\3d_model\BE1D6353_RA_200ct_RENDER.glb
1D6353,RD,round,secret-garden-three-stone-diamond-ring-3-4-ct-tw-round-center-stone,C:\brileent earth\1D6353_Secret-Garden-Three-Stone-Diamond-Ring-_3_4-ct_-tw_-14K-Gold-BE1D6353-76788375\3d_model\BE1D6353_RD_200ct_RENDER.glb
1D6362P,AS,asscher,gala-diamond-ring-asscher-cut-center-stone,C:\brileent earth\1D6362P_Gala-Diamond-Ring-14K-White-Gold-BE1D6362P-76788400\3d_model\BE1D6362P_AS_200ct_RENDER.glb
1D6362P,CU,cushion,gala-diamond-ring-cushion-cut-center-stone,C:\brileent earth\1D6362P_Gala-Diamond-Ring-14K-White-Gold-BE1D6362P-76788400\3d_model\BE1D6362P_CU_200ct_RENDER.glb
1D6362P,EM,emerald,gala-diamond-ring-emerald-cut-center-stone,C:\brileent earth\1D6362P_Gala-Diamond-Ring-14K-White-Gold-BE1D6362P-76788400\3d_model\BE1D6362P_EM_200ct_RENDER.glb
1D6362P,HT,heart,gala-diamond-ring-heart-center-stone,C:\brileent earth\1D6362P_Gala-Diamond-Ring-14K-White-Gold-BE1D6362P-76788400\3d_model\BE1D6362P_HT_200ct_RENDER.glb
1D6362P,MQ,marquise,gala-diamond-ring-marquise-center-stone,C:\brileent earth\1D6362P_Gala-Diamond-Ring-14K-White-Gold-BE1D6362P-76788400\3d_model\BE1D6362P_MQ_200ct_RENDER.glb
1D6362P,OV,oval,gala-diamond-ring-oval-center-stone,C:\brileent earth\1D6362P_Gala-Diamond-Ring-14K-White-Gold-BE1D6362P-76788400\3d_model\BE1D6362P_OV_200ct_RENDER.glb
1D6362P,PE,pear,gala-diamond-ring-pear-center-stone,C:\brileent earth\1D6362P_Gala-Diamond-Ring-14K-White-Gold-BE1D6362P-76788400\3d_model\BE1D6362P_PE_200ct_RENDER.glb
1D6362P,PR,princess,gala-diamond-ring-princess-cut-center-stone,C:\brileent earth\1D6362P_Gala-Diamond-Ring-14K-White-Gold-BE1D6362P-76788400\3d_model\BE1D6362P_PR_200ct_RENDER.glb
1D6362P,RA,radiant,gala-diamond-ring-radiant-cut-center-stone,C:\brileent earth\1D6362P_Gala-Diamond-Ring-14K-White-Gold-BE1D6362P-76788400\3d_model\BE1D6362P_RA_200ct_RENDER.glb
1D6362P,RD,round,gala-diamond-ring-round-center-stone,C:\brileent earth\1D6362P_Gala-Diamond-Ring-14K-White-Gold-BE1D6362P-76788400\3d_model\BE1D6362P_RD_200ct_RENDER.glb
1D64,AS,asscher,waverly-halo-diamond-ring-1-2-ct-tw-asscher-cut-center-stone,C:\brileent earth\1D64_Waverly-Halo-Diamond-Ring-_1_2-ct_-tw_-14K-White-Gold-BE1D64-76823653\3d_model\BE1D64_AS_200ct_RENDER.glb
1D64,CU,cushion,waverly-halo-diamond-ring-1-2-ct-tw-cushion-cut-center-stone,C:\brileent earth\1D64_Waverly-Halo-Diamond-Ring-_1_2-ct_-tw_-14K-White-Gold-BE1D64-76823653\3d_model\BE1D64_CU_200ct_RENDER.glb
1D64,EM,emerald,waverly-halo-diamond-ring-1-2-ct-tw-emerald-cut-center-stone,C:\brileent earth\1D64_Waverly-Halo-Diamond-Ring-_1_2-ct_-tw_-14K-White-Gold-BE1D64-76823653\3d_model\BE1D64_EM_200ct_RENDER.glb
1D64,MQ,marquise,waverly-halo-diamond-ring-1-2-ct-tw-marquise-center-stone,C:\brileent earth\1D64_Waverly-Halo-Diamond-Ring-_1_2-ct_-tw_-14K-White-Gold-BE1D64-76823653\3d_model\BE1D64_MQ_200ct_RENDER.glb
1D64,OV,oval,waverly-halo-diamond-ring-1-2-ct-tw-oval-center-stone,C:\brileent earth\1D64_Waverly-Halo-Diamond-Ring-_1_2-ct_-tw_-14K-White-Gold-BE1D64-76823653\3d_model\BE1D64_OV_200ct_RENDER.glb
1D64,PE,pear,waverly-halo-diamond-ring-1-2-ct-tw-pear-center-stone,C:\brileent earth\1D64_Waverly-Halo-Diamond-Ring-_1_2-ct_-tw_-14K-White-Gold-BE1D64-76823653\3d_model\BE1D64_PE_200ct_RENDER.glb
1D64,PR,princess,waverly-halo-diamond-ring-1-2-ct-tw-princess-cut-center-stone,C:\brileent earth\1D64_Waverly-Halo-Diamond-Ring-_1_2-ct_-tw_-14K-White-Gold-BE1D64-76823653\3d_model\BE1D64_PR_200ct_RENDER.glb
1D64,RA,radiant,waverly-halo-diamond-ring-1-2-ct-tw-radiant-cut-center-stone,C:\brileent earth\1D64_Waverly-Halo-Diamond-Ring-_1_2-ct_-tw_-14K-White-Gold-BE1D64-76823653\3d_model\BE1D64_RA_200ct_RENDER.glb
1D64,RD,round,waverly-halo-diamond-ring-1-2-ct-tw-round-center-stone,C:\brileent earth\1D64_Waverly-Halo-Diamond-Ring-_1_2-ct_-tw_-14K-White-Gold-BE1D64-76823653\3d_model\BE1D64_RD_200ct_RENDER.glb
1D6534,AS,asscher,luxe-selene-three-stone-diamond-ring-2-3-ct-tw-asscher-cut-center-stone,C:\brileent earth\1D6534_Luxe-Selene-Three-Stone-Diamond-Ring-_2_3-ct_-tw_-Gold-BE1D6534-18611597\3d_model\BE1D6534_AS_200ct_RENDER.glb
1D6534,CU,cushion,luxe-selene-three-stone-diamond-ring-2-3-ct-tw-cushion-cut-center-stone,C:\brileent earth\1D6534_Luxe-Selene-Three-Stone-Diamond-Ring-_2_3-ct_-tw_-Gold-BE1D6534-18611597\3d_model\BE1D6534_CU_200ct_RENDER.glb
1D6534,EM,emerald,luxe-selene-three-stone-diamond-ring-2-3-ct-tw-emerald-cut-center-stone,C:\brileent earth\1D6534_Luxe-Selene-Three-Stone-Diamond-Ring-_2_3-ct_-tw_-Gold-BE1D6534-18611597\3d_model\BE1D6534_EM_200ct_RENDER.glb
1D6534,MQ,marquise,luxe-selene-three-stone-diamond-ring-2-3-ct-tw-marquise-center-stone,C:\brileent earth\1D6534_Luxe-Selene-Three-Stone-Diamond-Ring-_2_3-ct_-tw_-Gold-BE1D6534-18611597\3d_model\BE1D6534_MQ_200ct_RENDER.glb
1D6534,OV,oval,luxe-selene-three-stone-diamond-ring-2-3-ct-tw-oval-center-stone,C:\brileent earth\1D6534_Luxe-Selene-Three-Stone-Diamond-Ring-_2_3-ct_-tw_-Gold-BE1D6534-18611597\3d_model\BE1D6534_OV_200ct_RENDER.glb
1D6534,PE,pear,luxe-selene-three-stone-diamond-ring-2-3-ct-tw-pear-center-stone,C:\brileent earth\1D6534_Luxe-Selene-Three-Stone-Diamond-Ring-_2_3-ct_-tw_-Gold-BE1D6534-18611597\3d_model\BE1D6534_PE_200ct_RENDER.glb
1D6534,PR,princess,luxe-selene-three-stone-diamond-ring-2-3-ct-tw-princess-cut-center-stone,C:\brileent earth\1D6534_Luxe-Selene-Three-Stone-Diamond-Ring-_2_3-ct_-tw_-Gold-BE1D6534-18611597\3d_model\BE1D6534_PR_200ct_RENDER.glb
1D6534,RA,radiant,luxe-selene-three-stone-diamond-ring-2-3-ct-tw-radiant-cut-center-stone,C:\brileent earth\1D6534_Luxe-Selene-Three-Stone-Diamond-Ring-_2_3-ct_-tw_-Gold-BE1D6534-18611597\3d_model\BE1D6534_RA_200ct_RENDER.glb
1D6534,RD,round,luxe-selene-three-stone-diamond-ring-2-3-ct-tw-round-center-stone,C:\brileent earth\1D6534_Luxe-Selene-Three-Stone-Diamond-Ring-_2_3-ct_-tw_-Gold-BE1D6534-18611597\3d_model\BE1D6534_RD_200ct_RENDER.glb
1D6912,AS,asscher,viviana-one-quarter-coverage-diamond-ring-asscher-cut-center-stone,C:\brileent earth\1D6912_Viviana-One-Quarter-Coverage-Diamond-Ring-14K-White-Gold-BE1D6912-76788511\3d_model\BE1D6912_AS_200ct_RENDER.glb
1D6912,CU,cushion,viviana-one-quarter-coverage-diamond-ring-cushion-cut-center-stone,C:\brileent earth\1D6912_Viviana-One-Quarter-Coverage-Diamond-Ring-14K-White-Gold-BE1D6912-76788511\3d_model\BE1D6912_CU_200ct_RENDER.glb
1D6912,EM,emerald,viviana-one-quarter-coverage-diamond-ring-emerald-cut-center-stone,C:\brileent earth\1D6912_Viviana-One-Quarter-Coverage-Diamond-Ring-14K-White-Gold-BE1D6912-76788511\3d_model\BE1D6912_EM_200ct_RENDER.glb
1D6912,HT,heart,viviana-one-quarter-coverage-diamond-ring-heart-center-stone,C:\brileent earth\1D6912_Viviana-One-Quarter-Coverage-Diamond-Ring-14K-White-Gold-BE1D6912-76788511\3d_model\BE1D6912_HT_200ct_RENDER.glb
1D6912,MQ,marquise,viviana-one-quarter-coverage-diamond-ring-marquise-center-stone,C:\brileent earth\1D6912_Viviana-One-Quarter-Coverage-Diamond-Ring-14K-White-Gold-BE1D6912-76788511\3d_model\BE1D6912_MQ_200ct_RENDER.glb
1D6912,OV,oval,viviana-one-quarter-coverage-diamond-ring-oval-center-stone,C:\brileent earth\1D6912_Viviana-One-Quarter-Coverage-Diamond-Ring-14K-White-Gold-BE1D6912-76788511\3d_model\BE1D6912_OV_200ct_RENDER.glb
1D6912,PE,pear,viviana-one-quarter-coverage-diamond-ring-pear-center-stone,C:\brileent earth\1D6912_Viviana-One-Quarter-Coverage-Diamond-Ring-14K-White-Gold-BE1D6912-76788511\3d_model\BE1D6912_PE_200ct_RENDER.glb
1D6912,PR,princess,viviana-one-quarter-coverage-diamond-ring-princess-cut-center-stone,C:\brileent earth\1D6912_Viviana-One-Quarter-Coverage-Diamond-Ring-14K-White-Gold-BE1D6912-76788511\3d_model\BE1D6912_PR_200ct_RENDER.glb
1D6912,RA,radiant,viviana-one-quarter-coverage-diamond-ring-radiant-cut-center-stone,C:\brileent earth\1D6912_Viviana-One-Quarter-Coverage-Diamond-Ring-14K-White-Gold-BE1D6912-76788511\3d_model\BE1D6912_RA_200ct_RENDER.glb
1D6912,RD,round,viviana-one-quarter-coverage-diamond-ring-round-center-stone,C:\brileent earth\1D6912_Viviana-One-Quarter-Coverage-Diamond-Ring-14K-White-Gold-BE1D6912-76788511\3d_model\BE1D6912_RD_200ct_RENDER.glb
1D701,AS,asscher,mosaic-olivetta-three-quarter-coverage-diamond-ring-1-2-ct-tw-asscher-cut-center-stone,C:\brileent earth\1D701_Mosaic-Olivetta-Three-Quarter-Coverage-Diamond-Ring-_1_2-ct_-tw_-Gold-BE1D701-81438904\3d_model\BE1D701_AS_200ct_RENDER.glb
1D701,CU,cushion,mosaic-olivetta-three-quarter-coverage-diamond-ring-1-2-ct-tw-cushion-cut-center-stone,C:\brileent earth\1D701_Mosaic-Olivetta-Three-Quarter-Coverage-Diamond-Ring-_1_2-ct_-tw_-Gold-BE1D701-81438904\3d_model\BE1D701_CU_200ct_RENDER.glb
1D701,EM,emerald,mosaic-olivetta-three-quarter-coverage-diamond-ring-1-2-ct-tw-emerald-cut-center-stone,C:\brileent earth\1D701_Mosaic-Olivetta-Three-Quarter-Coverage-Diamond-Ring-_1_2-ct_-tw_-Gold-BE1D701-81438904\3d_model\BE1D701_EM_200ct_RENDER.glb
1D701,MQ,marquise,mosaic-olivetta-three-quarter-coverage-diamond-ring-1-2-ct-tw-marquise-center-stone,C:\brileent earth\1D701_Mosaic-Olivetta-Three-Quarter-Coverage-Diamond-Ring-_1_2-ct_-tw_-Gold-BE1D701-81438904\3d_model\BE1D701_MQ_200ct_RENDER.glb
1D701,OV,oval,mosaic-olivetta-three-quarter-coverage-diamond-ring-1-2-ct-tw-oval-center-stone,C:\brileent earth\1D701_Mosaic-Olivetta-Three-Quarter-Coverage-Diamond-Ring-_1_2-ct_-tw_-Gold-BE1D701-81438904\3d_model\BE1D701_OV_200ct_RENDER.glb
1D701,PE,pear,mosaic-olivetta-three-quarter-coverage-diamond-ring-1-2-ct-tw-pear-center-stone,C:\brileent earth\1D701_Mosaic-Olivetta-Three-Quarter-Coverage-Diamond-Ring-_1_2-ct_-tw_-Gold-BE1D701-81438904\3d_model\BE1D701_PE_200ct_RENDER.glb
1D701,PR,princess,mosaic-olivetta-three-quarter-coverage-diamond-ring-1-2-ct-tw-princess-cut-center-stone,C:\brileent earth\1D701_Mosaic-Olivetta-Three-Quarter-Coverage-Diamond-Ring-_1_2-ct_-tw_-Gold-BE1D701-81438904\3d_model\BE1D701_PR_200ct_RENDER.glb
1D701,RA,radiant,mosaic-olivetta-three-quarter-coverage-diamond-ring-1-2-ct-tw-radiant-cut-center-stone,C:\brileent earth\1D701_Mosaic-Olivetta-Three-Quarter-Coverage-Diamond-Ring-_1_2-ct_-tw_-Gold-BE1D701-81438904\3d_model\BE1D701_RA_200ct_RENDER.glb
1D701,RD,round,mosaic-olivetta-three-quarter-coverage-diamond-ring-1-2-ct-tw-round-center-stone,C:\brileent earth\1D701_Mosaic-Olivetta-Three-Quarter-Coverage-Diamond-Ring-_1_2-ct_-tw_-Gold-BE1D701-81438904\3d_model\BE1D701_RD_200ct_RENDER.glb
1D7061,MQ,marquise,sienna-three-quarter-coverage-diamond-ring-marquise-center-stone,C:\brileent earth\1D7061_Sienna-Three-Quarter-Coverage-Diamond-Ring-14K-White-Gold-BE1D7061-76788454\3d_model\BE1D7061_MQ_200ct_RENDER.glb
1D7061,OV,oval,sienna-three-quarter-coverage-diamond-ring-oval-center-stone,C:\brileent earth\1D7061_Sienna-Three-Quarter-Coverage-Diamond-Ring-14K-White-Gold-BE1D7061-76788454\3d_model\BE1D7061_OV_200ct_RENDER.glb
1D7061,PE,pear,sienna-three-quarter-coverage-diamond-ring-pear-center-stone,C:\brileent earth\1D7061_Sienna-Three-Quarter-Coverage-Diamond-Ring-14K-White-Gold-BE1D7061-76788454\3d_model\BE1D7061_PE_200ct_RENDER.glb
1D7061,RD,round,sienna-three-quarter-coverage-diamond-ring-round-center-stone,C:\brileent earth\1D7061_Sienna-Three-Quarter-Coverage-Diamond-Ring-14K-White-Gold-BE1D7061-76788454\3d_model\BE1D7061_RD_200ct_RENDER.glb
1D7161,AS,asscher,amelie-half-coverage-diamond-ring-asscher-cut-center-stone,C:\brileent earth\1D7161_Amelie-Half-Coverage-Diamond-Ring-14K-White-Gold-BE1D7161-76788535\3d_model\BE1D7161_AS_200ct_RENDER.glb
1D7161,CU,cushion,amelie-half-coverage-diamond-ring-cushion-cut-center-stone,C:\brileent earth\1D7161_Amelie-Half-Coverage-Diamond-Ring-14K-White-Gold-BE1D7161-76788535\3d_model\BE1D7161_CU_200ct_RENDER.glb
1D7161,EM,emerald,amelie-half-coverage-diamond-ring-emerald-cut-center-stone,C:\brileent earth\1D7161_Amelie-Half-Coverage-Diamond-Ring-14K-White-Gold-BE1D7161-76788535\3d_model\BE1D7161_EM_200ct_RENDER.glb
1D7161,MQ,marquise,amelie-half-coverage-diamond-ring-marquise-center-stone,C:\brileent earth\1D7161_Amelie-Half-Coverage-Diamond-Ring-14K-White-Gold-BE1D7161-76788535\3d_model\BE1D7161_MQ_200ct_RENDER.glb
1D7161,OV,oval,amelie-half-coverage-diamond-ring-oval-center-stone,C:\brileent earth\1D7161_Amelie-Half-Coverage-Diamond-Ring-14K-White-Gold-BE1D7161-76788535\3d_model\BE1D7161_OV_200ct_RENDER.glb
1D7161,PE,pear,amelie-half-coverage-diamond-ring-pear-center-stone,C:\brileent earth\1D7161_Amelie-Half-Coverage-Diamond-Ring-14K-White-Gold-BE1D7161-76788535\3d_model\BE1D7161_PE_200ct_RENDER.glb
1D7161,PR,princess,amelie-half-coverage-diamond-ring-princess-cut-center-stone,C:\brileent earth\1D7161_Amelie-Half-Coverage-Diamond-Ring-14K-White-Gold-BE1D7161-76788535\3d_model\BE1D7161_PR_200ct_RENDER.glb
1D7161,RA,radiant,amelie-half-coverage-diamond-ring-radiant-cut-center-stone,C:\brileent earth\1D7161_Amelie-Half-Coverage-Diamond-Ring-14K-White-Gold-BE1D7161-76788535\3d_model\BE1D7161_RA_200ct_RENDER.glb
1D7161,RD,round,amelie-half-coverage-diamond-ring-round-center-stone,C:\brileent earth\1D7161_Amelie-Half-Coverage-Diamond-Ring-14K-White-Gold-BE1D7161-76788535\3d_model\BE1D7161_RD_200ct_RENDER.glb
1D7162,AS,asscher,amelie-three-quarter-coverage-diamond-ring-asscher-cut-center-stone,C:\brileent earth\1D7162_Amelie-Three-Quarter-Coverage-Diamond-Ring-14K-White-Gold-BE1D7162-76787040\3d_model\BE1D7162_AS_200ct_RENDER.glb
1D7162,CU,cushion,amelie-three-quarter-coverage-diamond-ring-cushion-cut-center-stone,C:\brileent earth\1D7162_Amelie-Three-Quarter-Coverage-Diamond-Ring-14K-White-Gold-BE1D7162-76787040\3d_model\BE1D7162_CU_200ct_RENDER.glb
1D7162,EM,emerald,amelie-three-quarter-coverage-diamond-ring-emerald-cut-center-stone,C:\brileent earth\1D7162_Amelie-Three-Quarter-Coverage-Diamond-Ring-14K-White-Gold-BE1D7162-76787040\3d_model\BE1D7162_EM_200ct_RENDER.glb
1D7162,MQ,marquise,amelie-three-quarter-coverage-diamond-ring-marquise-center-stone,C:\brileent earth\1D7162_Amelie-Three-Quarter-Coverage-Diamond-Ring-14K-White-Gold-BE1D7162-76787040\3d_model\BE1D7162_MQ_200ct_RENDER.glb
1D7162,OV,oval,amelie-three-quarter-coverage-diamond-ring-oval-center-stone,C:\brileent earth\1D7162_Amelie-Three-Quarter-Coverage-Diamond-Ring-14K-White-Gold-BE1D7162-76787040\3d_model\BE1D7162_OV_200ct_RENDER.glb
1D7162,PE,pear,amelie-three-quarter-coverage-diamond-ring-pear-center-stone,C:\brileent earth\1D7162_Amelie-Three-Quarter-Coverage-Diamond-Ring-14K-White-Gold-BE1D7162-76787040\3d_model\BE1D7162_PE_200ct_RENDER.glb
1D7162,PR,princess,amelie-three-quarter-coverage-diamond-ring-princess-cut-center-stone,C:\brileent earth\1D7162_Amelie-Three-Quarter-Coverage-Diamond-Ring-14K-White-Gold-BE1D7162-76787040\3d_model\BE1D7162_PR_200ct_RENDER.glb
1D7162,RA,radiant,amelie-three-quarter-coverage-diamond-ring-radiant-cut-center-stone,C:\brileent earth\1D7162_Amelie-Three-Quarter-Coverage-Diamond-Ring-14K-White-Gold-BE1D7162-76787040\3d_model\BE1D7162_RA_200ct_RENDER.glb
1D7162,RD,round,amelie-three-quarter-coverage-diamond-ring-round-center-stone,C:\brileent earth\1D7162_Amelie-Three-Quarter-Coverage-Diamond-Ring-14K-White-Gold-BE1D7162-76787040\3d_model\BE1D7162_RD_200ct_RENDER.glb
1D7163,AS,asscher,amelie-three-stone-diamond-ring-asscher-cut-center-stone,C:\brileent earth\1D7163_Amelie-Three-Stone-Diamond-Ring-14K-White-Gold-BE1D7163-76788404\3d_model\BE1D7163_AS_200ct_RENDER.glb
1D7163,CU,cushion,amelie-three-stone-diamond-ring-cushion-cut-center-stone,C:\brileent earth\1D7163_Amelie-Three-Stone-Diamond-Ring-14K-White-Gold-BE1D7163-76788404\3d_model\BE1D7163_CU_200ct_RENDER.glb
1D7163,EM,emerald,amelie-three-stone-diamond-ring-emerald-cut-center-stone,C:\brileent earth\1D7163_Amelie-Three-Stone-Diamond-Ring-14K-White-Gold-BE1D7163-76788404\3d_model\BE1D7163_EM_200ct_RENDER.glb
1D7163,OV,oval,amelie-three-stone-diamond-ring-oval-center-stone,C:\brileent earth\1D7163_Amelie-Three-Stone-Diamond-Ring-14K-White-Gold-BE1D7163-76788404\3d_model\BE1D7163_OV_200ct_RENDER.glb
1D7163,PR,princess,amelie-three-stone-diamond-ring-princess-cut-center-stone,C:\brileent earth\1D7163_Amelie-Three-Stone-Diamond-Ring-14K-White-Gold-BE1D7163-76788404\3d_model\BE1D7163_PR_200ct_RENDER.glb
1D7163,RA,radiant,amelie-three-stone-diamond-ring-radiant-cut-center-stone,C:\brileent earth\1D7163_Amelie-Three-Stone-Diamond-Ring-14K-White-Gold-BE1D7163-76788404\3d_model\BE1D7163_RA_200ct_RENDER.glb
1D7163,RD,round,amelie-three-stone-diamond-ring-round-center-stone,C:\brileent earth\1D7163_Amelie-Three-Stone-Diamond-Ring-14K-White-Gold-BE1D7163-76788404\3d_model\BE1D7163_RD_200ct_RENDER.glb
1D717,AS,asscher,luxe-cometa-three-stone-diamond-ring-1-3-ct-tw-asscher-cut-center-stone,C:\brileent earth\1D717_Luxe-Cometa-Three-Stone-Diamond-Ring-_1_3-ct_-tw_-14K-Gold-BE1D717-76787053\3d_model\BE1D717_AS_200ct_RENDER.glb
1D717,CU,cushion,luxe-cometa-three-stone-diamond-ring-1-3-ct-tw-cushion-cut-center-stone,C:\brileent earth\1D717_Luxe-Cometa-Three-Stone-Diamond-Ring-_1_3-ct_-tw_-14K-Gold-BE1D717-76787053\3d_model\BE1D717_CU_200ct_RENDER.glb
1D717,EM,emerald,luxe-cometa-three-stone-diamond-ring-1-3-ct-tw-emerald-cut-center-stone,C:\brileent earth\1D717_Luxe-Cometa-Three-Stone-Diamond-Ring-_1_3-ct_-tw_-14K-Gold-BE1D717-76787053\3d_model\BE1D717_EM_200ct_RENDER.glb
1D717,MQ,marquise,luxe-cometa-three-stone-diamond-ring-1-3-ct-tw-marquise-center-stone,C:\brileent earth\1D717_Luxe-Cometa-Three-Stone-Diamond-Ring-_1_3-ct_-tw_-14K-Gold-BE1D717-76787053\3d_model\BE1D717_MQ_200ct_RENDER.glb
1D717,OV,oval,luxe-cometa-three-stone-diamond-ring-1-3-ct-tw-oval-center-stone,C:\brileent earth\1D717_Luxe-Cometa-Three-Stone-Diamond-Ring-_1_3-ct_-tw_-14K-Gold-BE1D717-76787053\3d_model\BE1D717_OV_200ct_RENDER.glb
1D717,PE,pear,luxe-cometa-three-stone-diamond-ring-1-3-ct-tw-pear-center-stone,C:\brileent earth\1D717_Luxe-Cometa-Three-Stone-Diamond-Ring-_1_3-ct_-tw_-14K-Gold-BE1D717-76787053\3d_model\BE1D717_PE_200ct_RENDER.glb
1D717,PR,princess,luxe-cometa-three-stone-diamond-ring-1-3-ct-tw-princess-cut-center-stone,C:\brileent earth\1D717_Luxe-Cometa-Three-Stone-Diamond-Ring-_1_3-ct_-tw_-14K-Gold-BE1D717-76787053\3d_model\BE1D717_PR_200ct_RENDER.glb
1D717,RA,radiant,luxe-cometa-three-stone-diamond-ring-1-3-ct-tw-radiant-cut-center-stone,C:\brileent earth\1D717_Luxe-Cometa-Three-Stone-Diamond-Ring-_1_3-ct_-tw_-14K-Gold-BE1D717-76787053\3d_model\BE1D717_RA_200ct_RENDER.glb
1D717,RD,round,luxe-cometa-three-stone-diamond-ring-1-3-ct-tw-round-center-stone,C:\brileent earth\1D717_Luxe-Cometa-Three-Stone-Diamond-Ring-_1_3-ct_-tw_-14K-Gold-BE1D717-76787053\3d_model\BE1D717_RD_200ct_RENDER.glb
1D722,AS,asscher,peyton-three-stone-diamond-ring-1-2-ct-tw-asscher-cut-center-stone,C:\brileent earth\1D722_Peyton-Three-Stone-Diamond-Ring-_1_2-ct_-tw_-14K-Gold-BE1D722-76785939\3d_model\BE1D722_AS_200ct_RENDER.glb
1D722,CU,cushion,peyton-three-stone-diamond-ring-1-2-ct-tw-cushion-cut-center-stone,C:\brileent earth\1D722_Peyton-Three-Stone-Diamond-Ring-_1_2-ct_-tw_-14K-Gold-BE1D722-76785939\3d_model\BE1D722_CU_200ct_RENDER.glb
1D722,EM,emerald,peyton-three-stone-diamond-ring-1-2-ct-tw-emerald-cut-center-stone,C:\brileent earth\1D722_Peyton-Three-Stone-Diamond-Ring-_1_2-ct_-tw_-14K-Gold-BE1D722-76785939\3d_model\BE1D722_EM_200ct_RENDER.glb
1D722,MQ,marquise,peyton-three-stone-diamond-ring-1-2-ct-tw-marquise-center-stone,C:\brileent earth\1D722_Peyton-Three-Stone-Diamond-Ring-_1_2-ct_-tw_-14K-Gold-BE1D722-76785939\3d_model\BE1D722_MQ_200ct_RENDER.glb
1D722,OV,oval,peyton-three-stone-diamond-ring-1-2-ct-tw-oval-center-stone,C:\brileent earth\1D722_Peyton-Three-Stone-Diamond-Ring-_1_2-ct_-tw_-14K-Gold-BE1D722-76785939\3d_model\BE1D722_OV_200ct_RENDER.glb
1D722,PE,pear,peyton-three-stone-diamond-ring-1-2-ct-tw-pear-center-stone,C:\brileent earth\1D722_Peyton-Three-Stone-Diamond-Ring-_1_2-ct_-tw_-14K-Gold-BE1D722-76785939\3d_model\BE1D722_PE_200ct_RENDER.glb
1D722,PR,princess,peyton-three-stone-diamond-ring-1-2-ct-tw-princess-cut-center-stone,C:\brileent earth\1D722_Peyton-Three-Stone-Diamond-Ring-_1_2-ct_-tw_-14K-Gold-BE1D722-76785939\3d_model\BE1D722_PR_200ct_RENDER.glb
1D722,RA,radiant,peyton-three-stone-diamond-ring-1-2-ct-tw-radiant-cut-center-stone,C:\brileent earth\1D722_Peyton-Three-Stone-Diamond-Ring-_1_2-ct_-tw_-14K-Gold-BE1D722-76785939\3d_model\BE1D722_RA_200ct_RENDER.glb
1D722,RD,round,peyton-three-stone-diamond-ring-1-2-ct-tw-round-center-stone,C:\brileent earth\1D722_Peyton-Three-Stone-Diamond-Ring-_1_2-ct_-tw_-14K-Gold-BE1D722-76785939\3d_model\BE1D722_RD_200ct_RENDER.glb
1D732,AS,asscher,nadia-taper-diamond-ring-asscher-cut-center-stone,C:\brileent earth\1D732_Nadia-Taper-Diamond-Ring-14K-White-Gold-BE1D732-76788459\3d_model\BE1D732_AS_200ct_RENDER.glb
1D732,CU,cushion,nadia-taper-diamond-ring-cushion-cut-center-stone,C:\brileent earth\1D732_Nadia-Taper-Diamond-Ring-14K-White-Gold-BE1D732-76788459\3d_model\BE1D732_CU_200ct_RENDER.glb
1D732,EM,emerald,nadia-taper-diamond-ring-emerald-cut-center-stone,C:\brileent earth\1D732_Nadia-Taper-Diamond-Ring-14K-White-Gold-BE1D732-76788459\3d_model\BE1D732_EM_200ct_RENDER.glb
1D732,HT,heart,nadia-taper-diamond-ring-heart-center-stone,C:\brileent earth\1D732_Nadia-Taper-Diamond-Ring-14K-White-Gold-BE1D732-76788459\3d_model\BE1D732_HT_200ct_RENDER.glb
1D732,MQ,marquise,nadia-taper-diamond-ring-marquise-center-stone,C:\brileent earth\1D732_Nadia-Taper-Diamond-Ring-14K-White-Gold-BE1D732-76788459\3d_model\BE1D732_MQ_200ct_RENDER.glb
1D732,OV,oval,nadia-taper-diamond-ring-oval-center-stone,C:\brileent earth\1D732_Nadia-Taper-Diamond-Ring-14K-White-Gold-BE1D732-76788459\3d_model\BE1D732_OV_200ct_RENDER.glb
1D732,PE,pear,nadia-taper-diamond-ring-pear-center-stone,C:\brileent earth\1D732_Nadia-Taper-Diamond-Ring-14K-White-Gold-BE1D732-76788459\3d_model\BE1D732_PE_200ct_RENDER.glb
1D732,PR,princess,nadia-taper-diamond-ring-princess-cut-center-stone,C:\brileent earth\1D732_Nadia-Taper-Diamond-Ring-14K-White-Gold-BE1D732-76788459\3d_model\BE1D732_PR_200ct_RENDER.glb
1D732,RA,radiant,nadia-taper-diamond-ring-radiant-cut-center-stone,C:\brileent earth\1D732_Nadia-Taper-Diamond-Ring-14K-White-Gold-BE1D732-76788459\3d_model\BE1D732_RA_200ct_RENDER.glb
1D732,RD,round,nadia-taper-diamond-ring-round-center-stone,C:\brileent earth\1D732_Nadia-Taper-Diamond-Ring-14K-White-Gold-BE1D732-76788459\3d_model\BE1D732_RD_200ct_RENDER.glb
1D734,AS,asscher,jacqueline-diamond-ring-asscher-cut-center-stone,C:\brileent earth\1D734_Jacqueline-Diamond-Ring-14K-Gold-BE1D734-76783846\3d_model\BE1D734_AS_200ct_RENDER.glb
1D734,CU,cushion,jacqueline-diamond-ring-cushion-cut-center-stone,C:\brileent earth\1D734_Jacqueline-Diamond-Ring-14K-Gold-BE1D734-76783846\3d_model\BE1D734_CU_200ct_RENDER.glb
1D734,EM,emerald,jacqueline-diamond-ring-emerald-cut-center-stone,C:\brileent earth\1D734_Jacqueline-Diamond-Ring-14K-Gold-BE1D734-76783846\3d_model\BE1D734_EM_200ct_RENDER.glb
1D734,MQ,marquise,jacqueline-diamond-ring-marquise-center-stone,C:\brileent earth\1D734_Jacqueline-Diamond-Ring-14K-Gold-BE1D734-76783846\3d_model\BE1D734_MQ_200ct_RENDER.glb
1D734,OV,oval,jacqueline-diamond-ring-oval-center-stone,C:\brileent earth\1D734_Jacqueline-Diamond-Ring-14K-Gold-BE1D734-76783846\3d_model\BE1D734_OV_200ct_RENDER.glb
1D734,PE,pear,jacqueline-diamond-ring-pear-center-stone,C:\brileent earth\1D734_Jacqueline-Diamond-Ring-14K-Gold-BE1D734-76783846\3d_model\BE1D734_PE_200ct_RENDER.glb
1D734,PR,princess,jacqueline-diamond-ring-princess-cut-center-stone,C:\brileent earth\1D734_Jacqueline-Diamond-Ring-14K-Gold-BE1D734-76783846\3d_model\BE1D734_PR_200ct_RENDER.glb
1D734,RA,radiant,jacqueline-diamond-ring-radiant-cut-center-stone,C:\brileent earth\1D734_Jacqueline-Diamond-Ring-14K-Gold-BE1D734-76783846\3d_model\BE1D734_RA_200ct_RENDER.glb
1D734,RD,round,jacqueline-diamond-ring-round-center-stone,C:\brileent earth\1D734_Jacqueline-Diamond-Ring-14K-Gold-BE1D734-76783846\3d_model\BE1D734_RD_200ct_RENDER.glb
1D738,AS,asscher,olympia-half-coverage-diamond-ring-1-2-ct-tw-asscher-cut-center-stone,C:\brileent earth\1D738_Olympia-Half-Coverage-Diamond-Ring-_1_2-ct_-tw_-14K-White-Gold-BE1D738-76820323\3d_model\BE1D738_AS_200ct_RENDER.glb
1D738,CU,cushion,olympia-half-coverage-diamond-ring-1-2-ct-tw-cushion-cut-center-stone,C:\brileent earth\1D738_Olympia-Half-Coverage-Diamond-Ring-_1_2-ct_-tw_-14K-White-Gold-BE1D738-76820323\3d_model\BE1D738_CU_200ct_RENDER.glb
1D738,EM,emerald,olympia-half-coverage-diamond-ring-1-2-ct-tw-emerald-cut-center-stone,C:\brileent earth\1D738_Olympia-Half-Coverage-Diamond-Ring-_1_2-ct_-tw_-14K-White-Gold-BE1D738-76820323\3d_model\BE1D738_EM_200ct_RENDER.glb
1D738,OV,oval,olympia-half-coverage-diamond-ring-1-2-ct-tw-oval-center-stone,C:\brileent earth\1D738_Olympia-Half-Coverage-Diamond-Ring-_1_2-ct_-tw_-14K-White-Gold-BE1D738-76820323\3d_model\BE1D738_OV_200ct_RENDER.glb
1D738,PR,princess,olympia-half-coverage-diamond-ring-1-2-ct-tw-princess-cut-center-stone,C:\brileent earth\1D738_Olympia-Half-Coverage-Diamond-Ring-_1_2-ct_-tw_-14K-White-Gold-BE1D738-76820323\3d_model\BE1D738_PR_200ct_RENDER.glb
1D738,RA,radiant,olympia-half-coverage-diamond-ring-1-2-ct-tw-radiant-cut-center-stone,C:\brileent earth\1D738_Olympia-Half-Coverage-Diamond-Ring-_1_2-ct_-tw_-14K-White-Gold-BE1D738-76820323\3d_model\BE1D738_RA_200ct_RENDER.glb
1D738,RD,round,olympia-half-coverage-diamond-ring-1-2-ct-tw-round-center-stone,C:\brileent earth\1D738_Olympia-Half-Coverage-Diamond-Ring-_1_2-ct_-tw_-14K-White-Gold-BE1D738-76820323\3d_model\BE1D738_RD_200ct_RENDER.glb
1D746,AS,asscher,secret-garden-wrap-diamond-ring-asscher-cut-center-stone,C:\brileent earth\1D746_Secret-Garden-Wrap-Diamond-Ring-14K-White-Gold-BE1D746-76787152\3d_model\BE1D746_AS_200ct_RENDER.glb
1D746,CU,cushion,secret-garden-wrap-diamond-ring-cushion-cut-center-stone,C:\brileent earth\1D746_Secret-Garden-Wrap-Diamond-Ring-14K-White-Gold-BE1D746-76787152\3d_model\BE1D746_CU_200ct_RENDER.glb
1D746,EM,emerald,secret-garden-wrap-diamond-ring-emerald-cut-center-stone,C:\brileent earth\1D746_Secret-Garden-Wrap-Diamond-Ring-14K-White-Gold-BE1D746-76787152\3d_model\BE1D746_EM_200ct_RENDER.glb
1D746,MQ,marquise,secret-garden-wrap-diamond-ring-marquise-center-stone,C:\brileent earth\1D746_Secret-Garden-Wrap-Diamond-Ring-14K-White-Gold-BE1D746-76787152\3d_model\BE1D746_MQ_200ct_RENDER.glb
1D746,OV,oval,secret-garden-wrap-diamond-ring-oval-center-stone,C:\brileent earth\1D746_Secret-Garden-Wrap-Diamond-Ring-14K-White-Gold-BE1D746-76787152\3d_model\BE1D746_OV_200ct_RENDER.glb
1D746,PE,pear,secret-garden-wrap-diamond-ring-pear-center-stone,C:\brileent earth\1D746_Secret-Garden-Wrap-Diamond-Ring-14K-White-Gold-BE1D746-76787152\3d_model\BE1D746_PE_200ct_RENDER.glb
1D746,PR,princess,secret-garden-wrap-diamond-ring-princess-cut-center-stone,C:\brileent earth\1D746_Secret-Garden-Wrap-Diamond-Ring-14K-White-Gold-BE1D746-76787152\3d_model\BE1D746_PR_200ct_RENDER.glb
1D746,RA,radiant,secret-garden-wrap-diamond-ring-radiant-cut-center-stone,C:\brileent earth\1D746_Secret-Garden-Wrap-Diamond-Ring-14K-White-Gold-BE1D746-76787152\3d_model\BE1D746_RA_200ct_RENDER.glb
1D746,RD,round,secret-garden-wrap-diamond-ring-round-center-stone,C:\brileent earth\1D746_Secret-Garden-Wrap-Diamond-Ring-14K-White-Gold-BE1D746-76787152\3d_model\BE1D746_RD_200ct_RENDER.glb
1D758,AS,asscher,grand-camellia-diamond-ring-asscher-cut-center-stone,C:\brileent earth\1D758_Grand-Camellia-Diamond-Ring-14K-White-Gold-BE1D758-76788502\3d_model\BE1D758_AS_200ct_RENDER.glb
1D758,CU,cushion,grand-camellia-diamond-ring-cushion-cut-center-stone,C:\brileent earth\1D758_Grand-Camellia-Diamond-Ring-14K-White-Gold-BE1D758-76788502\3d_model\BE1D758_CU_200ct_RENDER.glb
1D758,EM,emerald,grand-camellia-diamond-ring-emerald-cut-center-stone,C:\brileent earth\1D758_Grand-Camellia-Diamond-Ring-14K-White-Gold-BE1D758-76788502\3d_model\BE1D758_EM_200ct_RENDER.glb
1D758,MQ,marquise,grand-camellia-diamond-ring-marquise-center-stone,C:\brileent earth\1D758_Grand-Camellia-Diamond-Ring-14K-White-Gold-BE1D758-76788502\3d_model\BE1D758_MQ_200ct_RENDER.glb
1D758,OV,oval,grand-camellia-diamond-ring-oval-center-stone,C:\brileent earth\1D758_Grand-Camellia-Diamond-Ring-14K-White-Gold-BE1D758-76788502\3d_model\BE1D758_OV_200ct_RENDER.glb
1D758,PE,pear,grand-camellia-diamond-ring-pear-center-stone,C:\brileent earth\1D758_Grand-Camellia-Diamond-Ring-14K-White-Gold-BE1D758-76788502\3d_model\BE1D758_PE_200ct_RENDER.glb
1D758,PR,princess,grand-camellia-diamond-ring-princess-cut-center-stone,C:\brileent earth\1D758_Grand-Camellia-Diamond-Ring-14K-White-Gold-BE1D758-76788502\3d_model\BE1D758_PR_200ct_RENDER.glb
1D758,RA,radiant,grand-camellia-diamond-ring-radiant-cut-center-stone,C:\brileent earth\1D758_Grand-Camellia-Diamond-Ring-14K-White-Gold-BE1D758-76788502\3d_model\BE1D758_RA_200ct_RENDER.glb
1D758,RD,round,grand-camellia-diamond-ring-round-center-stone,C:\brileent earth\1D758_Grand-Camellia-Diamond-Ring-14K-White-Gold-BE1D758-76788502\3d_model\BE1D758_RD_200ct_RENDER.glb
1D761,AS,asscher,elodie-cathedral-diamond-ring-asscher-cut-center-stone,C:\brileent earth\1D761_Elodie-Cathedral-Diamond-Ring-14K-White-Gold-BE1D761-76788330\3d_model\BE1D761_AS_200ct_RENDER.glb
1D761,CU,cushion,elodie-cathedral-diamond-ring-cushion-cut-center-stone,C:\brileent earth\1D761_Elodie-Cathedral-Diamond-Ring-14K-White-Gold-BE1D761-76788330\3d_model\BE1D761_CU_200ct_RENDER.glb
1D761,EM,emerald,elodie-cathedral-diamond-ring-emerald-cut-center-stone,C:\brileent earth\1D761_Elodie-Cathedral-Diamond-Ring-14K-White-Gold-BE1D761-76788330\3d_model\BE1D761_EM_200ct_RENDER.glb
1D761,MQ,marquise,elodie-cathedral-diamond-ring-marquise-center-stone,C:\brileent earth\1D761_Elodie-Cathedral-Diamond-Ring-14K-White-Gold-BE1D761-76788330\3d_model\BE1D761_MQ_200ct_RENDER.glb
1D761,OV,oval,elodie-cathedral-diamond-ring-oval-center-stone,C:\brileent earth\1D761_Elodie-Cathedral-Diamond-Ring-14K-White-Gold-BE1D761-76788330\3d_model\BE1D761_OV_200ct_RENDER.glb
1D761,PE,pear,elodie-cathedral-diamond-ring-pear-center-stone,C:\brileent earth\1D761_Elodie-Cathedral-Diamond-Ring-14K-White-Gold-BE1D761-76788330\3d_model\BE1D761_PE_200ct_RENDER.glb
1D761,PR,princess,elodie-cathedral-diamond-ring-princess-cut-center-stone,C:\brileent earth\1D761_Elodie-Cathedral-Diamond-Ring-14K-White-Gold-BE1D761-76788330\3d_model\BE1D761_PR_200ct_RENDER.glb
1D761,RA,radiant,elodie-cathedral-diamond-ring-radiant-cut-center-stone,C:\brileent earth\1D761_Elodie-Cathedral-Diamond-Ring-14K-White-Gold-BE1D761-76788330\3d_model\BE1D761_RA_200ct_RENDER.glb
1D761,RD,round,elodie-cathedral-diamond-ring-round-center-stone,C:\brileent earth\1D761_Elodie-Cathedral-Diamond-Ring-14K-White-Gold-BE1D761-76788330\3d_model\BE1D761_RD_200ct_RENDER.glb
1D766,AS,asscher,vintage-secret-garden-diamond-ring-2-3-ct-tw-asscher-cut-center-stone,C:\brileent earth\1D766_Vintage-Secret-Garden-Diamond-Ring-_2_3-ct_-tw_-14K-Gold-BE1D766-76783840\3d_model\BE1D766_AS_200ct_RENDER.glb
1D766,CU,cushion,vintage-secret-garden-diamond-ring-2-3-ct-tw-cushion-cut-center-stone,C:\brileent earth\1D766_Vintage-Secret-Garden-Diamond-Ring-_2_3-ct_-tw_-14K-Gold-BE1D766-76783840\3d_model\BE1D766_CU_200ct_RENDER.glb
1D766,EM,emerald,vintage-secret-garden-diamond-ring-2-3-ct-tw-emerald-cut-center-stone,C:\brileent earth\1D766_Vintage-Secret-Garden-Diamond-Ring-_2_3-ct_-tw_-14K-Gold-BE1D766-76783840\3d_model\BE1D766_EM_200ct_RENDER.glb
1D766,HT,heart,vintage-secret-garden-diamond-ring-2-3-ct-tw-heart-center-stone,C:\brileent earth\1D766_Vintage-Secret-Garden-Diamond-Ring-_2_3-ct_-tw_-14K-Gold-BE1D766-76783840\3d_model\BE1D766_HT_200ct_RENDER.glb
1D766,MQ,marquise,vintage-secret-garden-diamond-ring-2-3-ct-tw-marquise-center-stone,C:\brileent earth\1D766_Vintage-Secret-Garden-Diamond-Ring-_2_3-ct_-tw_-14K-Gold-BE1D766-76783840\3d_model\BE1D766_MQ_200ct_RENDER.glb
1D766,OV,oval,vintage-secret-garden-diamond-ring-2-3-ct-tw-oval-center-stone,C:\brileent earth\1D766_Vintage-Secret-Garden-Diamond-Ring-_2_3-ct_-tw_-14K-Gold-BE1D766-76783840\3d_model\BE1D766_OV_200ct_RENDER.glb
1D766,PE,pear,vintage-secret-garden-diamond-ring-2-3-ct-tw-pear-center-stone,C:\brileent earth\1D766_Vintage-Secret-Garden-Diamond-Ring-_2_3-ct_-tw_-14K-Gold-BE1D766-76783840\3d_model\BE1D766_PE_200ct_RENDER.glb
1D766,PR,princess,vintage-secret-garden-diamond-ring-2-3-ct-tw-princess-cut-center-stone,C:\brileent earth\1D766_Vintage-Secret-Garden-Diamond-Ring-_2_3-ct_-tw_-14K-Gold-BE1D766-76783840\3d_model\BE1D766_PR_200ct_RENDER.glb
1D766,RA,radiant,vintage-secret-garden-diamond-ring-2-3-ct-tw-radiant-cut-center-stone,C:\brileent earth\1D766_Vintage-Secret-Garden-Diamond-Ring-_2_3-ct_-tw_-14K-Gold-BE1D766-76783840\3d_model\BE1D766_RA_200ct_RENDER.glb
1D766,RD,round,vintage-secret-garden-diamond-ring-2-3-ct-tw-round-center-stone,C:\brileent earth\1D766_Vintage-Secret-Garden-Diamond-Ring-_2_3-ct_-tw_-14K-Gold-BE1D766-76783840\3d_model\BE1D766_RD_200ct_RENDER.glb
1D783,AS,asscher,frame-three-stone-diamond-ring-1-3-ct-tw-asscher-cut-center-stone,C:\brileent earth\1D783_Frame-Three-Stone-Diamond-Ring-_1_3-ct_-tw_-Gold-BE1D783-82391241\3d_model\BE1D783_AS_200ct_RENDER.glb
1D783,CU,cushion,frame-three-stone-diamond-ring-1-3-ct-tw-cushion-cut-center-stone,C:\brileent earth\1D783_Frame-Three-Stone-Diamond-Ring-_1_3-ct_-tw_-Gold-BE1D783-82391241\3d_model\BE1D783_CU_200ct_RENDER.glb
1D783,EM,emerald,frame-three-stone-diamond-ring-1-3-ct-tw-emerald-cut-center-stone,C:\brileent earth\1D783_Frame-Three-Stone-Diamond-Ring-_1_3-ct_-tw_-Gold-BE1D783-82391241\3d_model\BE1D783_EM_200ct_RENDER.glb
1D783,MQ,marquise,frame-three-stone-diamond-ring-1-3-ct-tw-marquise-center-stone,C:\brileent earth\1D783_Frame-Three-Stone-Diamond-Ring-_1_3-ct_-tw_-Gold-BE1D783-82391241\3d_model\BE1D783_MQ_200ct_RENDER.glb
1D783,OV,oval,frame-three-stone-diamond-ring-1-3-ct-tw-oval-center-stone,C:\brileent earth\1D783_Frame-Three-Stone-Diamond-Ring-_1_3-ct_-tw_-Gold-BE1D783-82391241\3d_model\BE1D783_OV_200ct_RENDER.glb
1D783,PE,pear,frame-three-stone-diamond-ring-1-3-ct-tw-pear-center-stone,C:\brileent earth\1D783_Frame-Three-Stone-Diamond-Ring-_1_3-ct_-tw_-Gold-BE1D783-82391241\3d_model\BE1D783_PE_200ct_RENDER.glb
1D783,PR,princess,frame-three-stone-diamond-ring-1-3-ct-tw-princess-cut-center-stone,C:\brileent earth\1D783_Frame-Three-Stone-Diamond-Ring-_1_3-ct_-tw_-Gold-BE1D783-82391241\3d_model\BE1D783_PR_200ct_RENDER.glb
1D783,RA,radiant,frame-three-stone-diamond-ring-1-3-ct-tw-radiant-cut-center-stone,C:\brileent earth\1D783_Frame-Three-Stone-Diamond-Ring-_1_3-ct_-tw_-Gold-BE1D783-82391241\3d_model\BE1D783_RA_200ct_RENDER.glb
1D783,RD,round,frame-three-stone-diamond-ring-1-3-ct-tw-round-center-stone,C:\brileent earth\1D783_Frame-Three-Stone-Diamond-Ring-_1_3-ct_-tw_-Gold-BE1D783-82391241\3d_model\BE1D783_RD_200ct_RENDER.glb
1D785,AS,asscher,adele-halo-diamond-ring-asscher-cut-center-stone,C:\brileent earth\1D785_Adele-Halo-Diamond-Ring-14K-Gold-BE1D785-76787039\3d_model\BE1D785_AS_200ct_RENDER.glb
1D785,CU,cushion,adele-halo-diamond-ring-cushion-cut-center-stone,C:\brileent earth\1D785_Adele-Halo-Diamond-Ring-14K-Gold-BE1D785-76787039\3d_model\BE1D785_CU_200ct_RENDER.glb
1D785,EM,emerald,adele-halo-diamond-ring-emerald-cut-center-stone,C:\brileent earth\1D785_Adele-Halo-Diamond-Ring-14K-Gold-BE1D785-76787039\3d_model\BE1D785_EM_200ct_RENDER.glb
1D785,MQ,marquise,adele-halo-diamond-ring-marquise-center-stone,C:\brileent earth\1D785_Adele-Halo-Diamond-Ring-14K-Gold-BE1D785-76787039\3d_model\BE1D785_MQ_200ct_RENDER.glb
1D785,OV,oval,adele-halo-diamond-ring-oval-center-stone,C:\brileent earth\1D785_Adele-Halo-Diamond-Ring-14K-Gold-BE1D785-76787039\3d_model\BE1D785_OV_200ct_RENDER.glb
1D785,PE,pear,adele-halo-diamond-ring-pear-center-stone,C:\brileent earth\1D785_Adele-Halo-Diamond-Ring-14K-Gold-BE1D785-76787039\3d_model\BE1D785_PE_200ct_RENDER.glb
1D785,PR,princess,adele-halo-diamond-ring-princess-cut-center-stone,C:\brileent earth\1D785_Adele-Halo-Diamond-Ring-14K-Gold-BE1D785-76787039\3d_model\BE1D785_PR_200ct_RENDER.glb
1D785,RA,radiant,adele-halo-diamond-ring-radiant-cut-center-stone,C:\brileent earth\1D785_Adele-Halo-Diamond-Ring-14K-Gold-BE1D785-76787039\3d_model\BE1D785_RA_200ct_RENDER.glb
1D785,RD,round,adele-halo-diamond-ring-round-center-stone,C:\brileent earth\1D785_Adele-Halo-Diamond-Ring-14K-Gold-BE1D785-76787039\3d_model\BE1D785_RD_200ct_RENDER.glb
1D788,AS,asscher,fiore-halo-diamond-ring-1-4-ct-tw-asscher-cut-center-stone,C:\brileent earth\1D788_Fiore-Halo-Diamond-Ring-_1_4-ct_-tw_-14K-Gold-BE1D788-76787045\3d_model\BE1D788_AS_200ct_RENDER.glb
1D788,CU,cushion,fiore-halo-diamond-ring-1-4-ct-tw-cushion-cut-center-stone,C:\brileent earth\1D788_Fiore-Halo-Diamond-Ring-_1_4-ct_-tw_-14K-Gold-BE1D788-76787045\3d_model\BE1D788_CU_200ct_RENDER.glb
1D788,EM,emerald,fiore-halo-diamond-ring-1-4-ct-tw-emerald-cut-center-stone,C:\brileent earth\1D788_Fiore-Halo-Diamond-Ring-_1_4-ct_-tw_-14K-Gold-BE1D788-76787045\3d_model\BE1D788_EM_200ct_RENDER.glb
1D788,MQ,marquise,fiore-halo-diamond-ring-1-4-ct-tw-marquise-center-stone,C:\brileent earth\1D788_Fiore-Halo-Diamond-Ring-_1_4-ct_-tw_-14K-Gold-BE1D788-76787045\3d_model\BE1D788_MQ_200ct_RENDER.glb
1D788,OV,oval,fiore-halo-diamond-ring-1-4-ct-tw-oval-center-stone,C:\brileent earth\1D788_Fiore-Halo-Diamond-Ring-_1_4-ct_-tw_-14K-Gold-BE1D788-76787045\3d_model\BE1D788_OV_200ct_RENDER.glb
1D788,PR,princess,fiore-halo-diamond-ring-1-4-ct-tw-princess-cut-center-stone,C:\brileent earth\1D788_Fiore-Halo-Diamond-Ring-_1_4-ct_-tw_-14K-Gold-BE1D788-76787045\3d_model\BE1D788_PR_200ct_RENDER.glb
1D788,RA,radiant,fiore-halo-diamond-ring-1-4-ct-tw-radiant-cut-center-stone,C:\brileent earth\1D788_Fiore-Halo-Diamond-Ring-_1_4-ct_-tw_-14K-Gold-BE1D788-76787045\3d_model\BE1D788_RA_200ct_RENDER.glb
1D788,RD,round,fiore-halo-diamond-ring-1-4-ct-tw-round-center-stone,C:\brileent earth\1D788_Fiore-Halo-Diamond-Ring-_1_4-ct_-tw_-14K-Gold-BE1D788-76787045\3d_model\BE1D788_RD_200ct_RENDER.glb
1D804,AS,asscher,petite-opera-three-stone-diamond-ring-1-4-ct-tw-asscher-cut-center-stone,C:\brileent earth\1D804_Petite-Opera-Three-Stone-Diamond-Ring-_1_4-ct_-tw_-14K-Gold-BE1D804-76823254\3d_model\BE1D804_AS_200ct_RENDER.glb
1D804,CU,cushion,petite-opera-three-stone-diamond-ring-1-4-ct-tw-cushion-cut-center-stone,C:\brileent earth\1D804_Petite-Opera-Three-Stone-Diamond-Ring-_1_4-ct_-tw_-14K-Gold-BE1D804-76823254\3d_model\BE1D804_CU_200ct_RENDER.glb
1D804,EM,emerald,petite-opera-three-stone-diamond-ring-1-4-ct-tw-emerald-cut-center-stone,C:\brileent earth\1D804_Petite-Opera-Three-Stone-Diamond-Ring-_1_4-ct_-tw_-14K-Gold-BE1D804-76823254\3d_model\BE1D804_EM_200ct_RENDER.glb
1D804,MQ,marquise,petite-opera-three-stone-diamond-ring-1-4-ct-tw-marquise-center-stone,C:\brileent earth\1D804_Petite-Opera-Three-Stone-Diamond-Ring-_1_4-ct_-tw_-14K-Gold-BE1D804-76823254\3d_model\BE1D804_MQ_200ct_RENDER.glb
1D804,OV,oval,petite-opera-three-stone-diamond-ring-1-4-ct-tw-oval-center-stone,C:\brileent earth\1D804_Petite-Opera-Three-Stone-Diamond-Ring-_1_4-ct_-tw_-14K-Gold-BE1D804-76823254\3d_model\BE1D804_OV_200ct_RENDER.glb
1D804,PE,pear,petite-opera-three-stone-diamond-ring-1-4-ct-tw-pear-center-stone,C:\brileent earth\1D804_Petite-Opera-Three-Stone-Diamond-Ring-_1_4-ct_-tw_-14K-Gold-BE1D804-76823254\3d_model\BE1D804_PE_200ct_RENDER.glb
1D804,PR,princess,petite-opera-three-stone-diamond-ring-1-4-ct-tw-princess-cut-center-stone,C:\brileent earth\1D804_Petite-Opera-Three-Stone-Diamond-Ring-_1_4-ct_-tw_-14K-Gold-BE1D804-76823254\3d_model\BE1D804_PR_200ct_RENDER.glb
1D804,RA,radiant,petite-opera-three-stone-diamond-ring-1-4-ct-tw-radiant-cut-center-stone,C:\brileent earth\1D804_Petite-Opera-Three-Stone-Diamond-Ring-_1_4-ct_-tw_-14K-Gold-BE1D804-76823254\3d_model\BE1D804_RA_200ct_RENDER.glb
1D804,RD,round,petite-opera-three-stone-diamond-ring-1-4-ct-tw-round-center-stone,C:\brileent earth\1D804_Petite-Opera-Three-Stone-Diamond-Ring-_1_4-ct_-tw_-14K-Gold-BE1D804-76823254\3d_model\BE1D804_RD_200ct_RENDER.glb
1D808,AS,asscher,adorned-petite-opera-three-stone-diamond-ring-asscher-cut-center-stone,C:\brileent earth\1D808_Adorned-Petite-Opera-Three-Stone-Diamond-Ring-14K-Gold-BE1D808-76788902\3d_model\BE1D808_AS_200ct_RENDER.glb
1D808,CU,cushion,adorned-petite-opera-three-stone-diamond-ring-cushion-cut-center-stone,C:\brileent earth\1D808_Adorned-Petite-Opera-Three-Stone-Diamond-Ring-14K-Gold-BE1D808-76788902\3d_model\BE1D808_CU_200ct_RENDER.glb
1D808,EM,emerald,adorned-petite-opera-three-stone-diamond-ring-emerald-cut-center-stone,C:\brileent earth\1D808_Adorned-Petite-Opera-Three-Stone-Diamond-Ring-14K-Gold-BE1D808-76788902\3d_model\BE1D808_EM_200ct_RENDER.glb
1D808,MQ,marquise,adorned-petite-opera-three-stone-diamond-ring-marquise-center-stone,C:\brileent earth\1D808_Adorned-Petite-Opera-Three-Stone-Diamond-Ring-14K-Gold-BE1D808-76788902\3d_model\BE1D808_MQ_200ct_RENDER.glb
1D808,OV,oval,adorned-petite-opera-three-stone-diamond-ring-oval-center-stone,C:\brileent earth\1D808_Adorned-Petite-Opera-Three-Stone-Diamond-Ring-14K-Gold-BE1D808-76788902\3d_model\BE1D808_OV_200ct_RENDER.glb
1D808,PE,pear,adorned-petite-opera-three-stone-diamond-ring-pear-center-stone,C:\brileent earth\1D808_Adorned-Petite-Opera-Three-Stone-Diamond-Ring-14K-Gold-BE1D808-76788902\3d_model\BE1D808_PE_200ct_RENDER.glb
1D808,PR,princess,adorned-petite-opera-three-stone-diamond-ring-princess-cut-center-stone,C:\brileent earth\1D808_Adorned-Petite-Opera-Three-Stone-Diamond-Ring-14K-Gold-BE1D808-76788902\3d_model\BE1D808_PR_200ct_RENDER.glb
1D808,RA,radiant,adorned-petite-opera-three-stone-diamond-ring-radiant-cut-center-stone,C:\brileent earth\1D808_Adorned-Petite-Opera-Three-Stone-Diamond-Ring-14K-Gold-BE1D808-76788902\3d_model\BE1D808_RA_200ct_RENDER.glb
1D808,RD,round,adorned-petite-opera-three-stone-diamond-ring-round-center-stone,C:\brileent earth\1D808_Adorned-Petite-Opera-Three-Stone-Diamond-Ring-14K-Gold-BE1D808-76788902\3d_model\BE1D808_RD_200ct_RENDER.glb
1D8102,AS,asscher,celestia-milgrain-diamond-ring-1-4-ct-tw-asscher-cut-center-stone,C:\brileent earth\1D8102_Celestia-Milgrain-Diamond-Ring-_1_4-ct_-tw_-14K-Gold-BE1D8102-76789010\3d_model\BE1D8102_AS_200ct_RENDER.glb
1D8102,CU,cushion,celestia-milgrain-diamond-ring-1-4-ct-tw-cushion-cut-center-stone,C:\brileent earth\1D8102_Celestia-Milgrain-Diamond-Ring-_1_4-ct_-tw_-14K-Gold-BE1D8102-76789010\3d_model\BE1D8102_CU_200ct_RENDER.glb
1D8102,EM,emerald,celestia-milgrain-diamond-ring-1-4-ct-tw-emerald-cut-center-stone,C:\brileent earth\1D8102_Celestia-Milgrain-Diamond-Ring-_1_4-ct_-tw_-14K-Gold-BE1D8102-76789010\3d_model\BE1D8102_EM_200ct_RENDER.glb
1D8102,HT,heart,celestia-milgrain-diamond-ring-1-4-ct-tw-heart-center-stone,C:\brileent earth\1D8102_Celestia-Milgrain-Diamond-Ring-_1_4-ct_-tw_-14K-Gold-BE1D8102-76789010\3d_model\BE1D8102_HT_200ct_RENDER.glb
1D8102,MQ,marquise,celestia-milgrain-diamond-ring-1-4-ct-tw-marquise-center-stone,C:\brileent earth\1D8102_Celestia-Milgrain-Diamond-Ring-_1_4-ct_-tw_-14K-Gold-BE1D8102-76789010\3d_model\BE1D8102_MQ_200ct_RENDER.glb
1D8102,OV,oval,celestia-milgrain-diamond-ring-1-4-ct-tw-oval-center-stone,C:\brileent earth\1D8102_Celestia-Milgrain-Diamond-Ring-_1_4-ct_-tw_-14K-Gold-BE1D8102-76789010\3d_model\BE1D8102_OV_200ct_RENDER.glb
1D8102,PE,pear,celestia-milgrain-diamond-ring-1-4-ct-tw-pear-center-stone,C:\brileent earth\1D8102_Celestia-Milgrain-Diamond-Ring-_1_4-ct_-tw_-14K-Gold-BE1D8102-76789010\3d_model\BE1D8102_PE_200ct_RENDER.glb
1D8102,PR,princess,celestia-milgrain-diamond-ring-1-4-ct-tw-princess-cut-center-stone,C:\brileent earth\1D8102_Celestia-Milgrain-Diamond-Ring-_1_4-ct_-tw_-14K-Gold-BE1D8102-76789010\3d_model\BE1D8102_PR_200ct_RENDER.glb
1D8102,RA,radiant,celestia-milgrain-diamond-ring-1-4-ct-tw-radiant-cut-center-stone,C:\brileent earth\1D8102_Celestia-Milgrain-Diamond-Ring-_1_4-ct_-tw_-14K-Gold-BE1D8102-76789010\3d_model\BE1D8102_RA_200ct_RENDER.glb
1D8102,RD,round,celestia-milgrain-diamond-ring-1-4-ct-tw-round-center-stone,C:\brileent earth\1D8102_Celestia-Milgrain-Diamond-Ring-_1_4-ct_-tw_-14K-Gold-BE1D8102-76789010\3d_model\BE1D8102_RD_200ct_RENDER.glb
1D8164,AS,asscher,arden-diamond-ring-1-6-ct-tw-asscher-cut-center-stone,C:\brileent earth\1D8164_Arden-Diamond-Ring-_1_6-ct_-tw_-14K-Gold-BE1D8164-76823468\3d_model\BE1D8164_AS_200ct_RENDER.glb
1D8164,CU,cushion,arden-diamond-ring-1-6-ct-tw-cushion-cut-center-stone,C:\brileent earth\1D8164_Arden-Diamond-Ring-_1_6-ct_-tw_-14K-Gold-BE1D8164-76823468\3d_model\BE1D8164_CU_200ct_RENDER.glb
1D8164,EM,emerald,arden-diamond-ring-1-6-ct-tw-emerald-cut-center-stone,C:\brileent earth\1D8164_Arden-Diamond-Ring-_1_6-ct_-tw_-14K-Gold-BE1D8164-76823468\3d_model\BE1D8164_EM_200ct_RENDER.glb
1D8164,HT,heart,arden-diamond-ring-1-6-ct-tw-heart-center-stone,C:\brileent earth\1D8164_Arden-Diamond-Ring-_1_6-ct_-tw_-14K-Gold-BE1D8164-76823468\3d_model\BE1D8164_HT_200ct_RENDER.glb
1D8164,MQ,marquise,arden-diamond-ring-1-6-ct-tw-marquise-center-stone,C:\brileent earth\1D8164_Arden-Diamond-Ring-_1_6-ct_-tw_-14K-Gold-BE1D8164-76823468\3d_model\BE1D8164_MQ_200ct_RENDER.glb
1D8164,OV,oval,arden-diamond-ring-1-6-ct-tw-oval-center-stone,C:\brileent earth\1D8164_Arden-Diamond-Ring-_1_6-ct_-tw_-14K-Gold-BE1D8164-76823468\3d_model\BE1D8164_OV_200ct_RENDER.glb
1D8164,PE,pear,arden-diamond-ring-1-6-ct-tw-pear-center-stone,C:\brileent earth\1D8164_Arden-Diamond-Ring-_1_6-ct_-tw_-14K-Gold-BE1D8164-76823468\3d_model\BE1D8164_PE_200ct_RENDER.glb
1D8164,PR,princess,arden-diamond-ring-1-6-ct-tw-princess-cut-center-stone,C:\brileent earth\1D8164_Arden-Diamond-Ring-_1_6-ct_-tw_-14K-Gold-BE1D8164-76823468\3d_model\BE1D8164_PR_200ct_RENDER.glb
1D8164,RA,radiant,arden-diamond-ring-1-6-ct-tw-radiant-cut-center-stone,C:\brileent earth\1D8164_Arden-Diamond-Ring-_1_6-ct_-tw_-14K-Gold-BE1D8164-76823468\3d_model\BE1D8164_RA_200ct_RENDER.glb
1D8164,RD,round,arden-diamond-ring-1-6-ct-tw-round-center-stone,C:\brileent earth\1D8164_Arden-Diamond-Ring-_1_6-ct_-tw_-14K-Gold-BE1D8164-76823468\3d_model\BE1D8164_RD_200ct_RENDER.glb
1D821,AS,asscher,corinne-diamond-ring-1-3-ct-tw-asscher-cut-center-stone,C:\brileent earth\1D821_Corinne-Diamond-Ring-_1_3-ct_-tw_-14K-Gold-BE1D821-76783856\3d_model\BE1D821_AS_200ct_RENDER.glb
1D821,CU,cushion,corinne-diamond-ring-1-3-ct-tw-cushion-cut-center-stone,C:\brileent earth\1D821_Corinne-Diamond-Ring-_1_3-ct_-tw_-14K-Gold-BE1D821-76783856\3d_model\BE1D821_CU_200ct_RENDER.glb
1D821,EM,emerald,corinne-diamond-ring-1-3-ct-tw-emerald-cut-center-stone,C:\brileent earth\1D821_Corinne-Diamond-Ring-_1_3-ct_-tw_-14K-Gold-BE1D821-76783856\3d_model\BE1D821_EM_200ct_RENDER.glb
1D821,MQ,marquise,corinne-diamond-ring-1-3-ct-tw-marquise-center-stone,C:\brileent earth\1D821_Corinne-Diamond-Ring-_1_3-ct_-tw_-14K-Gold-BE1D821-76783856\3d_model\BE1D821_MQ_200ct_RENDER.glb
1D821,OV,oval,corinne-diamond-ring-1-3-ct-tw-oval-center-stone,C:\brileent earth\1D821_Corinne-Diamond-Ring-_1_3-ct_-tw_-14K-Gold-BE1D821-76783856\3d_model\BE1D821_OV_200ct_RENDER.glb
1D821,PE,pear,corinne-diamond-ring-1-3-ct-tw-pear-center-stone,C:\brileent earth\1D821_Corinne-Diamond-Ring-_1_3-ct_-tw_-14K-Gold-BE1D821-76783856\3d_model\BE1D821_PE_200ct_RENDER.glb
1D821,PR,princess,corinne-diamond-ring-1-3-ct-tw-princess-cut-center-stone,C:\brileent earth\1D821_Corinne-Diamond-Ring-_1_3-ct_-tw_-14K-Gold-BE1D821-76783856\3d_model\BE1D821_PR_200ct_RENDER.glb
1D821,RA,radiant,corinne-diamond-ring-1-3-ct-tw-radiant-cut-center-stone,C:\brileent earth\1D821_Corinne-Diamond-Ring-_1_3-ct_-tw_-14K-Gold-BE1D821-76783856\3d_model\BE1D821_RA_200ct_RENDER.glb
1D821,RD,round,corinne-diamond-ring-1-3-ct-tw-round-center-stone,C:\brileent earth\1D821_Corinne-Diamond-Ring-_1_3-ct_-tw_-14K-Gold-BE1D821-76783856\3d_model\BE1D821_RD_200ct_RENDER.glb
1D8282,HT,heart,rochelle-diamond-ring-heart-center-stone,C:\brileent earth\1D8282_Rochelle-Diamond-Ring-14K-Gold-BE1D8282-76820340\3d_model\BE1D8282_HT_200ct_RENDER.glb
1D8282,MQ,marquise,rochelle-diamond-ring-marquise-center-stone,C:\brileent earth\1D8282_Rochelle-Diamond-Ring-14K-Gold-BE1D8282-76820340\3d_model\BE1D8282_MQ_200ct_RENDER.glb
1D8282,OV,oval,rochelle-diamond-ring-oval-center-stone,C:\brileent earth\1D8282_Rochelle-Diamond-Ring-14K-Gold-BE1D8282-76820340\3d_model\BE1D8282_OV_200ct_RENDER.glb
1D8282,PE,pear,rochelle-diamond-ring-pear-center-stone,C:\brileent earth\1D8282_Rochelle-Diamond-Ring-14K-Gold-BE1D8282-76820340\3d_model\BE1D8282_PE_200ct_RENDER.glb
1D8282,RD,round,rochelle-diamond-ring-round-center-stone,C:\brileent earth\1D8282_Rochelle-Diamond-Ring-14K-Gold-BE1D8282-76820340\3d_model\BE1D8282_RD_200ct_RENDER.glb
1D8379,AS,asscher,olivia-diamond-ring-1-ct-tw-asscher-cut-center-stone,C:\brileent earth\1D8379_Olivia-Diamond-Ring-_1-ct_-tw_-14K-Gold-BE1D8379-76785999\3d_model\BE1D8379_AS_200ct_RENDER.glb
1D8379,CU,cushion,olivia-diamond-ring-1-ct-tw-cushion-cut-center-stone,C:\brileent earth\1D8379_Olivia-Diamond-Ring-_1-ct_-tw_-14K-Gold-BE1D8379-76785999\3d_model\BE1D8379_CU_200ct_RENDER.glb
1D8379,EM,emerald,olivia-diamond-ring-1-ct-tw-emerald-cut-center-stone,C:\brileent earth\1D8379_Olivia-Diamond-Ring-_1-ct_-tw_-14K-Gold-BE1D8379-76785999\3d_model\BE1D8379_EM_200ct_RENDER.glb
1D8379,MQ,marquise,olivia-diamond-ring-1-ct-tw-marquise-center-stone,C:\brileent earth\1D8379_Olivia-Diamond-Ring-_1-ct_-tw_-14K-Gold-BE1D8379-76785999\3d_model\BE1D8379_MQ_200ct_RENDER.glb
1D8379,OV,oval,olivia-diamond-ring-1-ct-tw-oval-center-stone,C:\brileent earth\1D8379_Olivia-Diamond-Ring-_1-ct_-tw_-14K-Gold-BE1D8379-76785999\3d_model\BE1D8379_OV_200ct_RENDER.glb
1D8379,PE,pear,olivia-diamond-ring-1-ct-tw-pear-center-stone,C:\brileent earth\1D8379_Olivia-Diamond-Ring-_1-ct_-tw_-14K-Gold-BE1D8379-76785999\3d_model\BE1D8379_PE_200ct_RENDER.glb
1D8379,PR,princess,olivia-diamond-ring-1-ct-tw-princess-cut-center-stone,C:\brileent earth\1D8379_Olivia-Diamond-Ring-_1-ct_-tw_-14K-Gold-BE1D8379-76785999\3d_model\BE1D8379_PR_200ct_RENDER.glb
1D8379,RA,radiant,olivia-diamond-ring-1-ct-tw-radiant-cut-center-stone,C:\brileent earth\1D8379_Olivia-Diamond-Ring-_1-ct_-tw_-14K-Gold-BE1D8379-76785999\3d_model\BE1D8379_RA_200ct_RENDER.glb
1D8379,RD,round,olivia-diamond-ring-1-ct-tw-round-center-stone,C:\brileent earth\1D8379_Olivia-Diamond-Ring-_1-ct_-tw_-14K-Gold-BE1D8379-76785999\3d_model\BE1D8379_RD_200ct_RENDER.glb
1D8418,AS,asscher,helena-radiant-cut-three-stone-diamond-ring-3-8-ct-tw-asscher-cut-center-stone,C:\brileent earth\1D8418_Helena-Radiant-Cut-Three-Stone-Diamond-Ring-_3_8-ct_-tw_-14K-Gold-BE1D8418-76785918\3d_model\BE1D8418_AS_200ct_RENDER.glb
1D8418,CU,cushion,helena-radiant-cut-three-stone-diamond-ring-3-8-ct-tw-cushion-cut-center-stone,C:\brileent earth\1D8418_Helena-Radiant-Cut-Three-Stone-Diamond-Ring-_3_8-ct_-tw_-14K-Gold-BE1D8418-76785918\3d_model\BE1D8418_CU_200ct_RENDER.glb
1D8418,EM,emerald,helena-radiant-cut-three-stone-diamond-ring-3-8-ct-tw-emerald-cut-center-stone,C:\brileent earth\1D8418_Helena-Radiant-Cut-Three-Stone-Diamond-Ring-_3_8-ct_-tw_-14K-Gold-BE1D8418-76785918\3d_model\BE1D8418_EM_200ct_RENDER.glb
1D8418,MQ,marquise,helena-radiant-cut-three-stone-diamond-ring-3-8-ct-tw-marquise-center-stone,C:\brileent earth\1D8418_Helena-Radiant-Cut-Three-Stone-Diamond-Ring-_3_8-ct_-tw_-14K-Gold-BE1D8418-76785918\3d_model\BE1D8418_MQ_200ct_RENDER.glb
1D8418,OV,oval,helena-radiant-cut-three-stone-diamond-ring-3-8-ct-tw-oval-center-stone,C:\brileent earth\1D8418_Helena-Radiant-Cut-Three-Stone-Diamond-Ring-_3_8-ct_-tw_-14K-Gold-BE1D8418-76785918\3d_model\BE1D8418_OV_200ct_RENDER.glb
1D8418,PE,pear,helena-radiant-cut-three-stone-diamond-ring-3-8-ct-tw-pear-center-stone,C:\brileent earth\1D8418_Helena-Radiant-Cut-Three-Stone-Diamond-Ring-_3_8-ct_-tw_-14K-Gold-BE1D8418-76785918\3d_model\BE1D8418_PE_200ct_RENDER.glb
1D8418,PR,princess,helena-radiant-cut-three-stone-diamond-ring-3-8-ct-tw-princess-cut-center-stone,C:\brileent earth\1D8418_Helena-Radiant-Cut-Three-Stone-Diamond-Ring-_3_8-ct_-tw_-14K-Gold-BE1D8418-76785918\3d_model\BE1D8418_PR_200ct_RENDER.glb
1D8418,RA,radiant,helena-radiant-cut-three-stone-diamond-ring-3-8-ct-tw-asscher-cut-center-stone,C:\brileent earth\1D8418_Helena-Radiant-Cut-Three-Stone-Diamond-Ring-_3_8-ct_-tw_-14K-Gold-BE1D8418-76785918\3d_model\BE1D8418_RA_200ct_RENDER.glb
1D8418,RD,round,helena-radiant-cut-three-stone-diamond-ring-3-8-ct-tw-round-center-stone,C:\brileent earth\1D8418_Helena-Radiant-Cut-Three-Stone-Diamond-Ring-_3_8-ct_-tw_-14K-Gold-BE1D8418-76785918\3d_model\BE1D8418_RD_200ct_RENDER.glb
1D863,AS,asscher,audrey-perfect-fit-hidden-halo-2mm-diamond-ring-asscher-cut-center-stone,C:\brileent earth\1D863_Audrey-Perfect-Fit-Hidden-Halo-2mm-Diamond-Ring-14K-Gold-BE1D863-76785987\3d_model\BE1D863_AS_200ct_RENDER.glb
1D863,CU,cushion,audrey-perfect-fit-hidden-halo-2mm-diamond-ring-cushion-cut-center-stone,C:\brileent earth\1D863_Audrey-Perfect-Fit-Hidden-Halo-2mm-Diamond-Ring-14K-Gold-BE1D863-76785987\3d_model\BE1D863_CU_200ct_RENDER.glb
1D863,EM,emerald,audrey-perfect-fit-hidden-halo-2mm-diamond-ring-emerald-cut-center-stone,C:\brileent earth\1D863_Audrey-Perfect-Fit-Hidden-Halo-2mm-Diamond-Ring-14K-Gold-BE1D863-76785987\3d_model\BE1D863_EM_200ct_RENDER.glb
1D863,MQ,marquise,audrey-perfect-fit-hidden-halo-2mm-diamond-ring-marquise-center-stone,C:\brileent earth\1D863_Audrey-Perfect-Fit-Hidden-Halo-2mm-Diamond-Ring-14K-Gold-BE1D863-76785987\3d_model\BE1D863_MQ_200ct_RENDER.glb
1D863,OV,oval,audrey-perfect-fit-hidden-halo-2mm-diamond-ring-oval-center-stone,C:\brileent earth\1D863_Audrey-Perfect-Fit-Hidden-Halo-2mm-Diamond-Ring-14K-Gold-BE1D863-76785987\3d_model\BE1D863_OV_200ct_RENDER.glb
1D863,PE,pear,audrey-perfect-fit-hidden-halo-2mm-diamond-ring-pear-center-stone,C:\brileent earth\1D863_Audrey-Perfect-Fit-Hidden-Halo-2mm-Diamond-Ring-14K-Gold-BE1D863-76785987\3d_model\BE1D863_PE_200ct_RENDER.glb
1D863,PR,princess,audrey-perfect-fit-hidden-halo-2mm-diamond-ring-princess-cut-center-stone,C:\brileent earth\1D863_Audrey-Perfect-Fit-Hidden-Halo-2mm-Diamond-Ring-14K-Gold-BE1D863-76785987\3d_model\BE1D863_PR_200ct_RENDER.glb
1D863,RA,radiant,audrey-perfect-fit-hidden-halo-2mm-diamond-ring-radiant-cut-center-stone,C:\brileent earth\1D863_Audrey-Perfect-Fit-Hidden-Halo-2mm-Diamond-Ring-14K-Gold-BE1D863-76785987\3d_model\BE1D863_RA_200ct_RENDER.glb
1D863,RD,round,audrey-perfect-fit-hidden-halo-2mm-diamond-ring-round-center-stone,C:\brileent earth\1D863_Audrey-Perfect-Fit-Hidden-Halo-2mm-Diamond-Ring-14K-Gold-BE1D863-76785987\3d_model\BE1D863_RD_200ct_RENDER.glb
1D8721P,AS,asscher,ellora-half-coverage-diamond-ring-asscher-cut-center-stone,C:\brileent earth\1D8721P_Ellora-Half-Coverage-Diamond-Ring-14K-White-Gold-BE1D8721P-76823365\3d_model\BE1D8721P_AS_200ct_RENDER.glb
1D8721P,CU,cushion,ellora-half-coverage-diamond-ring-cushion-cut-center-stone,C:\brileent earth\1D8721P_Ellora-Half-Coverage-Diamond-Ring-14K-White-Gold-BE1D8721P-76823365\3d_model\BE1D8721P_CU_200ct_RENDER.glb
1D8721P,EM,emerald,ellora-half-coverage-diamond-ring-emerald-cut-center-stone,C:\brileent earth\1D8721P_Ellora-Half-Coverage-Diamond-Ring-14K-White-Gold-BE1D8721P-76823365\3d_model\BE1D8721P_EM_200ct_RENDER.glb
1D8721P,HT,heart,ellora-half-coverage-diamond-ring-heart-center-stone,C:\brileent earth\1D8721P_Ellora-Half-Coverage-Diamond-Ring-14K-White-Gold-BE1D8721P-76823365\3d_model\BE1D8721P_HT_200ct_RENDER.glb
1D8721P,MQ,marquise,ellora-half-coverage-diamond-ring-marquise-center-stone,C:\brileent earth\1D8721P_Ellora-Half-Coverage-Diamond-Ring-14K-White-Gold-BE1D8721P-76823365\3d_model\BE1D8721P_MQ_200ct_RENDER.glb
1D8721P,OV,oval,ellora-half-coverage-diamond-ring-oval-center-stone,C:\brileent earth\1D8721P_Ellora-Half-Coverage-Diamond-Ring-14K-White-Gold-BE1D8721P-76823365\3d_model\BE1D8721P_OV_200ct_RENDER.glb
1D8721P,PE,pear,ellora-half-coverage-diamond-ring-pear-center-stone,C:\brileent earth\1D8721P_Ellora-Half-Coverage-Diamond-Ring-14K-White-Gold-BE1D8721P-76823365\3d_model\BE1D8721P_PE_200ct_RENDER.glb
1D8721P,PR,princess,ellora-half-coverage-diamond-ring-princess-cut-center-stone,C:\brileent earth\1D8721P_Ellora-Half-Coverage-Diamond-Ring-14K-White-Gold-BE1D8721P-76823365\3d_model\BE1D8721P_PR_200ct_RENDER.glb
1D8721P,RA,radiant,ellora-half-coverage-diamond-ring-radiant-cut-center-stone,C:\brileent earth\1D8721P_Ellora-Half-Coverage-Diamond-Ring-14K-White-Gold-BE1D8721P-76823365\3d_model\BE1D8721P_RA_200ct_RENDER.glb
1D8721P,RD,round,ellora-half-coverage-diamond-ring-round-center-stone,C:\brileent earth\1D8721P_Ellora-Half-Coverage-Diamond-Ring-14K-White-Gold-BE1D8721P-76823365\3d_model\BE1D8721P_RD_200ct_RENDER.glb
1D874,AS,asscher,bezel-halo-diamond-ring-1-4-ct-tw-asscher-cut-center-stone,C:\brileent earth\1D874_Bezel-Halo-Diamond-Ring-_1_4-ct_-tw_-14K-Gold-BE1D874-76786016\3d_model\BE1D874_AS_200ct_RENDER.glb
1D874,CU,cushion,bezel-halo-diamond-ring-1-4-ct-tw-cushion-cut-center-stone,C:\brileent earth\1D874_Bezel-Halo-Diamond-Ring-_1_4-ct_-tw_-14K-Gold-BE1D874-76786016\3d_model\BE1D874_CU_200ct_RENDER.glb
1D874,EM,emerald,bezel-halo-diamond-ring-1-4-ct-tw-emerald-cut-center-stone,C:\brileent earth\1D874_Bezel-Halo-Diamond-Ring-_1_4-ct_-tw_-14K-Gold-BE1D874-76786016\3d_model\BE1D874_EM_200ct_RENDER.glb
1D874,MQ,marquise,bezel-halo-diamond-ring-1-4-ct-tw-marquise-center-stone,C:\brileent earth\1D874_Bezel-Halo-Diamond-Ring-_1_4-ct_-tw_-14K-Gold-BE1D874-76786016\3d_model\BE1D874_MQ_200ct_RENDER.glb
1D874,OV,oval,bezel-halo-diamond-ring-1-4-ct-tw-oval-center-stone,C:\brileent earth\1D874_Bezel-Halo-Diamond-Ring-_1_4-ct_-tw_-14K-Gold-BE1D874-76786016\3d_model\BE1D874_OV_200ct_RENDER.glb
1D874,PE,pear,bezel-halo-diamond-ring-1-4-ct-tw-pear-center-stone,C:\brileent earth\1D874_Bezel-Halo-Diamond-Ring-_1_4-ct_-tw_-14K-Gold-BE1D874-76786016\3d_model\BE1D874_PE_200ct_RENDER.glb
1D874,PR,princess,bezel-halo-diamond-ring-1-4-ct-tw-princess-cut-center-stone,C:\brileent earth\1D874_Bezel-Halo-Diamond-Ring-_1_4-ct_-tw_-14K-Gold-BE1D874-76786016\3d_model\BE1D874_PR_200ct_RENDER.glb
1D874,RA,radiant,bezel-halo-diamond-ring-1-4-ct-tw-radiant-cut-center-stone,C:\brileent earth\1D874_Bezel-Halo-Diamond-Ring-_1_4-ct_-tw_-14K-Gold-BE1D874-76786016\3d_model\BE1D874_RA_200ct_RENDER.glb
1D874,RD,round,bezel-halo-diamond-ring-1-4-ct-tw-round-center-stone,C:\brileent earth\1D874_Bezel-Halo-Diamond-Ring-_1_4-ct_-tw_-14K-Gold-BE1D874-76786016\3d_model\BE1D874_RD_200ct_RENDER.glb
1D879,AS,asscher,symphony-tapered-baguette-three-stone-diamond-ring-1-2-ct-tw-asscher-cut-center-stone,C:\brileent earth\1D879_Symphony-Tapered-Baguette-Three-Stone-Diamond-Ring-_1_2-ct_-tw_-14K-White-Gold-BE1D879-768\3d_model\BE1D879_AS_200ct_RENDER.glb
1D879,CU,cushion,symphony-tapered-baguette-three-stone-diamond-ring-1-2-ct-tw-cushion-cut-center-stone,C:\brileent earth\1D879_Symphony-Tapered-Baguette-Three-Stone-Diamond-Ring-_1_2-ct_-tw_-14K-White-Gold-BE1D879-768\3d_model\BE1D879_CU_200ct_RENDER.glb
1D879,EM,emerald,symphony-tapered-baguette-three-stone-diamond-ring-1-2-ct-tw-emerald-cut-center-stone,C:\brileent earth\1D879_Symphony-Tapered-Baguette-Three-Stone-Diamond-Ring-_1_2-ct_-tw_-14K-White-Gold-BE1D879-768\3d_model\BE1D879_EM_200ct_RENDER.glb
1D879,MQ,marquise,symphony-tapered-baguette-three-stone-diamond-ring-1-2-ct-tw-marquise-center-stone,C:\brileent earth\1D879_Symphony-Tapered-Baguette-Three-Stone-Diamond-Ring-_1_2-ct_-tw_-14K-White-Gold-BE1D879-768\3d_model\BE1D879_MQ_200ct_RENDER.glb
1D879,OV,oval,symphony-tapered-baguette-three-stone-diamond-ring-1-2-ct-tw-oval-center-stone,C:\brileent earth\1D879_Symphony-Tapered-Baguette-Three-Stone-Diamond-Ring-_1_2-ct_-tw_-14K-White-Gold-BE1D879-768\3d_model\BE1D879_OV_200ct_RENDER.glb
1D879,PR,princess,symphony-tapered-baguette-three-stone-diamond-ring-1-2-ct-tw-princess-cut-center-stone,C:\brileent earth\1D879_Symphony-Tapered-Baguette-Three-Stone-Diamond-Ring-_1_2-ct_-tw_-14K-White-Gold-BE1D879-768\3d_model\BE1D879_PR_200ct_RENDER.glb
1D879,RA,radiant,symphony-tapered-baguette-three-stone-diamond-ring-1-2-ct-tw-radiant-cut-center-stone,C:\brileent earth\1D879_Symphony-Tapered-Baguette-Three-Stone-Diamond-Ring-_1_2-ct_-tw_-14K-White-Gold-BE1D879-768\3d_model\BE1D879_RA_200ct_RENDER.glb
1D879,RD,round,symphony-tapered-baguette-three-stone-diamond-ring-1-2-ct-tw-round-center-stone,C:\brileent earth\1D879_Symphony-Tapered-Baguette-Three-Stone-Diamond-Ring-_1_2-ct_-tw_-14K-White-Gold-BE1D879-768\3d_model\BE1D879_RD_200ct_RENDER.glb
1D881,AS,asscher,oval-cut-three-stone-diamond-ring-1-2-ct-tw-asscher-cut-center-stone,C:\brileent earth\1D881_Oval-Cut-Three-Stone-Diamond-Ring-_1_2-ct_-tw_-14K-Gold-BE1D881-76784894\3d_model\BE1D881_AS_200ct_RENDER.glb
1D881,CU,cushion,oval-cut-three-stone-diamond-ring-1-2-ct-tw-cushion-cut-center-stone,C:\brileent earth\1D881_Oval-Cut-Three-Stone-Diamond-Ring-_1_2-ct_-tw_-14K-Gold-BE1D881-76784894\3d_model\BE1D881_CU_200ct_RENDER.glb
1D881,EM,emerald,oval-cut-three-stone-diamond-ring-1-2-ct-tw-emerald-cut-center-stone,C:\brileent earth\1D881_Oval-Cut-Three-Stone-Diamond-Ring-_1_2-ct_-tw_-14K-Gold-BE1D881-76784894\3d_model\BE1D881_EM_200ct_RENDER.glb
1D881,MQ,marquise,oval-cut-three-stone-diamond-ring-1-2-ct-tw-marquise-center-stone,C:\brileent earth\1D881_Oval-Cut-Three-Stone-Diamond-Ring-_1_2-ct_-tw_-14K-Gold-BE1D881-76784894\3d_model\BE1D881_MQ_200ct_RENDER.glb
1D881,OV,oval,oval-cut-three-stone-diamond-ring-1-2-ct-tw-asscher-cut-center-stone,C:\brileent earth\1D881_Oval-Cut-Three-Stone-Diamond-Ring-_1_2-ct_-tw_-14K-Gold-BE1D881-76784894\3d_model\BE1D881_OV_200ct_RENDER.glb
1D881,PE,pear,oval-cut-three-stone-diamond-ring-1-2-ct-tw-pear-center-stone,C:\brileent earth\1D881_Oval-Cut-Three-Stone-Diamond-Ring-_1_2-ct_-tw_-14K-Gold-BE1D881-76784894\3d_model\BE1D881_PE_200ct_RENDER.glb
1D881,PR,princess,oval-cut-three-stone-diamond-ring-1-2-ct-tw-princess-cut-center-stone,C:\brileent earth\1D881_Oval-Cut-Three-Stone-Diamond-Ring-_1_2-ct_-tw_-14K-Gold-BE1D881-76784894\3d_model\BE1D881_PR_200ct_RENDER.glb
1D881,RA,radiant,oval-cut-three-stone-diamond-ring-1-2-ct-tw-radiant-cut-center-stone,C:\brileent earth\1D881_Oval-Cut-Three-Stone-Diamond-Ring-_1_2-ct_-tw_-14K-Gold-BE1D881-76784894\3d_model\BE1D881_RA_200ct_RENDER.glb
1D881,RD,round,oval-cut-three-stone-diamond-ring-1-2-ct-tw-round-center-stone,C:\brileent earth\1D881_Oval-Cut-Three-Stone-Diamond-Ring-_1_2-ct_-tw_-14K-Gold-BE1D881-76784894\3d_model\BE1D881_RD_200ct_RENDER.glb
1D887,AS,asscher,sydney-perfect-fit-hidden-halo-2mm-diamond-ring-asscher-cut-center-stone,C:\brileent earth\1D887_Sydney-Perfect-Fit-Hidden-Halo-2mm-Diamond-Ring-14K-Gold-BE1D887-76785991\3d_model\BE1D887_AS_200ct_RENDER.glb
1D887,CU,cushion,sydney-perfect-fit-hidden-halo-2mm-diamond-ring-cushion-cut-center-stone,C:\brileent earth\1D887_Sydney-Perfect-Fit-Hidden-Halo-2mm-Diamond-Ring-14K-Gold-BE1D887-76785991\3d_model\BE1D887_CU_200ct_RENDER.glb
1D887,EM,emerald,sydney-perfect-fit-hidden-halo-2mm-diamond-ring-emerald-cut-center-stone,C:\brileent earth\1D887_Sydney-Perfect-Fit-Hidden-Halo-2mm-Diamond-Ring-14K-Gold-BE1D887-76785991\3d_model\BE1D887_EM_200ct_RENDER.glb
1D887,MQ,marquise,sydney-perfect-fit-hidden-halo-2mm-diamond-ring-marquise-center-stone,C:\brileent earth\1D887_Sydney-Perfect-Fit-Hidden-Halo-2mm-Diamond-Ring-14K-Gold-BE1D887-76785991\3d_model\BE1D887_MQ_200ct_RENDER.glb
1D887,OV,oval,sydney-perfect-fit-hidden-halo-2mm-diamond-ring-oval-center-stone,C:\brileent earth\1D887_Sydney-Perfect-Fit-Hidden-Halo-2mm-Diamond-Ring-14K-Gold-BE1D887-76785991\3d_model\BE1D887_OV_200ct_RENDER.glb
1D887,PE,pear,sydney-perfect-fit-hidden-halo-2mm-diamond-ring-pear-center-stone,C:\brileent earth\1D887_Sydney-Perfect-Fit-Hidden-Halo-2mm-Diamond-Ring-14K-Gold-BE1D887-76785991\3d_model\BE1D887_PE_200ct_RENDER.glb
1D887,PR,princess,sydney-perfect-fit-hidden-halo-2mm-diamond-ring-princess-cut-center-stone,C:\brileent earth\1D887_Sydney-Perfect-Fit-Hidden-Halo-2mm-Diamond-Ring-14K-Gold-BE1D887-76785991\3d_model\BE1D887_PR_200ct_RENDER.glb
1D887,RA,radiant,sydney-perfect-fit-hidden-halo-2mm-diamond-ring-radiant-cut-center-stone,C:\brileent earth\1D887_Sydney-Perfect-Fit-Hidden-Halo-2mm-Diamond-Ring-14K-Gold-BE1D887-76785991\3d_model\BE1D887_RA_200ct_RENDER.glb
1D887,RD,round,sydney-perfect-fit-hidden-halo-2mm-diamond-ring-round-center-stone,C:\brileent earth\1D887_Sydney-Perfect-Fit-Hidden-Halo-2mm-Diamond-Ring-14K-Gold-BE1D887-76785991\3d_model\BE1D887_RD_200ct_RENDER.glb
1D898,AS,asscher,petite-fleur-three-stone-diamond-ring-asscher-cut-center-stone,C:\brileent earth\1D898_Petite-Fleur-Three-Stone-Diamond-Ring-14K-Gold-BE1D898-76788574\3d_model\BE1D898_AS_200ct_RENDER.glb
1D898,CU,cushion,petite-fleur-three-stone-diamond-ring-cushion-cut-center-stone,C:\brileent earth\1D898_Petite-Fleur-Three-Stone-Diamond-Ring-14K-Gold-BE1D898-76788574\3d_model\BE1D898_CU_200ct_RENDER.glb
1D898,EM,emerald,petite-fleur-three-stone-diamond-ring-emerald-cut-center-stone,C:\brileent earth\1D898_Petite-Fleur-Three-Stone-Diamond-Ring-14K-Gold-BE1D898-76788574\3d_model\BE1D898_EM_200ct_RENDER.glb
1D898,MQ,marquise,petite-fleur-three-stone-diamond-ring-marquise-center-stone,C:\brileent earth\1D898_Petite-Fleur-Three-Stone-Diamond-Ring-14K-Gold-BE1D898-76788574\3d_model\BE1D898_MQ_200ct_RENDER.glb
1D898,OV,oval,petite-fleur-three-stone-diamond-ring-oval-center-stone,C:\brileent earth\1D898_Petite-Fleur-Three-Stone-Diamond-Ring-14K-Gold-BE1D898-76788574\3d_model\BE1D898_OV_200ct_RENDER.glb
1D898,PE,pear,petite-fleur-three-stone-diamond-ring-pear-center-stone,C:\brileent earth\1D898_Petite-Fleur-Three-Stone-Diamond-Ring-14K-Gold-BE1D898-76788574\3d_model\BE1D898_PE_200ct_RENDER.glb
1D898,PR,princess,petite-fleur-three-stone-diamond-ring-princess-cut-center-stone,C:\brileent earth\1D898_Petite-Fleur-Three-Stone-Diamond-Ring-14K-Gold-BE1D898-76788574\3d_model\BE1D898_PR_200ct_RENDER.glb
1D898,RA,radiant,petite-fleur-three-stone-diamond-ring-radiant-cut-center-stone,C:\brileent earth\1D898_Petite-Fleur-Three-Stone-Diamond-Ring-14K-Gold-BE1D898-76788574\3d_model\BE1D898_RA_200ct_RENDER.glb
1D898,RD,round,petite-fleur-three-stone-diamond-ring-round-center-stone,C:\brileent earth\1D898_Petite-Fleur-Three-Stone-Diamond-Ring-14K-Gold-BE1D898-76788574\3d_model\BE1D898_RD_200ct_RENDER.glb
1D9008,AS,asscher,luxe-opera-three-stone-diamond-ring-asscher-cut-center-stone,C:\brileent earth\1D9008_Luxe-Opera-Three-Stone-Diamond-Ring-14K-Gold-BE1D9008-76785957\3d_model\BE1D9008_AS_200ct_RENDER.glb
1D9008,CU,cushion,luxe-opera-three-stone-diamond-ring-cushion-cut-center-stone,C:\brileent earth\1D9008_Luxe-Opera-Three-Stone-Diamond-Ring-14K-Gold-BE1D9008-76785957\3d_model\BE1D9008_CU_200ct_RENDER.glb
1D9008,EM,emerald,luxe-opera-three-stone-diamond-ring-emerald-cut-center-stone,C:\brileent earth\1D9008_Luxe-Opera-Three-Stone-Diamond-Ring-14K-Gold-BE1D9008-76785957\3d_model\BE1D9008_EM_200ct_RENDER.glb
1D9008,MQ,marquise,luxe-opera-three-stone-diamond-ring-marquise-center-stone,C:\brileent earth\1D9008_Luxe-Opera-Three-Stone-Diamond-Ring-14K-Gold-BE1D9008-76785957\3d_model\BE1D9008_MQ_200ct_RENDER.glb
1D9008,OV,oval,luxe-opera-three-stone-diamond-ring-oval-center-stone,C:\brileent earth\1D9008_Luxe-Opera-Three-Stone-Diamond-Ring-14K-Gold-BE1D9008-76785957\3d_model\BE1D9008_OV_200ct_RENDER.glb
1D9008,PE,pear,luxe-opera-three-stone-diamond-ring-pear-center-stone,C:\brileent earth\1D9008_Luxe-Opera-Three-Stone-Diamond-Ring-14K-Gold-BE1D9008-76785957\3d_model\BE1D9008_PE_200ct_RENDER.glb
1D9008,PR,princess,luxe-opera-three-stone-diamond-ring-princess-cut-center-stone,C:\brileent earth\1D9008_Luxe-Opera-Three-Stone-Diamond-Ring-14K-Gold-BE1D9008-76785957\3d_model\BE1D9008_PR_200ct_RENDER.glb
1D9008,RA,radiant,luxe-opera-three-stone-diamond-ring-radiant-cut-center-stone,C:\brileent earth\1D9008_Luxe-Opera-Three-Stone-Diamond-Ring-14K-Gold-BE1D9008-76785957\3d_model\BE1D9008_RA_200ct_RENDER.glb
1D9008,RD,round,luxe-opera-three-stone-diamond-ring-round-center-stone,C:\brileent earth\1D9008_Luxe-Opera-Three-Stone-Diamond-Ring-14K-Gold-BE1D9008-76785957\3d_model\BE1D9008_RD_200ct_RENDER.glb
1D90270,EM,,haiden-bezel-ring,C:\brileent earth\1D90270_Haiden-Bezel-Ring-14K-Gold-BE1D90270-76823220\3d_model\BE1D90270_EM_200ct_RENDER.glb
1D90270,RA,,haiden-bezel-ring,C:\brileent earth\1D90270_Haiden-Bezel-Ring-14K-Gold-BE1D90270-76823220\3d_model\BE1D90270_RA_200ct_RENDER.glb
1D9140,AS,asscher,dawn-1-5mm-diamond-ring-asscher-cut-center-stone,C:\brileent earth\1D9140_Dawn-1_5mm-Diamond-Ring-14K-Gold-BE1D9140-76788464\3d_model\BE1D9140_AS_200ct_RENDER.glb
1D9140,CU,cushion,dawn-1-5mm-diamond-ring-cushion-cut-center-stone,C:\brileent earth\1D9140_Dawn-1_5mm-Diamond-Ring-14K-Gold-BE1D9140-76788464\3d_model\BE1D9140_CU_200ct_RENDER.glb
1D9140,EM,emerald,dawn-1-5mm-diamond-ring-emerald-cut-center-stone,C:\brileent earth\1D9140_Dawn-1_5mm-Diamond-Ring-14K-Gold-BE1D9140-76788464\3d_model\BE1D9140_EM_200ct_RENDER.glb
1D9140,MQ,marquise,dawn-1-5mm-diamond-ring-marquise-center-stone,C:\brileent earth\1D9140_Dawn-1_5mm-Diamond-Ring-14K-Gold-BE1D9140-76788464\3d_model\BE1D9140_MQ_200ct_RENDER.glb
1D9140,OV,oval,dawn-1-5mm-diamond-ring-oval-center-stone,C:\brileent earth\1D9140_Dawn-1_5mm-Diamond-Ring-14K-Gold-BE1D9140-76788464\3d_model\BE1D9140_OV_200ct_RENDER.glb
1D9140,PE,pear,dawn-1-5mm-diamond-ring-pear-center-stone,C:\brileent earth\1D9140_Dawn-1_5mm-Diamond-Ring-14K-Gold-BE1D9140-76788464\3d_model\BE1D9140_PE_200ct_RENDER.glb
1D9140,PR,princess,dawn-1-5mm-diamond-ring-princess-cut-center-stone,C:\brileent earth\1D9140_Dawn-1_5mm-Diamond-Ring-14K-Gold-BE1D9140-76788464\3d_model\BE1D9140_PR_200ct_RENDER.glb
1D9140,RA,radiant,dawn-1-5mm-diamond-ring-radiant-cut-center-stone,C:\brileent earth\1D9140_Dawn-1_5mm-Diamond-Ring-14K-Gold-BE1D9140-76788464\3d_model\BE1D9140_RA_200ct_RENDER.glb
1D9140,RD,round,dawn-1-5mm-diamond-ring-round-center-stone,C:\brileent earth\1D9140_Dawn-1_5mm-Diamond-Ring-14K-Gold-BE1D9140-76788464\3d_model\BE1D9140_RD_200ct_RENDER.glb
1D9213,AS,asscher,chantal-diamond-ring-asscher-cut-center-stone,C:\brileent earth\1D9213_Chantal-Diamond-Ring-14K-White-Gold-BE1D9213-76787296\3d_model\BE1D9213_AS_200ct_RENDER.glb
1D9213,CU,cushion,chantal-diamond-ring-cushion-cut-center-stone,C:\brileent earth\1D9213_Chantal-Diamond-Ring-14K-White-Gold-BE1D9213-76787296\3d_model\BE1D9213_CU_200ct_RENDER.glb
1D9213,EM,emerald,chantal-diamond-ring-emerald-cut-center-stone,C:\brileent earth\1D9213_Chantal-Diamond-Ring-14K-White-Gold-BE1D9213-76787296\3d_model\BE1D9213_EM_200ct_RENDER.glb
1D9213,MQ,marquise,chantal-diamond-ring-marquise-center-stone,C:\brileent earth\1D9213_Chantal-Diamond-Ring-14K-White-Gold-BE1D9213-76787296\3d_model\BE1D9213_MQ_200ct_RENDER.glb
1D9213,OV,oval,chantal-diamond-ring-oval-center-stone,C:\brileent earth\1D9213_Chantal-Diamond-Ring-14K-White-Gold-BE1D9213-76787296\3d_model\BE1D9213_OV_200ct_RENDER.glb
1D9213,PE,pear,chantal-diamond-ring-pear-center-stone,C:\brileent earth\1D9213_Chantal-Diamond-Ring-14K-White-Gold-BE1D9213-76787296\3d_model\BE1D9213_PE_200ct_RENDER.glb
1D9213,PR,princess,chantal-diamond-ring-princess-cut-center-stone,C:\brileent earth\1D9213_Chantal-Diamond-Ring-14K-White-Gold-BE1D9213-76787296\3d_model\BE1D9213_PR_200ct_RENDER.glb
1D9213,RA,radiant,chantal-diamond-ring-radiant-cut-center-stone,C:\brileent earth\1D9213_Chantal-Diamond-Ring-14K-White-Gold-BE1D9213-76787296\3d_model\BE1D9213_RA_200ct_RENDER.glb
1D9213,RD,round,chantal-diamond-ring-round-center-stone,C:\brileent earth\1D9213_Chantal-Diamond-Ring-14K-White-Gold-BE1D9213-76787296\3d_model\BE1D9213_RD_200ct_RENDER.glb
1D9240,AS,asscher,luxe-dawn-diamond-ring-asscher-cut-center-stone,C:\brileent earth\1D9240_Luxe-Dawn-Diamond-Ring-14K-White-Gold-BE1D9240-76785968\3d_model\BE1D9240_AS_200ct_RENDER.glb
1D9240,CU,cushion,luxe-dawn-diamond-ring-cushion-cut-center-stone,C:\brileent earth\1D9240_Luxe-Dawn-Diamond-Ring-14K-White-Gold-BE1D9240-76785968\3d_model\BE1D9240_CU_200ct_RENDER.glb
1D9240,EM,emerald,luxe-dawn-diamond-ring-emerald-cut-center-stone,C:\brileent earth\1D9240_Luxe-Dawn-Diamond-Ring-14K-White-Gold-BE1D9240-76785968\3d_model\BE1D9240_EM_200ct_RENDER.glb
1D9240,MQ,marquise,luxe-dawn-diamond-ring-marquise-center-stone,C:\brileent earth\1D9240_Luxe-Dawn-Diamond-Ring-14K-White-Gold-BE1D9240-76785968\3d_model\BE1D9240_MQ_200ct_RENDER.glb
1D9240,OV,oval,luxe-dawn-diamond-ring-oval-center-stone,C:\brileent earth\1D9240_Luxe-Dawn-Diamond-Ring-14K-White-Gold-BE1D9240-76785968\3d_model\BE1D9240_OV_200ct_RENDER.glb
1D9240,PE,pear,luxe-dawn-diamond-ring-pear-center-stone,C:\brileent earth\1D9240_Luxe-Dawn-Diamond-Ring-14K-White-Gold-BE1D9240-76785968\3d_model\BE1D9240_PE_200ct_RENDER.glb
1D9240,PR,princess,luxe-dawn-diamond-ring-princess-cut-center-stone,C:\brileent earth\1D9240_Luxe-Dawn-Diamond-Ring-14K-White-Gold-BE1D9240-76785968\3d_model\BE1D9240_PR_200ct_RENDER.glb
1D9240,RA,radiant,luxe-dawn-diamond-ring-radiant-cut-center-stone,C:\brileent earth\1D9240_Luxe-Dawn-Diamond-Ring-14K-White-Gold-BE1D9240-76785968\3d_model\BE1D9240_RA_200ct_RENDER.glb
1D9240,RD,round,luxe-dawn-diamond-ring-round-center-stone,C:\brileent earth\1D9240_Luxe-Dawn-Diamond-Ring-14K-White-Gold-BE1D9240-76785968\3d_model\BE1D9240_RD_200ct_RENDER.glb
1D928,AS,asscher,lumiere-1-5mm-diamond-ring-asscher-cut-center-stone,C:\brileent earth\1D928_Lumiere-1_5mm-Diamond-Ring-14K-Gold-BE1D928-76823768\3d_model\BE1D928_AS_200ct_RENDER.glb
1D928,CU,cushion,lumiere-1-5mm-diamond-ring-cushion-cut-center-stone,C:\brileent earth\1D928_Lumiere-1_5mm-Diamond-Ring-14K-Gold-BE1D928-76823768\3d_model\BE1D928_CU_200ct_RENDER.glb
1D928,EM,emerald,lumiere-1-5mm-diamond-ring-emerald-cut-center-stone,C:\brileent earth\1D928_Lumiere-1_5mm-Diamond-Ring-14K-Gold-BE1D928-76823768\3d_model\BE1D928_EM_200ct_RENDER.glb
1D928,MQ,marquise,lumiere-1-5mm-diamond-ring-marquise-center-stone,C:\brileent earth\1D928_Lumiere-1_5mm-Diamond-Ring-14K-Gold-BE1D928-76823768\3d_model\BE1D928_MQ_200ct_RENDER.glb
1D928,OV,oval,lumiere-1-5mm-diamond-ring-oval-center-stone,C:\brileent earth\1D928_Lumiere-1_5mm-Diamond-Ring-14K-Gold-BE1D928-76823768\3d_model\BE1D928_OV_200ct_RENDER.glb
1D928,PE,pear,lumiere-1-5mm-diamond-ring-pear-center-stone,C:\brileent earth\1D928_Lumiere-1_5mm-Diamond-Ring-14K-Gold-BE1D928-76823768\3d_model\BE1D928_PE_200ct_RENDER.glb
1D928,PR,princess,lumiere-1-5mm-diamond-ring-princess-cut-center-stone,C:\brileent earth\1D928_Lumiere-1_5mm-Diamond-Ring-14K-Gold-BE1D928-76823768\3d_model\BE1D928_PR_200ct_RENDER.glb
1D928,RA,radiant,lumiere-1-5mm-diamond-ring-radiant-cut-center-stone,C:\brileent earth\1D928_Lumiere-1_5mm-Diamond-Ring-14K-Gold-BE1D928-76823768\3d_model\BE1D928_RA_200ct_RENDER.glb
1D928,RD,round,lumiere-1-5mm-diamond-ring-round-center-stone,C:\brileent earth\1D928_Lumiere-1_5mm-Diamond-Ring-14K-Gold-BE1D928-76823768\3d_model\BE1D928_RD_200ct_RENDER.glb
1D9292,AS,asscher,rhiannon-emerald-cut-three-stone-diamond-ring-1-2-ct-tw-asscher-cut-center-stone,C:\brileent earth\1D9292_Rhiannon-Emerald-Cut-Three-Stone-Diamond-Ring-_1_2-ct_-tw_-14K-Gold-BE1D9292-76788943\3d_model\BE1D9292_AS_200ct_RENDER.glb
1D9292,CU,cushion,rhiannon-emerald-cut-three-stone-diamond-ring-1-2-ct-tw-cushion-cut-center-stone,C:\brileent earth\1D9292_Rhiannon-Emerald-Cut-Three-Stone-Diamond-Ring-_1_2-ct_-tw_-14K-Gold-BE1D9292-76788943\3d_model\BE1D9292_CU_200ct_RENDER.glb
1D9292,EM,emerald,rhiannon-emerald-cut-three-stone-diamond-ring-1-2-ct-tw-asscher-cut-center-stone,C:\brileent earth\1D9292_Rhiannon-Emerald-Cut-Three-Stone-Diamond-Ring-_1_2-ct_-tw_-14K-Gold-BE1D9292-76788943\3d_model\BE1D9292_EM_200ct_RENDER.glb
1D9292,MQ,marquise,rhiannon-emerald-cut-three-stone-diamond-ring-1-2-ct-tw-marquise-center-stone,C:\brileent earth\1D9292_Rhiannon-Emerald-Cut-Three-Stone-Diamond-Ring-_1_2-ct_-tw_-14K-Gold-BE1D9292-76788943\3d_model\BE1D9292_MQ_200ct_RENDER.glb
1D9292,OV,oval,rhiannon-emerald-cut-three-stone-diamond-ring-1-2-ct-tw-oval-center-stone,C:\brileent earth\1D9292_Rhiannon-Emerald-Cut-Three-Stone-Diamond-Ring-_1_2-ct_-tw_-14K-Gold-BE1D9292-76788943\3d_model\BE1D9292_OV_200ct_RENDER.glb
1D9292,PE,pear,rhiannon-emerald-cut-three-stone-diamond-ring-1-2-ct-tw-pear-center-stone,C:\brileent earth\1D9292_Rhiannon-Emerald-Cut-Three-Stone-Diamond-Ring-_1_2-ct_-tw_-14K-Gold-BE1D9292-76788943\3d_model\BE1D9292_PE_200ct_RENDER.glb
1D9292,PR,princess,rhiannon-emerald-cut-three-stone-diamond-ring-1-2-ct-tw-princess-cut-center-stone,C:\brileent earth\1D9292_Rhiannon-Emerald-Cut-Three-Stone-Diamond-Ring-_1_2-ct_-tw_-14K-Gold-BE1D9292-76788943\3d_model\BE1D9292_PR_200ct_RENDER.glb
1D9292,RA,radiant,rhiannon-emerald-cut-three-stone-diamond-ring-1-2-ct-tw-radiant-cut-center-stone,C:\brileent earth\1D9292_Rhiannon-Emerald-Cut-Three-Stone-Diamond-Ring-_1_2-ct_-tw_-14K-Gold-BE1D9292-76788943\3d_model\BE1D9292_RA_200ct_RENDER.glb
1D9292,RD,round,rhiannon-emerald-cut-three-stone-diamond-ring-1-2-ct-tw-round-center-stone,C:\brileent earth\1D9292_Rhiannon-Emerald-Cut-Three-Stone-Diamond-Ring-_1_2-ct_-tw_-14K-Gold-BE1D9292-76788943\3d_model\BE1D9292_RD_200ct_RENDER.glb
1D946,AS,asscher,luxe-secret-garden-three-stone-diamond-ring-1-ct-tw-asscher-cut-center-stone,C:\brileent earth\1D946_Luxe-Secret-Garden-Three-Stone-Diamond-Ring-_1-ct_-tw_-Rose-Gold-BE1D946-39384897\3d_model\BE1D946_AS_200ct_RENDER.glb
1D946,CU,cushion,luxe-secret-garden-three-stone-diamond-ring-1-ct-tw-cushion-cut-center-stone,C:\brileent earth\1D946_Luxe-Secret-Garden-Three-Stone-Diamond-Ring-_1-ct_-tw_-Rose-Gold-BE1D946-39384897\3d_model\BE1D946_CU_200ct_RENDER.glb
1D946,EM,emerald,luxe-secret-garden-three-stone-diamond-ring-1-ct-tw-emerald-cut-center-stone,C:\brileent earth\1D946_Luxe-Secret-Garden-Three-Stone-Diamond-Ring-_1-ct_-tw_-Rose-Gold-BE1D946-39384897\3d_model\BE1D946_EM_200ct_RENDER.glb
1D946,MQ,marquise,luxe-secret-garden-three-stone-diamond-ring-1-ct-tw-marquise-center-stone,C:\brileent earth\1D946_Luxe-Secret-Garden-Three-Stone-Diamond-Ring-_1-ct_-tw_-Rose-Gold-BE1D946-39384897\3d_model\BE1D946_MQ_200ct_RENDER.glb
1D946,OV,oval,luxe-secret-garden-three-stone-diamond-ring-1-ct-tw-oval-center-stone,C:\brileent earth\1D946_Luxe-Secret-Garden-Three-Stone-Diamond-Ring-_1-ct_-tw_-Rose-Gold-BE1D946-39384897\3d_model\BE1D946_OV_200ct_RENDER.glb
1D946,PE,pear,luxe-secret-garden-three-stone-diamond-ring-1-ct-tw-pear-center-stone,C:\brileent earth\1D946_Luxe-Secret-Garden-Three-Stone-Diamond-Ring-_1-ct_-tw_-Rose-Gold-BE1D946-39384897\3d_model\BE1D946_PE_200ct_RENDER.glb
1D946,PR,princess,luxe-secret-garden-three-stone-diamond-ring-1-ct-tw-princess-cut-center-stone,C:\brileent earth\1D946_Luxe-Secret-Garden-Three-Stone-Diamond-Ring-_1-ct_-tw_-Rose-Gold-BE1D946-39384897\3d_model\BE1D946_PR_200ct_RENDER.glb
1D946,RA,radiant,luxe-secret-garden-three-stone-diamond-ring-1-ct-tw-radiant-cut-center-stone,C:\brileent earth\1D946_Luxe-Secret-Garden-Three-Stone-Diamond-Ring-_1-ct_-tw_-Rose-Gold-BE1D946-39384897\3d_model\BE1D946_RA_200ct_RENDER.glb
1D946,RD,round,luxe-secret-garden-three-stone-diamond-ring-1-ct-tw-round-center-stone,C:\brileent earth\1D946_Luxe-Secret-Garden-Three-Stone-Diamond-Ring-_1-ct_-tw_-Rose-Gold-BE1D946-39384897\3d_model\BE1D946_RD_200ct_RENDER.glb
1D964,AS,asscher,secret-halo-2mm-diamond-ring-asscher-cut-center-stone,C:\brileent earth\1D964_Secret-Halo-2mm-Diamond-Ring-14K-Gold-BE1D964-76786003\3d_model\BE1D964_AS_200ct_RENDER.glb
1D964,CU,cushion,secret-halo-2mm-diamond-ring-cushion-cut-center-stone,C:\brileent earth\1D964_Secret-Halo-2mm-Diamond-Ring-14K-Gold-BE1D964-76786003\3d_model\BE1D964_CU_200ct_RENDER.glb
1D964,EM,emerald,secret-halo-2mm-diamond-ring-emerald-cut-center-stone,C:\brileent earth\1D964_Secret-Halo-2mm-Diamond-Ring-14K-Gold-BE1D964-76786003\3d_model\BE1D964_EM_200ct_RENDER.glb
1D964,MQ,marquise,secret-halo-2mm-diamond-ring-marquise-center-stone,C:\brileent earth\1D964_Secret-Halo-2mm-Diamond-Ring-14K-Gold-BE1D964-76786003\3d_model\BE1D964_MQ_200ct_RENDER.glb
1D964,OV,oval,secret-halo-2mm-diamond-ring-oval-center-stone,C:\brileent earth\1D964_Secret-Halo-2mm-Diamond-Ring-14K-Gold-BE1D964-76786003\3d_model\BE1D964_OV_200ct_RENDER.glb
1D964,PE,pear,secret-halo-2mm-diamond-ring-pear-center-stone,C:\brileent earth\1D964_Secret-Halo-2mm-Diamond-Ring-14K-Gold-BE1D964-76786003\3d_model\BE1D964_PE_200ct_RENDER.glb
1D964,PR,princess,secret-halo-2mm-diamond-ring-princess-cut-center-stone,C:\brileent earth\1D964_Secret-Halo-2mm-Diamond-Ring-14K-Gold-BE1D964-76786003\3d_model\BE1D964_PR_200ct_RENDER.glb
1D964,RA,radiant,secret-halo-2mm-diamond-ring-radiant-cut-center-stone,C:\brileent earth\1D964_Secret-Halo-2mm-Diamond-Ring-14K-Gold-BE1D964-76786003\3d_model\BE1D964_RA_200ct_RENDER.glb
1D964,RD,round,secret-halo-2mm-diamond-ring-round-center-stone,C:\brileent earth\1D964_Secret-Halo-2mm-Diamond-Ring-14K-Gold-BE1D964-76786003\3d_model\BE1D964_RD_200ct_RENDER.glb
1D9683,AS,asscher,summer-blossom-diamond-ring-1-4-ct-tw-asscher-cut-center-stone,C:\brileent earth\1D9683_Summer-Blossom-Diamond-Ring-_1_4-ct_-tw_-Rose-Gold-BE1D9683-8724777\3d_model\BE1D9683_AS_200ct_RENDER.glb
1D9683,CU,cushion,summer-blossom-diamond-ring-1-4-ct-tw-cushion-cut-center-stone,C:\brileent earth\1D9683_Summer-Blossom-Diamond-Ring-_1_4-ct_-tw_-Rose-Gold-BE1D9683-8724777\3d_model\BE1D9683_CU_200ct_RENDER.glb
1D9683,EM,emerald,summer-blossom-diamond-ring-1-4-ct-tw-emerald-cut-center-stone,C:\brileent earth\1D9683_Summer-Blossom-Diamond-Ring-_1_4-ct_-tw_-Rose-Gold-BE1D9683-8724777\3d_model\BE1D9683_EM_200ct_RENDER.glb
1D9683,MQ,marquise,summer-blossom-diamond-ring-1-4-ct-tw-marquise-cut-center-stone,C:\brileent earth\1D9683_Summer-Blossom-Diamond-Ring-_1_4-ct_-tw_-Rose-Gold-BE1D9683-8724777\3d_model\BE1D9683_MQ_200ct_RENDER.glb
1D9683,OV,oval,summer-blossom-diamond-ring-1-4-ct-tw-oval-cut-center-stone,C:\brileent earth\1D9683_Summer-Blossom-Diamond-Ring-_1_4-ct_-tw_-Rose-Gold-BE1D9683-8724777\3d_model\BE1D9683_OV_200ct_RENDER.glb
1D9683,PE,pear,summer-blossom-diamond-ring-1-4-ct-tw-pear-cut-center-stone,C:\brileent earth\1D9683_Summer-Blossom-Diamond-Ring-_1_4-ct_-tw_-Rose-Gold-BE1D9683-8724777\3d_model\BE1D9683_PE_200ct_RENDER.glb
1D9683,PR,princess,summer-blossom-diamond-ring-1-4-ct-tw-princess-cut-center-stone,C:\brileent earth\1D9683_Summer-Blossom-Diamond-Ring-_1_4-ct_-tw_-Rose-Gold-BE1D9683-8724777\3d_model\BE1D9683_PR_200ct_RENDER.glb
1D9683,RA,radiant,summer-blossom-diamond-ring-1-4-ct-tw-radiant-cut-center-stone,C:\brileent earth\1D9683_Summer-Blossom-Diamond-Ring-_1_4-ct_-tw_-Rose-Gold-BE1D9683-8724777\3d_model\BE1D9683_RA_200ct_RENDER.glb
1D9683,RD,round,summer-blossom-diamond-ring-1-4-ct-tw-round-cut-center-stone,C:\brileent earth\1D9683_Summer-Blossom-Diamond-Ring-_1_4-ct_-tw_-Rose-Gold-BE1D9683-8724777\3d_model\BE1D9683_RD_200ct_RENDER.glb
1D974,AS,asscher,luxe-nadia-three-stone-diamond-ring-asscher-cut-center-stone,C:\brileent earth\1D974_Luxe-Nadia-Three-Stone-Diamond-Ring-14K-Gold-BE1D974-76788476\3d_model\BE1D974_AS_200ct_RENDER.glb
1D974,CU,cushion,luxe-nadia-three-stone-diamond-ring-cushion-cut-center-stone,C:\brileent earth\1D974_Luxe-Nadia-Three-Stone-Diamond-Ring-14K-Gold-BE1D974-76788476\3d_model\BE1D974_CU_200ct_RENDER.glb
1D974,EM,emerald,luxe-nadia-three-stone-diamond-ring-emerald-cut-center-stone,C:\brileent earth\1D974_Luxe-Nadia-Three-Stone-Diamond-Ring-14K-Gold-BE1D974-76788476\3d_model\BE1D974_EM_200ct_RENDER.glb
1D974,HT,heart,luxe-nadia-three-stone-diamond-ring-heart-center-stone,C:\brileent earth\1D974_Luxe-Nadia-Three-Stone-Diamond-Ring-14K-Gold-BE1D974-76788476\3d_model\BE1D974_HT_200ct_RENDER.glb
1D974,MQ,marquise,luxe-nadia-three-stone-diamond-ring-marquise-center-stone,C:\brileent earth\1D974_Luxe-Nadia-Three-Stone-Diamond-Ring-14K-Gold-BE1D974-76788476\3d_model\BE1D974_MQ_200ct_RENDER.glb
1D974,OV,oval,luxe-nadia-three-stone-diamond-ring-oval-center-stone,C:\brileent earth\1D974_Luxe-Nadia-Three-Stone-Diamond-Ring-14K-Gold-BE1D974-76788476\3d_model\BE1D974_OV_200ct_RENDER.glb
1D974,PE,pear,luxe-nadia-three-stone-diamond-ring-pear-center-stone,C:\brileent earth\1D974_Luxe-Nadia-Three-Stone-Diamond-Ring-14K-Gold-BE1D974-76788476\3d_model\BE1D974_PE_200ct_RENDER.glb
1D974,PR,princess,luxe-nadia-three-stone-diamond-ring-princess-cut-center-stone,C:\brileent earth\1D974_Luxe-Nadia-Three-Stone-Diamond-Ring-14K-Gold-BE1D974-76788476\3d_model\BE1D974_PR_200ct_RENDER.glb
1D974,RA,radiant,luxe-nadia-three-stone-diamond-ring-radiant-cut-center-stone,C:\brileent earth\1D974_Luxe-Nadia-Three-Stone-Diamond-Ring-14K-Gold-BE1D974-76788476\3d_model\BE1D974_RA_200ct_RENDER.glb
1D974,RD,round,luxe-nadia-three-stone-diamond-ring-round-center-stone,C:\brileent earth\1D974_Luxe-Nadia-Three-Stone-Diamond-Ring-14K-Gold-BE1D974-76788476\3d_model\BE1D974_RD_200ct_RENDER.glb
1D9865,MQ,marquise,esme-hidden-halo-diamond-ring-marquise-center-stone,C:\brileent earth\1D9865_Esme-Hidden-Halo-Diamond-Ring-14K-Gold-BE1D9865-76789108\3d_model\BE1D9865_MQ_200ct_RENDER.glb
1D9865,OV,oval,esme-hidden-halo-diamond-ring-oval-center-stone,C:\brileent earth\1D9865_Esme-Hidden-Halo-Diamond-Ring-14K-Gold-BE1D9865-76789108\3d_model\BE1D9865_OV_200ct_RENDER.glb
1D9865,PE,pear,esme-hidden-halo-diamond-ring-pear-center-stone,C:\brileent earth\1D9865_Esme-Hidden-Halo-Diamond-Ring-14K-Gold-BE1D9865-76789108\3d_model\BE1D9865_PE_200ct_RENDER.glb
1D9865,RD,round,esme-hidden-halo-diamond-ring-round-center-stone,C:\brileent earth\1D9865_Esme-Hidden-Halo-Diamond-Ring-14K-Gold-BE1D9865-76789108\3d_model\BE1D9865_RD_200ct_RENDER.glb
1D9876,MQ,marquise,sydney-perfect-fit-hidden-halo-six-prong-diamond-ring-marquise-center-stone,C:\brileent earth\1D9876_Sydney-Perfect-Fit-Hidden-Halo-Six-Prong-Diamond-Ring-14K-Gold-BE1D9876-76787127\3d_model\BE1D9876_MQ_200ct_RENDER.glb
1D9876,OV,oval,sydney-perfect-fit-hidden-halo-six-prong-diamond-ring-oval-center-stone,C:\brileent earth\1D9876_Sydney-Perfect-Fit-Hidden-Halo-Six-Prong-Diamond-Ring-14K-Gold-BE1D9876-76787127\3d_model\BE1D9876_OV_200ct_RENDER.glb
1D9876,PE,pear,sydney-perfect-fit-hidden-halo-six-prong-diamond-ring-pear-center-stone,C:\brileent earth\1D9876_Sydney-Perfect-Fit-Hidden-Halo-Six-Prong-Diamond-Ring-14K-Gold-BE1D9876-76787127\3d_model\BE1D9876_PE_200ct_RENDER.glb
1D9876,RD,round,sydney-perfect-fit-hidden-halo-six-prong-diamond-ring-round-center-stone,C:\brileent earth\1D9876_Sydney-Perfect-Fit-Hidden-Halo-Six-Prong-Diamond-Ring-14K-Gold-BE1D9876-76787127\3d_model\BE1D9876_RD_200ct_RENDER.glb
1D9898,AS,asscher,grand-secret-garden-diamond-ring-asscher-cut-center-stone,C:\brileent earth\1D9898_Grand-Secret-Garden-Diamond-Ring-14K-White-Gold-BE1D9898-76788370\3d_model\BE1D9898_AS_200ct_RENDER.glb
1D9898,CU,cushion,grand-secret-garden-diamond-ring-cushion-cut-center-stone,C:\brileent earth\1D9898_Grand-Secret-Garden-Diamond-Ring-14K-White-Gold-BE1D9898-76788370\3d_model\BE1D9898_CU_200ct_RENDER.glb
1D9898,EM,emerald,grand-secret-garden-diamond-ring-emerald-cut-center-stone,C:\brileent earth\1D9898_Grand-Secret-Garden-Diamond-Ring-14K-White-Gold-BE1D9898-76788370\3d_model\BE1D9898_EM_200ct_RENDER.glb
1D9898,MQ,marquise,grand-secret-garden-diamond-ring-marquise-center-stone,C:\brileent earth\1D9898_Grand-Secret-Garden-Diamond-Ring-14K-White-Gold-BE1D9898-76788370\3d_model\BE1D9898_MQ_200ct_RENDER.glb
1D9898,OV,oval,grand-secret-garden-diamond-ring-oval-center-stone,C:\brileent earth\1D9898_Grand-Secret-Garden-Diamond-Ring-14K-White-Gold-BE1D9898-76788370\3d_model\BE1D9898_OV_200ct_RENDER.glb
1D9898,PE,pear,grand-secret-garden-diamond-ring-pear-center-stone,C:\brileent earth\1D9898_Grand-Secret-Garden-Diamond-Ring-14K-White-Gold-BE1D9898-76788370\3d_model\BE1D9898_PE_200ct_RENDER.glb
1D9898,PR,princess,grand-secret-garden-diamond-ring-princess-cut-center-stone,C:\brileent earth\1D9898_Grand-Secret-Garden-Diamond-Ring-14K-White-Gold-BE1D9898-76788370\3d_model\BE1D9898_PR_200ct_RENDER.glb
1D9898,RA,radiant,grand-secret-garden-diamond-ring-radiant-cut-center-stone,C:\brileent earth\1D9898_Grand-Secret-Garden-Diamond-Ring-14K-White-Gold-BE1D9898-76788370\3d_model\BE1D9898_RA_200ct_RENDER.glb
1D9898,RD,round,grand-secret-garden-diamond-ring-round-center-stone,C:\brileent earth\1D9898_Grand-Secret-Garden-Diamond-Ring-14K-White-Gold-BE1D9898-76788370\3d_model\BE1D9898_RD_200ct_RENDER.glb
1DAS2R30,AS,asscher,antique-scroll-engraved-three-stone-diamond-ring-1-3-ct-tw-asscher-cut-center-stone,C:\brileent earth\1DAS2R30_Antique-Scroll-Engraved-Three-Stone-Diamond-Ring-_1_3-ct_-tw_-14K-Gold-BE1DAS2R30-81831797\3d_model\BE1DAS2R30_AS_200ct_RENDER.glb
1DAS2R30,CU,cushion,antique-scroll-engraved-three-stone-diamond-ring-1-3-ct-tw-cushion-cut-center-stone,C:\brileent earth\1DAS2R30_Antique-Scroll-Engraved-Three-Stone-Diamond-Ring-_1_3-ct_-tw_-14K-Gold-BE1DAS2R30-81831797\3d_model\BE1DAS2R30_CU_200ct_RENDER.glb
1DAS2R30,EM,emerald,antique-scroll-engraved-three-stone-diamond-ring-1-3-ct-tw-emerald-cut-center-stone,C:\brileent earth\1DAS2R30_Antique-Scroll-Engraved-Three-Stone-Diamond-Ring-_1_3-ct_-tw_-14K-Gold-BE1DAS2R30-81831797\3d_model\BE1DAS2R30_EM_200ct_RENDER.glb
1DAS2R30,MQ,marquise,antique-scroll-engraved-three-stone-diamond-ring-1-3-ct-tw-marquise-center-stone,C:\brileent earth\1DAS2R30_Antique-Scroll-Engraved-Three-Stone-Diamond-Ring-_1_3-ct_-tw_-14K-Gold-BE1DAS2R30-81831797\3d_model\BE1DAS2R30_MQ_200ct_RENDER.glb
1DAS2R30,OV,oval,antique-scroll-engraved-three-stone-diamond-ring-1-3-ct-tw-oval-center-stone,C:\brileent earth\1DAS2R30_Antique-Scroll-Engraved-Three-Stone-Diamond-Ring-_1_3-ct_-tw_-14K-Gold-BE1DAS2R30-81831797\3d_model\BE1DAS2R30_OV_200ct_RENDER.glb
1DAS2R30,PE,pear,antique-scroll-engraved-three-stone-diamond-ring-1-3-ct-tw-pear-center-stone,C:\brileent earth\1DAS2R30_Antique-Scroll-Engraved-Three-Stone-Diamond-Ring-_1_3-ct_-tw_-14K-Gold-BE1DAS2R30-81831797\3d_model\BE1DAS2R30_PE_200ct_RENDER.glb
1DAS2R30,PR,princess,antique-scroll-engraved-three-stone-diamond-ring-1-3-ct-tw-princess-cut-center-stone,C:\brileent earth\1DAS2R30_Antique-Scroll-Engraved-Three-Stone-Diamond-Ring-_1_3-ct_-tw_-14K-Gold-BE1DAS2R30-81831797\3d_model\BE1DAS2R30_PR_200ct_RENDER.glb
1DAS2R30,RA,radiant,antique-scroll-engraved-three-stone-diamond-ring-1-3-ct-tw-radiant-cut-center-stone,C:\brileent earth\1DAS2R30_Antique-Scroll-Engraved-Three-Stone-Diamond-Ring-_1_3-ct_-tw_-14K-Gold-BE1DAS2R30-81831797\3d_model\BE1DAS2R30_RA_200ct_RENDER.glb
1DAS2R30,RD,round,antique-scroll-engraved-three-stone-diamond-ring-1-3-ct-tw-round-center-stone,C:\brileent earth\1DAS2R30_Antique-Scroll-Engraved-Three-Stone-Diamond-Ring-_1_3-ct_-tw_-14K-Gold-BE1DAS2R30-81831797\3d_model\BE1DAS2R30_RD_200ct_RENDER.glb
1FM0126,HT,heart,fairmined-2mm-six-prong-solitaire-ring-heart-center-stone,C:\brileent earth\1FM0126_Fairmined-2mm-Six-Prong-Solitaire-Ring-Gold-BE1FM0126-24910022\3d_model\BE1FM0126_HT_200ct_RENDER.glb
1FM0126,MQ,marquise,fairmined-2mm-six-prong-solitaire-ring-marquise-center-stone,C:\brileent earth\1FM0126_Fairmined-2mm-Six-Prong-Solitaire-Ring-Gold-BE1FM0126-24910022\3d_model\BE1FM0126_MQ_200ct_RENDER.glb
1FM0126,OV,oval,fairmined-2mm-six-prong-solitaire-ring-oval-center-stone,C:\brileent earth\1FM0126_Fairmined-2mm-Six-Prong-Solitaire-Ring-Gold-BE1FM0126-24910022\3d_model\BE1FM0126_OV_200ct_RENDER.glb
1FM0126,PE,pear,fairmined-2mm-six-prong-solitaire-ring-pear-center-stone,C:\brileent earth\1FM0126_Fairmined-2mm-Six-Prong-Solitaire-Ring-Gold-BE1FM0126-24910022\3d_model\BE1FM0126_PE_200ct_RENDER.glb
1FM0126,RD,round,fairmined-2mm-six-prong-solitaire-ring-round-center-stone,C:\brileent earth\1FM0126_Fairmined-2mm-Six-Prong-Solitaire-Ring-Gold-BE1FM0126-24910022\3d_model\BE1FM0126_RD_200ct_RENDER.glb
1FM13,AS,asscher,fairmined-perfect-fit-solitaire-2mm-ring-asscher-cut-center-stone,C:\brileent earth\1FM13_Fairmined-Perfect-Fit-Solitaire-2mm-Ring-Gold-BE1FM13-35992047\3d_model\BE1FM13_AS_200ct_RENDER.glb
1FM13,CU,cushion,fairmined-perfect-fit-solitaire-2mm-ring-cushion-cut-center-stone,C:\brileent earth\1FM13_Fairmined-Perfect-Fit-Solitaire-2mm-Ring-Gold-BE1FM13-35992047\3d_model\BE1FM13_CU_200ct_RENDER.glb
1FM13,EM,emerald,fairmined-perfect-fit-solitaire-2mm-ring-emerald-cut-center-stone,C:\brileent earth\1FM13_Fairmined-Perfect-Fit-Solitaire-2mm-Ring-Gold-BE1FM13-35992047\3d_model\BE1FM13_EM_200ct_RENDER.glb
1FM13,HT,heart,fairmined-perfect-fit-solitaire-2mm-ring-heart-center-stone,C:\brileent earth\1FM13_Fairmined-Perfect-Fit-Solitaire-2mm-Ring-Gold-BE1FM13-35992047\3d_model\BE1FM13_HT_200ct_RENDER.glb
1FM13,MQ,marquise,fairmined-perfect-fit-solitaire-2mm-ring-marquise-center-stone,C:\brileent earth\1FM13_Fairmined-Perfect-Fit-Solitaire-2mm-Ring-Gold-BE1FM13-35992047\3d_model\BE1FM13_MQ_200ct_RENDER.glb
1FM13,OV,oval,fairmined-perfect-fit-solitaire-2mm-ring-oval-center-stone,C:\brileent earth\1FM13_Fairmined-Perfect-Fit-Solitaire-2mm-Ring-Gold-BE1FM13-35992047\3d_model\BE1FM13_OV_200ct_RENDER.glb
1FM13,PE,pear,fairmined-perfect-fit-solitaire-2mm-ring-pear-center-stone,C:\brileent earth\1FM13_Fairmined-Perfect-Fit-Solitaire-2mm-Ring-Gold-BE1FM13-35992047\3d_model\BE1FM13_PE_200ct_RENDER.glb
1FM13,PR,princess,fairmined-perfect-fit-solitaire-2mm-ring-princess-cut-center-stone,C:\brileent earth\1FM13_Fairmined-Perfect-Fit-Solitaire-2mm-Ring-Gold-BE1FM13-35992047\3d_model\BE1FM13_PR_200ct_RENDER.glb
1FM13,RA,radiant,fairmined-perfect-fit-solitaire-2mm-ring-radiant-cut-center-stone,C:\brileent earth\1FM13_Fairmined-Perfect-Fit-Solitaire-2mm-Ring-Gold-BE1FM13-35992047\3d_model\BE1FM13_RA_200ct_RENDER.glb
1FM13,RD,round,fairmined-perfect-fit-solitaire-2mm-ring-round-center-stone,C:\brileent earth\1FM13_Fairmined-Perfect-Fit-Solitaire-2mm-Ring-Gold-BE1FM13-35992047\3d_model\BE1FM13_RD_200ct_RENDER.glb
1FM199H6,HT,heart,fairmined-1-5mm-six-prong-solitaire-ring-heart-center-stone,C:\brileent earth\1FM199H6_Fairmined-1_5mm-Six-Prong-Solitaire-Ring-Gold-BE1FM199H6-24911025\3d_model\BE1FM199H6_HT_200ct_RENDER.glb
1FM199H6,MQ,marquise,fairmined-1-5mm-six-prong-solitaire-ring-marquise-center-stone,C:\brileent earth\1FM199H6_Fairmined-1_5mm-Six-Prong-Solitaire-Ring-Gold-BE1FM199H6-24911025\3d_model\BE1FM199H6_MQ_200ct_RENDER.glb
1FM199H6,OV,oval,fairmined-1-5mm-six-prong-solitaire-ring-oval-center-stone,C:\brileent earth\1FM199H6_Fairmined-1_5mm-Six-Prong-Solitaire-Ring-Gold-BE1FM199H6-24911025\3d_model\BE1FM199H6_OV_200ct_RENDER.glb
1FM199H6,PE,pear,fairmined-1-5mm-six-prong-solitaire-ring-pear-center-stone,C:\brileent earth\1FM199H6_Fairmined-1_5mm-Six-Prong-Solitaire-Ring-Gold-BE1FM199H6-24911025\3d_model\BE1FM199H6_PE_200ct_RENDER.glb
1FM199H6,RD,round,fairmined-1-5mm-six-prong-solitaire-ring-round-center-stone,C:\brileent earth\1FM199H6_Fairmined-1_5mm-Six-Prong-Solitaire-Ring-Gold-BE1FM199H6-24911025\3d_model\BE1FM199H6_RD_200ct_RENDER.glb
1FM199,AS,asscher,fairmined-1-5mm-comfort-fit-ring-asscher-cut-center-stone,C:\brileent earth\1FM199_Fairmined-1_5mm-Comfort-Fit-Ring-Gold-BE1FM199-24780127\3d_model\BE1FM199_AS_200ct_RENDER.glb
1FM199,CU,cushion,fairmined-1-5mm-comfort-fit-ring-cushion-cut-center-stone,C:\brileent earth\1FM199_Fairmined-1_5mm-Comfort-Fit-Ring-Gold-BE1FM199-24780127\3d_model\BE1FM199_CU_200ct_RENDER.glb
1FM199,EM,emerald,fairmined-1-5mm-comfort-fit-ring-emerald-cut-center-stone,C:\brileent earth\1FM199_Fairmined-1_5mm-Comfort-Fit-Ring-Gold-BE1FM199-24780127\3d_model\BE1FM199_EM_200ct_RENDER.glb
1FM199,OV,oval,fairmined-1-5mm-comfort-fit-ring-oval-center-stone,C:\brileent earth\1FM199_Fairmined-1_5mm-Comfort-Fit-Ring-Gold-BE1FM199-24780127\3d_model\BE1FM199_OV_200ct_RENDER.glb
1FM199,PR,princess,fairmined-1-5mm-comfort-fit-ring-princess-cut-center-stone,C:\brileent earth\1FM199_Fairmined-1_5mm-Comfort-Fit-Ring-Gold-BE1FM199-24780127\3d_model\BE1FM199_PR_200ct_RENDER.glb
1FM199,RA,radiant,fairmined-1-5mm-comfort-fit-ring-radiant-cut-center-stone,C:\brileent earth\1FM199_Fairmined-1_5mm-Comfort-Fit-Ring-Gold-BE1FM199-24780127\3d_model\BE1FM199_RA_200ct_RENDER.glb
1FM199,RD,round,fairmined-1-5mm-comfort-fit-ring-round-center-stone,C:\brileent earth\1FM199_Fairmined-1_5mm-Comfort-Fit-Ring-Gold-BE1FM199-24780127\3d_model\BE1FM199_RD_200ct_RENDER.glb
1LCE1548,AS,asscher,luxe-willow-lab-emerald-and-diamond-ring-1-8-ct-tw-asscher-cut-center-stone,C:\brileent earth\1LCE1548_Luxe-Willow-Lab-Emerald-and-Diamond-Ring-_1_8-ct_-tw_-14K-Gold-BE1LCE1548-76788543\3d_model\BE1LCE1548_AS_200ct_RENDER.glb
1LCE1548,CU,cushion,luxe-willow-lab-emerald-and-diamond-ring-1-8-ct-tw-cushion-cut-center-stone,C:\brileent earth\1LCE1548_Luxe-Willow-Lab-Emerald-and-Diamond-Ring-_1_8-ct_-tw_-14K-Gold-BE1LCE1548-76788543\3d_model\BE1LCE1548_CU_200ct_RENDER.glb
1LCE1548,EM,emerald,luxe-willow-lab-emerald-and-diamond-ring-1-8-ct-tw-asscher-cut-center-stone,C:\brileent earth\1LCE1548_Luxe-Willow-Lab-Emerald-and-Diamond-Ring-_1_8-ct_-tw_-14K-Gold-BE1LCE1548-76788543\3d_model\BE1LCE1548_EM_200ct_RENDER.glb
1LCE1548,HT,heart,luxe-willow-lab-emerald-and-diamond-ring-1-8-ct-tw-heart-center-stone,C:\brileent earth\1LCE1548_Luxe-Willow-Lab-Emerald-and-Diamond-Ring-_1_8-ct_-tw_-14K-Gold-BE1LCE1548-76788543\3d_model\BE1LCE1548_HT_200ct_RENDER.glb
1LCE1548,MQ,marquise,luxe-willow-lab-emerald-and-diamond-ring-1-8-ct-tw-marquise-center-stone,C:\brileent earth\1LCE1548_Luxe-Willow-Lab-Emerald-and-Diamond-Ring-_1_8-ct_-tw_-14K-Gold-BE1LCE1548-76788543\3d_model\BE1LCE1548_MQ_200ct_RENDER.glb
1LCE1548,OV,oval,luxe-willow-lab-emerald-and-diamond-ring-1-8-ct-tw-oval-center-stone,C:\brileent earth\1LCE1548_Luxe-Willow-Lab-Emerald-and-Diamond-Ring-_1_8-ct_-tw_-14K-Gold-BE1LCE1548-76788543\3d_model\BE1LCE1548_OV_200ct_RENDER.glb
1LCE1548,PE,pear,luxe-willow-lab-emerald-and-diamond-ring-1-8-ct-tw-pear-center-stone,C:\brileent earth\1LCE1548_Luxe-Willow-Lab-Emerald-and-Diamond-Ring-_1_8-ct_-tw_-14K-Gold-BE1LCE1548-76788543\3d_model\BE1LCE1548_PE_200ct_RENDER.glb
1LCE1548,PR,princess,luxe-willow-lab-emerald-and-diamond-ring-1-8-ct-tw-princess-cut-center-stone,C:\brileent earth\1LCE1548_Luxe-Willow-Lab-Emerald-and-Diamond-Ring-_1_8-ct_-tw_-14K-Gold-BE1LCE1548-76788543\3d_model\BE1LCE1548_PR_200ct_RENDER.glb
1LCE1548,RA,radiant,luxe-willow-lab-emerald-and-diamond-ring-1-8-ct-tw-radiant-cut-center-stone,C:\brileent earth\1LCE1548_Luxe-Willow-Lab-Emerald-and-Diamond-Ring-_1_8-ct_-tw_-14K-Gold-BE1LCE1548-76788543\3d_model\BE1LCE1548_RA_200ct_RENDER.glb
1LCE1548,RD,round,luxe-willow-lab-emerald-and-diamond-ring-1-8-ct-tw-round-center-stone,C:\brileent earth\1LCE1548_Luxe-Willow-Lab-Emerald-and-Diamond-Ring-_1_8-ct_-tw_-14K-Gold-BE1LCE1548-76788543\3d_model\BE1LCE1548_RD_200ct_RENDER.glb
1LCE6352,AS,asscher,luxe-secret-garden-lab-emerald-and-diamond-ring-asscher-cut-center-stone,C:\brileent earth\1LCE6352_Luxe-Secret-Garden-Lab-Emerald-and-Diamond-Ring-14K-Gold-BE1LCE6352-76788716\3d_model\BE1LCE6352_AS_200ct_RENDER.glb
1LCE6352,CU,cushion,luxe-secret-garden-lab-emerald-and-diamond-ring-cushion-cut-center-stone,C:\brileent earth\1LCE6352_Luxe-Secret-Garden-Lab-Emerald-and-Diamond-Ring-14K-Gold-BE1LCE6352-76788716\3d_model\BE1LCE6352_CU_200ct_RENDER.glb
1LCE6352,EM,emerald,luxe-secret-garden-lab-emerald-and-diamond-ring-asscher-cut-center-stone,C:\brileent earth\1LCE6352_Luxe-Secret-Garden-Lab-Emerald-and-Diamond-Ring-14K-Gold-BE1LCE6352-76788716\3d_model\BE1LCE6352_EM_200ct_RENDER.glb
1LCE6352,MQ,marquise,luxe-secret-garden-lab-emerald-and-diamond-ring-marquise-center-stone,C:\brileent earth\1LCE6352_Luxe-Secret-Garden-Lab-Emerald-and-Diamond-Ring-14K-Gold-BE1LCE6352-76788716\3d_model\BE1LCE6352_MQ_200ct_RENDER.glb
1LCE6352,OV,oval,luxe-secret-garden-lab-emerald-and-diamond-ring-oval-center-stone,C:\brileent earth\1LCE6352_Luxe-Secret-Garden-Lab-Emerald-and-Diamond-Ring-14K-Gold-BE1LCE6352-76788716\3d_model\BE1LCE6352_OV_200ct_RENDER.glb
1LCE6352,PE,pear,luxe-secret-garden-lab-emerald-and-diamond-ring-pear-center-stone,C:\brileent earth\1LCE6352_Luxe-Secret-Garden-Lab-Emerald-and-Diamond-Ring-14K-Gold-BE1LCE6352-76788716\3d_model\BE1LCE6352_PE_200ct_RENDER.glb
1LCE6352,PR,princess,luxe-secret-garden-lab-emerald-and-diamond-ring-princess-cut-center-stone,C:\brileent earth\1LCE6352_Luxe-Secret-Garden-Lab-Emerald-and-Diamond-Ring-14K-Gold-BE1LCE6352-76788716\3d_model\BE1LCE6352_PR_200ct_RENDER.glb
1LCE6352,RA,radiant,luxe-secret-garden-lab-emerald-and-diamond-ring-radiant-cut-center-stone,C:\brileent earth\1LCE6352_Luxe-Secret-Garden-Lab-Emerald-and-Diamond-Ring-14K-Gold-BE1LCE6352-76788716\3d_model\BE1LCE6352_RA_200ct_RENDER.glb
1LCE6352,RD,round,luxe-secret-garden-lab-emerald-and-diamond-ring-round-center-stone,C:\brileent earth\1LCE6352_Luxe-Secret-Garden-Lab-Emerald-and-Diamond-Ring-14K-Gold-BE1LCE6352-76788716\3d_model\BE1LCE6352_RD_200ct_RENDER.glb
1M0177,AS,asscher,fortuna-halo-diamond-ring-1-2-ct-tw-asscher-cut-center-stone,C:\brileent earth\1M0177_Fortuna-Halo-Diamond-Ring-_1_2-ct_-tw_-14K-White-Gold-BE1M0177-76826326\3d_model\BE1M0177_AS_200ct_RENDER.glb
1M0177,CU,cushion,fortuna-halo-diamond-ring-1-2-ct-tw-cushion-cut-center-stone,C:\brileent earth\1M0177_Fortuna-Halo-Diamond-Ring-_1_2-ct_-tw_-14K-White-Gold-BE1M0177-76826326\3d_model\BE1M0177_CU_200ct_RENDER.glb
1M0177,EM,emerald,fortuna-halo-diamond-ring-1-2-ct-tw-emerald-cut-center-stone,C:\brileent earth\1M0177_Fortuna-Halo-Diamond-Ring-_1_2-ct_-tw_-14K-White-Gold-BE1M0177-76826326\3d_model\BE1M0177_EM_200ct_RENDER.glb
1M0177,MQ,marquise,fortuna-halo-diamond-ring-1-2-ct-tw-marquise-center-stone,C:\brileent earth\1M0177_Fortuna-Halo-Diamond-Ring-_1_2-ct_-tw_-14K-White-Gold-BE1M0177-76826326\3d_model\BE1M0177_MQ_200ct_RENDER.glb
1M0177,OV,oval,fortuna-halo-diamond-ring-1-2-ct-tw-oval-center-stone,C:\brileent earth\1M0177_Fortuna-Halo-Diamond-Ring-_1_2-ct_-tw_-14K-White-Gold-BE1M0177-76826326\3d_model\BE1M0177_OV_200ct_RENDER.glb
1M0177,PE,pear,fortuna-halo-diamond-ring-1-2-ct-tw-pear-center-stone,C:\brileent earth\1M0177_Fortuna-Halo-Diamond-Ring-_1_2-ct_-tw_-14K-White-Gold-BE1M0177-76826326\3d_model\BE1M0177_PE_200ct_RENDER.glb
1M0177,PR,princess,fortuna-halo-diamond-ring-1-2-ct-tw-princess-cut-center-stone,C:\brileent earth\1M0177_Fortuna-Halo-Diamond-Ring-_1_2-ct_-tw_-14K-White-Gold-BE1M0177-76826326\3d_model\BE1M0177_PR_200ct_RENDER.glb
1M0177,RA,radiant,fortuna-halo-diamond-ring-1-2-ct-tw-radiant-cut-center-stone,C:\brileent earth\1M0177_Fortuna-Halo-Diamond-Ring-_1_2-ct_-tw_-14K-White-Gold-BE1M0177-76826326\3d_model\BE1M0177_RA_200ct_RENDER.glb
1M0177,RD,round,fortuna-halo-diamond-ring-1-2-ct-tw-round-center-stone,C:\brileent earth\1M0177_Fortuna-Halo-Diamond-Ring-_1_2-ct_-tw_-14K-White-Gold-BE1M0177-76826326\3d_model\BE1M0177_RD_200ct_RENDER.glb
1M30D,AS,asscher,petite-twisted-vine-three-stone-diamond-ring-2-5-ct-tw-asscher-cut-center-stone,C:\brileent earth\1M30D_Petite-Twisted-Vine-Three-Stone-Diamond-Ring-_2_5-ct_-tw_-14K-White-Gold-BE1M30D-76823797\3d_model\BE1M30D_AS_200ct_RENDER.glb
1M30D,CU,cushion,petite-twisted-vine-three-stone-diamond-ring-2-5-ct-tw-cushion-cut-center-stone,C:\brileent earth\1M30D_Petite-Twisted-Vine-Three-Stone-Diamond-Ring-_2_5-ct_-tw_-14K-White-Gold-BE1M30D-76823797\3d_model\BE1M30D_CU_200ct_RENDER.glb
1M30D,EM,emerald,petite-twisted-vine-three-stone-diamond-ring-2-5-ct-tw-emerald-cut-center-stone,C:\brileent earth\1M30D_Petite-Twisted-Vine-Three-Stone-Diamond-Ring-_2_5-ct_-tw_-14K-White-Gold-BE1M30D-76823797\3d_model\BE1M30D_EM_200ct_RENDER.glb
1M30D,HT,heart,petite-twisted-vine-three-stone-diamond-ring-2-5-ct-tw-heart-center-stone,C:\brileent earth\1M30D_Petite-Twisted-Vine-Three-Stone-Diamond-Ring-_2_5-ct_-tw_-14K-White-Gold-BE1M30D-76823797\3d_model\BE1M30D_HT_200ct_RENDER.glb
1M30D,MQ,marquise,petite-twisted-vine-three-stone-diamond-ring-2-5-ct-tw-marquise-center-stone,C:\brileent earth\1M30D_Petite-Twisted-Vine-Three-Stone-Diamond-Ring-_2_5-ct_-tw_-14K-White-Gold-BE1M30D-76823797\3d_model\BE1M30D_MQ_200ct_RENDER.glb
1M30D,OV,oval,petite-twisted-vine-three-stone-diamond-ring-2-5-ct-tw-oval-center-stone,C:\brileent earth\1M30D_Petite-Twisted-Vine-Three-Stone-Diamond-Ring-_2_5-ct_-tw_-14K-White-Gold-BE1M30D-76823797\3d_model\BE1M30D_OV_200ct_RENDER.glb
1M30D,PE,pear,petite-twisted-vine-three-stone-diamond-ring-2-5-ct-tw-pear-center-stone,C:\brileent earth\1M30D_Petite-Twisted-Vine-Three-Stone-Diamond-Ring-_2_5-ct_-tw_-14K-White-Gold-BE1M30D-76823797\3d_model\BE1M30D_PE_200ct_RENDER.glb
1M30D,PR,princess,petite-twisted-vine-three-stone-diamond-ring-2-5-ct-tw-princess-cut-center-stone,C:\brileent earth\1M30D_Petite-Twisted-Vine-Three-Stone-Diamond-Ring-_2_5-ct_-tw_-14K-White-Gold-BE1M30D-76823797\3d_model\BE1M30D_PR_200ct_RENDER.glb
1M30D,RA,radiant,petite-twisted-vine-three-stone-diamond-ring-2-5-ct-tw-radiant-cut-center-stone,C:\brileent earth\1M30D_Petite-Twisted-Vine-Three-Stone-Diamond-Ring-_2_5-ct_-tw_-14K-White-Gold-BE1M30D-76823797\3d_model\BE1M30D_RA_200ct_RENDER.glb
1M30D,RD,round,petite-twisted-vine-three-stone-diamond-ring-2-5-ct-tw-round-center-stone,C:\brileent earth\1M30D_Petite-Twisted-Vine-Three-Stone-Diamond-Ring-_2_5-ct_-tw_-14K-White-Gold-BE1M30D-76823797\3d_model\BE1M30D_RD_200ct_RENDER.glb
1M54DH,AS,asscher,petite-twisted-vine-halo-diamond-ring-1-4-ct-tw-asscher-cut-center-stone,C:\brileent earth\1M54DH_Petite-Twisted-Vine-Halo-Diamond-Ring-_1_4-ct_-tw_-14K-White-Gold-BE1M54DH-76788628\3d_model\BE1M54DH_AS_200ct_RENDER.glb
1M54DH,CU,cushion,petite-twisted-vine-halo-diamond-ring-1-4-ct-tw-cushion-cut-center-stone,C:\brileent earth\1M54DH_Petite-Twisted-Vine-Halo-Diamond-Ring-_1_4-ct_-tw_-14K-White-Gold-BE1M54DH-76788628\3d_model\BE1M54DH_CU_200ct_RENDER.glb
1M54DH,EM,emerald,petite-twisted-vine-halo-diamond-ring-1-4-ct-tw-emerald-cut-center-stone,C:\brileent earth\1M54DH_Petite-Twisted-Vine-Halo-Diamond-Ring-_1_4-ct_-tw_-14K-White-Gold-BE1M54DH-76788628\3d_model\BE1M54DH_EM_200ct_RENDER.glb
1M54DH,MQ,marquise,petite-twisted-vine-halo-diamond-ring-1-4-ct-tw-marquise-center-stone,C:\brileent earth\1M54DH_Petite-Twisted-Vine-Halo-Diamond-Ring-_1_4-ct_-tw_-14K-White-Gold-BE1M54DH-76788628\3d_model\BE1M54DH_MQ_200ct_RENDER.glb
1M54DH,OV,oval,petite-twisted-vine-halo-diamond-ring-1-4-ct-tw-oval-center-stone,C:\brileent earth\1M54DH_Petite-Twisted-Vine-Halo-Diamond-Ring-_1_4-ct_-tw_-14K-White-Gold-BE1M54DH-76788628\3d_model\BE1M54DH_OV_200ct_RENDER.glb
1M54DH,PE,pear,petite-twisted-vine-halo-diamond-ring-1-4-ct-tw-pear-center-stone,C:\brileent earth\1M54DH_Petite-Twisted-Vine-Halo-Diamond-Ring-_1_4-ct_-tw_-14K-White-Gold-BE1M54DH-76788628\3d_model\BE1M54DH_PE_200ct_RENDER.glb
1M54DH,PR,princess,petite-twisted-vine-halo-diamond-ring-1-4-ct-tw-princess-cut-center-stone,C:\brileent earth\1M54DH_Petite-Twisted-Vine-Halo-Diamond-Ring-_1_4-ct_-tw_-14K-White-Gold-BE1M54DH-76788628\3d_model\BE1M54DH_PR_200ct_RENDER.glb
1M54DH,RA,radiant,petite-twisted-vine-halo-diamond-ring-1-4-ct-tw-radiant-cut-center-stone,C:\brileent earth\1M54DH_Petite-Twisted-Vine-Halo-Diamond-Ring-_1_4-ct_-tw_-14K-White-Gold-BE1M54DH-76788628\3d_model\BE1M54DH_RA_200ct_RENDER.glb
1M54DH,RD,round,petite-twisted-vine-halo-diamond-ring-1-4-ct-tw-round-center-stone,C:\brileent earth\1M54DH_Petite-Twisted-Vine-Halo-Diamond-Ring-_1_4-ct_-tw_-14K-White-Gold-BE1M54DH-76788628\3d_model\BE1M54DH_RD_200ct_RENDER.glb
1M55D,AS,asscher,petite-luxe-twisted-vine-diamond-ring-1-4-ct-tw-asscher-cut-center-stone,C:\brileent earth\1M55D_Petite-Luxe-Twisted-Vine-Diamond-Ring-_1_4-ct_-tw_-White-Gold-BE1M55D-1153190\3d_model\BE1M55D_AS_200ct_RENDER.glb
1M55D,CU,cushion,petite-luxe-twisted-vine-diamond-ring-1-4-ct-tw-cushion-cut-center-stone,C:\brileent earth\1M55D_Petite-Luxe-Twisted-Vine-Diamond-Ring-_1_4-ct_-tw_-White-Gold-BE1M55D-1153190\3d_model\BE1M55D_CU_200ct_RENDER.glb
1M55D,EM,emerald,petite-luxe-twisted-vine-diamond-ring-1-4-ct-tw-emerald-cut-center-stone,C:\brileent earth\1M55D_Petite-Luxe-Twisted-Vine-Diamond-Ring-_1_4-ct_-tw_-White-Gold-BE1M55D-1153190\3d_model\BE1M55D_EM_200ct_RENDER.glb
1M55D,HT,heart,petite-luxe-twisted-vine-diamond-ring-1-4-ct-tw-heart-center-stone,C:\brileent earth\1M55D_Petite-Luxe-Twisted-Vine-Diamond-Ring-_1_4-ct_-tw_-White-Gold-BE1M55D-1153190\3d_model\BE1M55D_HT_200ct_RENDER.glb
1M55D,MQ,marquise,petite-luxe-twisted-vine-diamond-ring-1-4-ct-tw-marquise-center-stone,C:\brileent earth\1M55D_Petite-Luxe-Twisted-Vine-Diamond-Ring-_1_4-ct_-tw_-White-Gold-BE1M55D-1153190\3d_model\BE1M55D_MQ_200ct_RENDER.glb
1M55D,OV,oval,petite-luxe-twisted-vine-diamond-ring-1-4-ct-tw-oval-center-stone,C:\brileent earth\1M55D_Petite-Luxe-Twisted-Vine-Diamond-Ring-_1_4-ct_-tw_-White-Gold-BE1M55D-1153190\3d_model\BE1M55D_OV_200ct_RENDER.glb
1M55D,PE,pear,petite-luxe-twisted-vine-diamond-ring-1-4-ct-tw-pear-center-stone,C:\brileent earth\1M55D_Petite-Luxe-Twisted-Vine-Diamond-Ring-_1_4-ct_-tw_-White-Gold-BE1M55D-1153190\3d_model\BE1M55D_PE_200ct_RENDER.glb
1M55D,PR,princess,petite-luxe-twisted-vine-diamond-ring-1-4-ct-tw-princess-cut-center-stone,C:\brileent earth\1M55D_Petite-Luxe-Twisted-Vine-Diamond-Ring-_1_4-ct_-tw_-White-Gold-BE1M55D-1153190\3d_model\BE1M55D_PR_200ct_RENDER.glb
1M55D,RA,radiant,petite-luxe-twisted-vine-diamond-ring-1-4-ct-tw-radiant-cut-center-stone,C:\brileent earth\1M55D_Petite-Luxe-Twisted-Vine-Diamond-Ring-_1_4-ct_-tw_-White-Gold-BE1M55D-1153190\3d_model\BE1M55D_RA_200ct_RENDER.glb
1M55D,RD,round,petite-luxe-twisted-vine-diamond-ring-1-4-ct-tw-round-center-stone,C:\brileent earth\1M55D_Petite-Luxe-Twisted-Vine-Diamond-Ring-_1_4-ct_-tw_-White-Gold-BE1M55D-1153190\3d_model\BE1M55D_RD_200ct_RENDER.glb
1M56D,AS,asscher,twisted-vine-solitaire-ring-asscher-cut-center-stone,C:\brileent earth\1M56D_Twisted-Vine-Solitaire-Ring-14K-White-Gold-BE1M56D-76788679\3d_model\BE1M56D_AS_200ct_RENDER.glb
1M56D,CU,cushion,twisted-vine-solitaire-ring-cushion-cut-center-stone,C:\brileent earth\1M56D_Twisted-Vine-Solitaire-Ring-14K-White-Gold-BE1M56D-76788679\3d_model\BE1M56D_CU_200ct_RENDER.glb
1M56D,EM,emerald,twisted-vine-solitaire-ring-emerald-cut-center-stone,C:\brileent earth\1M56D_Twisted-Vine-Solitaire-Ring-14K-White-Gold-BE1M56D-76788679\3d_model\BE1M56D_EM_200ct_RENDER.glb
1M56D,HT,heart,twisted-vine-solitaire-ring-heart-center-stone,C:\brileent earth\1M56D_Twisted-Vine-Solitaire-Ring-14K-White-Gold-BE1M56D-76788679\3d_model\BE1M56D_HT_200ct_RENDER.glb
1M56D,MQ,marquise,twisted-vine-solitaire-ring-marquise-center-stone,C:\brileent earth\1M56D_Twisted-Vine-Solitaire-Ring-14K-White-Gold-BE1M56D-76788679\3d_model\BE1M56D_MQ_200ct_RENDER.glb
1M56D,OV,oval,twisted-vine-solitaire-ring-oval-center-stone,C:\brileent earth\1M56D_Twisted-Vine-Solitaire-Ring-14K-White-Gold-BE1M56D-76788679\3d_model\BE1M56D_OV_200ct_RENDER.glb
1M56D,PE,pear,twisted-vine-solitaire-ring-pear-center-stone,C:\brileent earth\1M56D_Twisted-Vine-Solitaire-Ring-14K-White-Gold-BE1M56D-76788679\3d_model\BE1M56D_PE_200ct_RENDER.glb
1M56D,PR,princess,twisted-vine-solitaire-ring-princess-cut-center-stone,C:\brileent earth\1M56D_Twisted-Vine-Solitaire-Ring-14K-White-Gold-BE1M56D-76788679\3d_model\BE1M56D_PR_200ct_RENDER.glb
1M56D,RA,radiant,twisted-vine-solitaire-ring-radiant-cut-center-stone,C:\brileent earth\1M56D_Twisted-Vine-Solitaire-Ring-14K-White-Gold-BE1M56D-76788679\3d_model\BE1M56D_RA_200ct_RENDER.glb
1M56D,RD,round,twisted-vine-solitaire-ring-round-center-stone,C:\brileent earth\1M56D_Twisted-Vine-Solitaire-Ring-14K-White-Gold-BE1M56D-76788679\3d_model\BE1M56D_RD_200ct_RENDER.glb
1PD25R25,AS,asscher,petite-shared-prong-half-coverage-diamond-ring-asscher-cut-center-stone,C:\brileent earth\1PD25R25_Petite-Shared-Prong-Half-Coverage-Diamond-Ring-14K-White-Gold-BE1PD25R25-76788913\3d_model\BE1PD25R25_AS_200ct_RENDER.glb
1PD25R25,CU,cushion,petite-shared-prong-half-coverage-diamond-ring-cushion-cut-center-stone,C:\brileent earth\1PD25R25_Petite-Shared-Prong-Half-Coverage-Diamond-Ring-14K-White-Gold-BE1PD25R25-76788913\3d_model\BE1PD25R25_CU_200ct_RENDER.glb
1PD25R25,EM,emerald,petite-shared-prong-half-coverage-diamond-ring-emerald-cut-center-stone,C:\brileent earth\1PD25R25_Petite-Shared-Prong-Half-Coverage-Diamond-Ring-14K-White-Gold-BE1PD25R25-76788913\3d_model\BE1PD25R25_EM_200ct_RENDER.glb
1PD25R25,HT,heart,petite-shared-prong-half-coverage-diamond-ring-heart-center-stone,C:\brileent earth\1PD25R25_Petite-Shared-Prong-Half-Coverage-Diamond-Ring-14K-White-Gold-BE1PD25R25-76788913\3d_model\BE1PD25R25_HT_200ct_RENDER.glb
1PD25R25,MQ,marquise,petite-shared-prong-half-coverage-diamond-ring-marquise-center-stone,C:\brileent earth\1PD25R25_Petite-Shared-Prong-Half-Coverage-Diamond-Ring-14K-White-Gold-BE1PD25R25-76788913\3d_model\BE1PD25R25_MQ_200ct_RENDER.glb
1PD25R25,OV,oval,petite-shared-prong-half-coverage-diamond-ring-oval-center-stone,C:\brileent earth\1PD25R25_Petite-Shared-Prong-Half-Coverage-Diamond-Ring-14K-White-Gold-BE1PD25R25-76788913\3d_model\BE1PD25R25_OV_200ct_RENDER.glb
1PD25R25,PE,pear,petite-shared-prong-half-coverage-diamond-ring-pear-center-stone,C:\brileent earth\1PD25R25_Petite-Shared-Prong-Half-Coverage-Diamond-Ring-14K-White-Gold-BE1PD25R25-76788913\3d_model\BE1PD25R25_PE_200ct_RENDER.glb
1PD25R25,PR,princess,petite-shared-prong-half-coverage-diamond-ring-princess-cut-center-stone,C:\brileent earth\1PD25R25_Petite-Shared-Prong-Half-Coverage-Diamond-Ring-14K-White-Gold-BE1PD25R25-76788913\3d_model\BE1PD25R25_PR_200ct_RENDER.glb
1PD25R25,RA,radiant,petite-shared-prong-half-coverage-diamond-ring-radiant-cut-center-stone,C:\brileent earth\1PD25R25_Petite-Shared-Prong-Half-Coverage-Diamond-Ring-14K-White-Gold-BE1PD25R25-76788913\3d_model\BE1PD25R25_RA_200ct_RENDER.glb
1PD25R25,RD,round,petite-shared-prong-half-coverage-diamond-ring-round-center-stone,C:\brileent earth\1PD25R25_Petite-Shared-Prong-Half-Coverage-Diamond-Ring-14K-White-Gold-BE1PD25R25-76788913\3d_model\BE1PD25R25_RD_200ct_RENDER.glb
1PD28R15,AS,asscher,petite-shared-prong-three-quarter-coverage-diamond-ring-1-3-ct-tw-asscher-cut-center-stone,C:\brileent earth\1PD28R15_Petite-Shared-Prong-Three-Quarter-Coverage-Diamond-Ring-_1_3-ct_-tw_-14K-White-Gold-BE1PD2\3d_model\BE1PD28R15_AS_200ct_RENDER.glb
1PD28R15,CU,cushion,petite-shared-prong-three-quarter-coverage-diamond-ring-1-3-ct-tw-cushion-cut-center-stone,C:\brileent earth\1PD28R15_Petite-Shared-Prong-Three-Quarter-Coverage-Diamond-Ring-_1_3-ct_-tw_-14K-White-Gold-BE1PD2\3d_model\BE1PD28R15_CU_200ct_RENDER.glb
1PD28R15,EM,emerald,petite-shared-prong-three-quarter-coverage-diamond-ring-1-3-ct-tw-emerald-cut-center-stone,C:\brileent earth\1PD28R15_Petite-Shared-Prong-Three-Quarter-Coverage-Diamond-Ring-_1_3-ct_-tw_-14K-White-Gold-BE1PD2\3d_model\BE1PD28R15_EM_200ct_RENDER.glb
1PD28R15,HT,heart,petite-shared-prong-three-quarter-coverage-diamond-ring-1-3-ct-tw-heart-center-stone,C:\brileent earth\1PD28R15_Petite-Shared-Prong-Three-Quarter-Coverage-Diamond-Ring-_1_3-ct_-tw_-14K-White-Gold-BE1PD2\3d_model\BE1PD28R15_HT_200ct_RENDER.glb
1PD28R15,MQ,marquise,petite-shared-prong-three-quarter-coverage-diamond-ring-1-3-ct-tw-marquise-center-stone,C:\brileent earth\1PD28R15_Petite-Shared-Prong-Three-Quarter-Coverage-Diamond-Ring-_1_3-ct_-tw_-14K-White-Gold-BE1PD2\3d_model\BE1PD28R15_MQ_200ct_RENDER.glb
1PD28R15,OV,oval,petite-shared-prong-three-quarter-coverage-diamond-ring-1-3-ct-tw-oval-center-stone,C:\brileent earth\1PD28R15_Petite-Shared-Prong-Three-Quarter-Coverage-Diamond-Ring-_1_3-ct_-tw_-14K-White-Gold-BE1PD2\3d_model\BE1PD28R15_OV_200ct_RENDER.glb
1PD28R15,PE,pear,petite-shared-prong-three-quarter-coverage-diamond-ring-1-3-ct-tw-pear-center-stone,C:\brileent earth\1PD28R15_Petite-Shared-Prong-Three-Quarter-Coverage-Diamond-Ring-_1_3-ct_-tw_-14K-White-Gold-BE1PD2\3d_model\BE1PD28R15_PE_200ct_RENDER.glb
1PD28R15,PR,princess,petite-shared-prong-three-quarter-coverage-diamond-ring-1-3-ct-tw-princess-cut-center-stone,C:\brileent earth\1PD28R15_Petite-Shared-Prong-Three-Quarter-Coverage-Diamond-Ring-_1_3-ct_-tw_-14K-White-Gold-BE1PD2\3d_model\BE1PD28R15_PR_200ct_RENDER.glb
1PD28R15,RA,radiant,petite-shared-prong-three-quarter-coverage-diamond-ring-1-3-ct-tw-radiant-cut-center-stone,C:\brileent earth\1PD28R15_Petite-Shared-Prong-Three-Quarter-Coverage-Diamond-Ring-_1_3-ct_-tw_-14K-White-Gold-BE1PD2\3d_model\BE1PD28R15_RA_200ct_RENDER.glb
1PD28R15,RD,round,petite-shared-prong-three-quarter-coverage-diamond-ring-1-3-ct-tw-round-center-stone,C:\brileent earth\1PD28R15_Petite-Shared-Prong-Three-Quarter-Coverage-Diamond-Ring-_1_3-ct_-tw_-14K-White-Gold-BE1PD2\3d_model\BE1PD28R15_RD_200ct_RENDER.glb
