code,handle,title,glb_filename,raw_url,github_url,size_kb
2D772,1-1mm-aimee-diamond-ring,1.1mm Aimee Diamond Ring,BE2D772_RENDER.glb,https://raw.githubusercontent.com/Parth-sa/elarisjewels/main/wedding_glbs/BE2D772_RENDER.glb,https://github.com/Parth-sa/elarisjewels/blob/main/wedding_glbs/BE2D772_RENDER.glb,359.9
299,1-5mm-comfort-fit-wedding-ring,1.5mm Comfort Fit Wedding Ring,BE299_RENDER.glb,https://raw.githubusercontent.com/Parth-sa/elarisjewels/main/wedding_glbs/BE299_RENDER.glb,https://github.com/Parth-sa/elarisjewels/blob/main/wedding_glbs/BE299_RENDER.glb,133.1
21923,1-5mm-curved-wedding-ring,1.5mm Curved Wedding Ring,BE21923_RENDER.glb,https://raw.githubusercontent.com/Parth-sa/elarisjewels/main/wedding_glbs/BE21923_RENDER.glb,https://github.com/Parth-sa/elarisjewels/blob/main/wedding_glbs/BE21923_RENDER.glb,114.8
22215,1-5mm-quattro-wedding-ring,1.5mm Quattro Wedding Ring,BE22215_RENDER.glb,https://raw.githubusercontent.com/Parth-sa/elarisjewels/main/wedding_glbs/BE22215_RENDER.glb,https://github.com/Parth-sa/elarisjewels/blob/main/wedding_glbs/BE22215_RENDER.glb,191.5
22135,1-5mm-slim-profile-wedding-ring,1.5mm Slim Profile Wedding Ring,BE22135_RENDER.glb,https://raw.githubusercontent.com/Parth-sa/elarisjewels/main/wedding_glbs/BE22135_RENDER.glb,https://github.com/Parth-sa/elarisjewels/blob/main/wedding_glbs/BE22135_RENDER.glb,164.5
2D5541,1-7mm-aimee-diamond-ring,1.7mm Aimee Diamond Ring,BE2D5541_RENDER.glb,https://raw.githubusercontent.com/Parth-sa/elarisjewels/main/wedding_glbs/BE2D5541_RENDER.glb,https://github.com/Parth-sa/elarisjewels/blob/main/wedding_glbs/BE2D5541_RENDER.glb,95.5
2178,2-5mm-chevron-ring,2.5mm Chevron Ring,BE2178_RENDER.glb,https://raw.githubusercontent.com/Parth-sa/elarisjewels/main/wedding_glbs/BE2178_RENDER.glb,https://github.com/Parth-sa/elarisjewels/blob/main/wedding_glbs/BE2178_RENDER.glb,92.8
2500,2-5mm-comfort-fit-wedding-ring,2.5mm Comfort Fit Wedding Ring,BE2500_RENDER.glb,https://raw.githubusercontent.com/Parth-sa/elarisjewels/main/wedding_glbs/BE2500_RENDER.glb,https://github.com/Parth-sa/elarisjewels/blob/main/wedding_glbs/BE2500_RENDER.glb,188.3
2816,2-5mm-curved-wedding-ring,2.5mm Curved Wedding Ring,BE2816_RENDER.glb,https://raw.githubusercontent.com/Parth-sa/elarisjewels/main/wedding_glbs/BE2816_RENDER.glb,https://github.com/Parth-sa/elarisjewels/blob/main/wedding_glbs/BE2816_RENDER.glb,230.2
201,2mm-comfort-fit-wedding-ring,2mm Comfort Fit Wedding Ring,BE201_RENDER.glb,https://raw.githubusercontent.com/Parth-sa/elarisjewels/main/wedding_glbs/BE201_RENDER.glb,https://github.com/Parth-sa/elarisjewels/blob/main/wedding_glbs/BE201_RENDER.glb,243.1
2102,2mm-milgrain-wedding-ring,2mm Milgrain Wedding Ring,BE2102_RENDER.glb,https://raw.githubusercontent.com/Parth-sa/elarisjewels/main/wedding_glbs/BE2102_RENDER.glb,https://github.com/Parth-sa/elarisjewels/blob/main/wedding_glbs/BE2102_RENDER.glb,499.2
2122,2mm-slim-profile-wedding-ring,2mm Slim Profile Wedding Ring,BE2122_RENDER.glb,https://raw.githubusercontent.com/Parth-sa/elarisjewels/main/wedding_glbs/BE2122_RENDER.glb,https://github.com/Parth-sa/elarisjewels/blob/main/wedding_glbs/BE2122_RENDER.glb,142.6
2484,3-5mm-comfort-fit-wedding-ring,3.5mm Comfort Fit Wedding Ring,BE2484_RENDER.glb,https://raw.githubusercontent.com/Parth-sa/elarisjewels/main/wedding_glbs/BE2484_RENDER.glb,https://github.com/Parth-sa/elarisjewels/blob/main/wedding_glbs/BE2484_RENDER.glb,118.6
207,3mm-comfort-fit-wedding-ring,3mm Comfort Fit Wedding Ring,BE207_RENDER.glb,https://raw.githubusercontent.com/Parth-sa/elarisjewels/main/wedding_glbs/BE207_RENDER.glb,https://github.com/Parth-sa/elarisjewels/blob/main/wedding_glbs/BE207_RENDER.glb,108.6
2232,3mm-mojave-wedding-ring,3mm Mojave Wedding Ring,BE2232_RENDER.glb,https://raw.githubusercontent.com/Parth-sa/elarisjewels/main/wedding_glbs/BE2232_RENDER.glb,https://github.com/Parth-sa/elarisjewels/blob/main/wedding_glbs/BE2232_RENDER.glb,200.3
2123,3mm-slim-profile-wedding-ring,3mm Slim Profile Wedding Ring,BE2123_RENDER.glb,https://raw.githubusercontent.com/Parth-sa/elarisjewels/main/wedding_glbs/BE2123_RENDER.glb,https://github.com/Parth-sa/elarisjewels/blob/main/wedding_glbs/BE2123_RENDER.glb,174.2
2D3861LC,adelaide-curved-lab-diamond-ring-7-8-ct-tw,Adelaide Curved Lab Diamond Ring (7/8 ct. tw.),BE2D3861LC_RENDER.glb,https://raw.githubusercontent.com/Parth-sa/elarisjewels/main/wedding_glbs/BE2D3861LC_RENDER.glb,https://github.com/Parth-sa/elarisjewels/blob/main/wedding_glbs/BE2D3861LC_RENDER.glb,394.4
2D595,aimee-contour-diamond-ring,Aimee Contour Diamond Ring,BE2D595_RENDER.glb,https://raw.githubusercontent.com/Parth-sa/elarisjewels/main/wedding_glbs/BE2D595_RENDER.glb,https://github.com/Parth-sa/elarisjewels/blob/main/wedding_glbs/BE2D595_RENDER.glb,166.4
2D595LC,aimee-contour-lab-diamond-ring,Aimee Contour Lab Diamond Ring,BE2D595LC_RENDER.glb,https://raw.githubusercontent.com/Parth-sa/elarisjewels/main/wedding_glbs/BE2D595LC_RENDER.glb,https://github.com/Parth-sa/elarisjewels/blob/main/wedding_glbs/BE2D595LC_RENDER.glb,166.4
2358,aimee-wedding-ring,Aimee Wedding Ring,BE2358_RENDER.glb,https://raw.githubusercontent.com/Parth-sa/elarisjewels/main/wedding_glbs/BE2358_RENDER.glb,https://github.com/Parth-sa/elarisjewels/blob/main/wedding_glbs/BE2358_RENDER.glb,166.5
2D5642,alina-double-band-diamond-ring,Alina Double Band Diamond Ring,BE2D5642_RENDER.glb,https://raw.githubusercontent.com/Parth-sa/elarisjewels/main/wedding_glbs/BE2D5642_RENDER.glb,https://github.com/Parth-sa/elarisjewels/blob/main/wedding_glbs/BE2D5642_RENDER.glb,420.9
2D3056,alula-diamond-ring,Alula Diamond Ring,BE2D3056_RENDER.glb,https://raw.githubusercontent.com/Parth-sa/elarisjewels/main/wedding_glbs/BE2D3056_RENDER.glb,https://github.com/Parth-sa/elarisjewels/blob/main/wedding_glbs/BE2D3056_RENDER.glb,405.0
2D3056LC,alula-lab-diamond-ring,Alula Lab Diamond Ring,BE2D3056LC_RENDER.glb,https://raw.githubusercontent.com/Parth-sa/elarisjewels/main/wedding_glbs/BE2D3056LC_RENDER.glb,https://github.com/Parth-sa/elarisjewels/blob/main/wedding_glbs/BE2D3056LC_RENDER.glb,405.0
2M1056,amelie-diamond-ring-1-3-ct-tw,Amelie Diamond Ring (1/3 ct. tw.),BE2M1056_RENDER.glb,https://raw.githubusercontent.com/Parth-sa/elarisjewels/main/wedding_glbs/BE2M1056_RENDER.glb,https://github.com/Parth-sa/elarisjewels/blob/main/wedding_glbs/BE2M1056_RENDER.glb,314.4
2M0155,amelie-eternity-diamond-ring-2-3-ct-tw,Amelie Eternity Diamond Ring (2/3 ct. tw.),BE2M0155_RENDER.glb,https://raw.githubusercontent.com/Parth-sa/elarisjewels/main/wedding_glbs/BE2M0155_RENDER.glb,https://github.com/Parth-sa/elarisjewels/blob/main/wedding_glbs/BE2M0155_RENDER.glb,445.4
2D2317,amelie-three-quarter-coverage-diamond-ring-1-2-ct-tw,Amelie Three-Quarter Coverage Diamond Ring (1/2 ct. tw.),BE2D2317_RENDER.glb,https://raw.githubusercontent.com/Parth-sa/elarisjewels/main/wedding_glbs/BE2D2317_RENDER.glb,https://github.com/Parth-sa/elarisjewels/blob/main/wedding_glbs/BE2D2317_RENDER.glb,399.3
2D1024,anthology-diamond-open-ring,Anthology Diamond Open Ring,BE2D1024_RENDER.glb,https://raw.githubusercontent.com/Parth-sa/elarisjewels/main/wedding_glbs/BE2D1024_RENDER.glb,https://github.com/Parth-sa/elarisjewels/blob/main/wedding_glbs/BE2D1024_RENDER.glb,340.5
2D1025E,anthology-eternity-diamond-ring-1-1-3-ct-tw,Anthology Eternity Diamond Ring (1 1/3 ct. tw.),BE2D1025E_RENDER.glb,https://raw.githubusercontent.com/Parth-sa/elarisjewels/main/wedding_glbs/BE2D1025E_RENDER.glb,https://github.com/Parth-sa/elarisjewels/blob/main/wedding_glbs/BE2D1025E_RENDER.glb,508.6
2D1025,anthology-half-coverage-diamond-ring-2-3-ct-tw,Anthology Half Coverage Diamond Ring (2/3 ct. tw.),BE2D1025_RENDER.glb,https://raw.githubusercontent.com/Parth-sa/elarisjewels/main/wedding_glbs/BE2D1025_RENDER.glb,https://github.com/Parth-sa/elarisjewels/blob/main/wedding_glbs/BE2D1025_RENDER.glb,304.8
2D1025LC,anthology-half-coverage-lab-diamond-ring-2-3-ct-tw,Anthology Half Coverage Lab Diamond Ring (2/3 ct. tw.),BE2D1025LC_RENDER.glb,https://raw.githubusercontent.com/Parth-sa/elarisjewels/main/wedding_glbs/BE2D1025LC_RENDER.glb,https://github.com/Parth-sa/elarisjewels/blob/main/wedding_glbs/BE2D1025LC_RENDER.glb,195.2
2D1026,anthology-three-quarter-coverage-diamond-ring,Anthology Three-Quarter Coverage Diamond Ring,BE2D1026_RENDER.glb,https://raw.githubusercontent.com/Parth-sa/elarisjewels/main/wedding_glbs/BE2D1026_RENDER.glb,https://github.com/Parth-sa/elarisjewels/blob/main/wedding_glbs/BE2D1026_RENDER.glb,345.3
2D1026LC,anthology-three-quarter-coverage-lab-diamond-ring,Anthology Three-Quarter Coverage Lab Diamond Ring,BE2D1026LC_RENDER.glb,https://raw.githubusercontent.com/Parth-sa/elarisjewels/main/wedding_glbs/BE2D1026LC_RENDER.glb,https://github.com/Parth-sa/elarisjewels/blob/main/wedding_glbs/BE2D1026LC_RENDER.glb,345.3
241,antique-scroll-engraved-diamond-ring-1-15-ct-tw,Antique Scroll Engraved Diamond Ring (1/15 ct. tw.),BE241_RENDER.glb,https://raw.githubusercontent.com/Parth-sa/elarisjewels/main/wedding_glbs/BE241_RENDER.glb,https://github.com/Parth-sa/elarisjewels/blob/main/wedding_glbs/BE241_RENDER.glb,265.9
241E,antique-scroll-engraved-eternity-diamond-ring-2-5-ct-tw,Antique Scroll Engraved Eternity Diamond Ring (2/5 ct. tw.),BE241E_RENDER.glb,https://raw.githubusercontent.com/Parth-sa/elarisjewels/main/wedding_glbs/BE241E_RENDER.glb,https://github.com/Parth-sa/elarisjewels/blob/main/wedding_glbs/BE241E_RENDER.glb,486.3
2D232,aria-contoured-diamond-ring-1-6-ct-tw,Aria Contoured Diamond Ring (1/6 ct. tw.),BE2D232_RENDER.glb,https://raw.githubusercontent.com/Parth-sa/elarisjewels/main/wedding_glbs/BE2D232_RENDER.glb,https://github.com/Parth-sa/elarisjewels/blob/main/wedding_glbs/BE2D232_RENDER.glb,1465.6
2D232LC,aria-contoured-lab-diamond-ring-1-6-ct-tw,Aria Contoured Lab Diamond Ring (1/6 ct. tw.),BE2D232LC_RENDER.glb,https://raw.githubusercontent.com/Parth-sa/elarisjewels/main/wedding_glbs/BE2D232LC_RENDER.glb,https://github.com/Parth-sa/elarisjewels/blob/main/wedding_glbs/BE2D232LC_RENDER.glb,1465.6
2D130E,arista-eternity-diamond-ring,Arista Eternity Diamond Ring,BE2D130E_RENDER.glb,https://raw.githubusercontent.com/Parth-sa/elarisjewels/main/wedding_glbs/BE2D130E_RENDER.glb,https://github.com/Parth-sa/elarisjewels/blob/main/wedding_glbs/BE2D130E_RENDER.glb,1029.6
2D130ELC,arista-eternity-lab-diamond-ring,Arista Eternity Lab Diamond Ring,BE2D130ELC_RENDER.glb,https://raw.githubusercontent.com/Parth-sa/elarisjewels/main/wedding_glbs/BE2D130ELC_RENDER.glb,https://github.com/Parth-sa/elarisjewels/blob/main/wedding_glbs/BE2D130ELC_RENDER.glb,1029.6
2D1112,astra-1-4mm-diamond-ring,Astra 1.4mm Diamond Ring,BE2D1112_RENDER.glb,https://raw.githubusercontent.com/Parth-sa/elarisjewels/main/wedding_glbs/BE2D1112_RENDER.glb,https://github.com/Parth-sa/elarisjewels/blob/main/wedding_glbs/BE2D1112_RENDER.glb,859.6
2D1112LC,astra-1-4mm-lab-diamond-ring,Astra 1.4mm Lab Diamond Ring,BE2D1112LC_RENDER.glb,https://raw.githubusercontent.com/Parth-sa/elarisjewels/main/wedding_glbs/BE2D1112LC_RENDER.glb,https://github.com/Parth-sa/elarisjewels/blob/main/wedding_glbs/BE2D1112LC_RENDER.glb,366.8
2D1115,astra-2-4mm-diamond-ring-1-4-ct-tw,Astra 2.4mm Diamond Ring (1/4 ct. tw.),BE2D1115_RENDER.glb,https://raw.githubusercontent.com/Parth-sa/elarisjewels/main/wedding_glbs/BE2D1115_RENDER.glb,https://github.com/Parth-sa/elarisjewels/blob/main/wedding_glbs/BE2D1115_RENDER.glb,249.1
2D516,astra-3-2mm-diamond-ring,Astra 3.2mm Diamond Ring,BE2D516_RENDER.glb,https://raw.githubusercontent.com/Parth-sa/elarisjewels/main/wedding_glbs/BE2D516_RENDER.glb,https://github.com/Parth-sa/elarisjewels/blob/main/wedding_glbs/BE2D516_RENDER.glb,181.9
2D1118,astra-contour-diamond-ring,Astra Contour Diamond Ring,BE2D1118_RENDER.glb,https://raw.githubusercontent.com/Parth-sa/elarisjewels/main/wedding_glbs/BE2D1118_RENDER.glb,https://github.com/Parth-sa/elarisjewels/blob/main/wedding_glbs/BE2D1118_RENDER.glb,226.0
2D343,aubrey-diamond-ring,Aubrey Diamond Ring,BE2D343_RENDER.glb,https://raw.githubusercontent.com/Parth-sa/elarisjewels/main/wedding_glbs/BE2D343_RENDER.glb,https://github.com/Parth-sa/elarisjewels/blob/main/wedding_glbs/BE2D343_RENDER.glb,190.3
2D3222,aurora-contour-diamond-ring-1-2-ct-tw,Aurora Contour Diamond Ring (1/2 ct. tw.),BE2D3222_RENDER.glb,https://raw.githubusercontent.com/Parth-sa/elarisjewels/main/wedding_glbs/BE2D3222_RENDER.glb,https://github.com/Parth-sa/elarisjewels/blob/main/wedding_glbs/BE2D3222_RENDER.glb,146.6
2D2713,austin-3mm-diamond-ring,Austin 3mm Diamond Ring,BE2D2713_RENDER.glb,https://raw.githubusercontent.com/Parth-sa/elarisjewels/main/wedding_glbs/BE2D2713_RENDER.glb,https://github.com/Parth-sa/elarisjewels/blob/main/wedding_glbs/BE2D2713_RENDER.glb,200.9
2D474,avalon-eternity-diamond-4mm-wedding-ring-1-3-ct-tw,Avalon Eternity Diamond 4mm Wedding Ring (1/3 ct. tw.),BE2D474_RENDER.glb,https://raw.githubusercontent.com/Parth-sa/elarisjewels/main/wedding_glbs/BE2D474_RENDER.glb,https://github.com/Parth-sa/elarisjewels/blob/main/wedding_glbs/BE2D474_RENDER.glb,873.9
2D1823E,ballad-eternity-diamond-ring-1-3-ct-tw,Ballad Eternity Diamond Ring (1/3 ct. tw.),BE2D1823E_RENDER.glb,https://raw.githubusercontent.com/Parth-sa/elarisjewels/main/wedding_glbs/BE2D1823E_RENDER.glb,https://github.com/Parth-sa/elarisjewels/blob/main/wedding_glbs/BE2D1823E_RENDER.glb,394.2
2D1823ELC,ballad-eternity-lab-diamond-ring-1-3-ct-tw,Ballad Eternity Lab Diamond Ring (1/3 ct. tw.),BE2D1823ELC_RENDER.glb,https://raw.githubusercontent.com/Parth-sa/elarisjewels/main/wedding_glbs/BE2D1823ELC_RENDER.glb,https://github.com/Parth-sa/elarisjewels/blob/main/wedding_glbs/BE2D1823ELC_RENDER.glb,394.2
2D1823,ballad-half-coverage-diamond-ring-1-6-ct-tw,Ballad Half Coverage Diamond Ring (1/6 ct. tw.),BE2D1823_RENDER.glb,https://raw.githubusercontent.com/Parth-sa/elarisjewels/main/wedding_glbs/BE2D1823_RENDER.glb,https://github.com/Parth-sa/elarisjewels/blob/main/wedding_glbs/BE2D1823_RENDER.glb,344.8
2D012,ballad-one-quarter-coverage-diamond-ring-1-10-ct-tw,Ballad One-Quarter Coverage Diamond Ring (1/10 ct. tw.),BE2D012_RENDER.glb,https://raw.githubusercontent.com/Parth-sa/elarisjewels/main/wedding_glbs/BE2D012_RENDER.glb,https://github.com/Parth-sa/elarisjewels/blob/main/wedding_glbs/BE2D012_RENDER.glb,333.1
264,ballad-three-quarter-coverage-diamond-ring-1-4-ct-tw,Ballad Three-Quarter Coverage Diamond Ring (1/4 ct. tw.),BE264_RENDER.glb,https://raw.githubusercontent.com/Parth-sa/elarisjewels/main/wedding_glbs/BE264_RENDER.glb,https://github.com/Parth-sa/elarisjewels/blob/main/wedding_glbs/BE264_RENDER.glb,400.2
264LC,ballad-three-quarter-coverage-lab-diamond-ring-1-4-ct-tw,Ballad Three-Quarter Coverage Lab Diamond Ring (1/4 ct. tw.),BE264LC_RENDER.glb,https://raw.githubusercontent.com/Parth-sa/elarisjewels/main/wedding_glbs/BE264LC_RENDER.glb,https://github.com/Parth-sa/elarisjewels/blob/main/wedding_glbs/BE264LC_RENDER.glb,434.3
2D837,bettina-contour-baguette-diamond-ring-1-4-ct-tw,Bettina Contour Baguette Diamond Ring (1/4 ct. tw.),BE2D837_RENDER.glb,https://raw.githubusercontent.com/Parth-sa/elarisjewels/main/wedding_glbs/BE2D837_RENDER.glb,https://github.com/Parth-sa/elarisjewels/blob/main/wedding_glbs/BE2D837_RENDER.glb,149.2
2D837LC,bettina-contour-baguette-lab-diamond-ring-1-4-ct-tw,Bettina Contour Baguette Lab Diamond Ring (1/4 ct. tw.),BE2D837LC_RENDER.glb,https://raw.githubusercontent.com/Parth-sa/elarisjewels/main/wedding_glbs/BE2D837LC_RENDER.glb,https://github.com/Parth-sa/elarisjewels/blob/main/wedding_glbs/BE2D837LC_RENDER.glb,149.4
2D583,bezel-baguette-eternity-diamond-ring-3-4-ct-tw,Bezel Baguette Eternity Diamond Ring (3/4 ct. tw.),BE2D583_RENDER.glb,https://raw.githubusercontent.com/Parth-sa/elarisjewels/main/wedding_glbs/BE2D583_RENDER.glb,https://github.com/Parth-sa/elarisjewels/blob/main/wedding_glbs/BE2D583_RENDER.glb,218.3
2D583LC,bezel-baguette-eternity-lab-diamond-ring-3-4-ct-tw,Bezel Baguette Eternity Lab Diamond Ring (3/4 ct. tw.),BE2D583LC_RENDER.glb,https://raw.githubusercontent.com/Parth-sa/elarisjewels/main/wedding_glbs/BE2D583LC_RENDER.glb,https://github.com/Parth-sa/elarisjewels/blob/main/wedding_glbs/BE2D583LC_RENDER.glb,218.3
2DEB150E,bezel-emerald-cut-eternity-diamond-ring-1-1-2-ct-tw,Bezel Emerald Cut Eternity Diamond Ring (1 1/2 ct. tw.),BE2DEB150E_RENDER.glb,https://raw.githubusercontent.com/Parth-sa/elarisjewels/main/wedding_glbs/BE2DEB150E_RENDER.glb,https://github.com/Parth-sa/elarisjewels/blob/main/wedding_glbs/BE2DEB150E_RENDER.glb,276.2
2DEB250ELC,bezel-emerald-cut-eternity-lab-diamond-ring-2-1-2-ct-tw,Bezel Emerald Cut Eternity Lab Diamond Ring (2 1/2 ct. tw.),BE2DEB250ELC_RENDER.glb,https://raw.githubusercontent.com/Parth-sa/elarisjewels/main/wedding_glbs/BE2DEB250ELC_RENDER.glb,https://github.com/Parth-sa/elarisjewels/blob/main/wedding_glbs/BE2DEB250ELC_RENDER.glb,300.5
2DB150LC,bezel-emerald-cut-lab-diamond-ring-1-1-2-ct-tw,Bezel Emerald-Cut Lab Diamond Ring (1 1/2 ct. tw.),BE2DB150LC_RENDER.glb,https://raw.githubusercontent.com/Parth-sa/elarisjewels/main/wedding_glbs/BE2DB150LC_RENDER.glb,https://github.com/Parth-sa/elarisjewels/blob/main/wedding_glbs/BE2DB150LC_RENDER.glb,264.7
2DEB150ELC,bezel-emerald-cut-lab-eternity-diamond-ring-1-1-2-ct-tw,Bezel Emerald Cut Lab Eternity Diamond Ring (1 1/2 ct. tw.),BE2DEB150ELC_RENDER.glb,https://raw.githubusercontent.com/Parth-sa/elarisjewels/main/wedding_glbs/BE2DEB150ELC_RENDER.glb,https://github.com/Parth-sa/elarisjewels/blob/main/wedding_glbs/BE2DEB150ELC_RENDER.glb,313.0
2D883,bezel-marquise-eternity-diamond-ring-3-4-ct-tw,Bezel Marquise Eternity Diamond Ring (3/4 ct. tw.),BE2D883_RENDER.glb,https://raw.githubusercontent.com/Parth-sa/elarisjewels/main/wedding_glbs/BE2D883_RENDER.glb,https://github.com/Parth-sa/elarisjewels/blob/main/wedding_glbs/BE2D883_RENDER.glb,247.2
2D883LC,bezel-marquise-eternity-lab-diamond-ring-3-4-ct-tw,Bezel Marquise Eternity Lab Diamond Ring (3/4 ct. tw.),BE2D883LC_RENDER.glb,https://raw.githubusercontent.com/Parth-sa/elarisjewels/main/wedding_glbs/BE2D883LC_RENDER.glb,https://github.com/Parth-sa/elarisjewels/blob/main/wedding_glbs/BE2D883LC_RENDER.glb,245.6
2D238BELC,bezel-oval-eternity-lab-diamond-ring,Bezel Oval Eternity Lab Diamond Ring,BE2D238BELC_RENDER.glb,https://raw.githubusercontent.com/Parth-sa/elarisjewels/main/wedding_glbs/BE2D238BELC_RENDER.glb,https://github.com/Parth-sa/elarisjewels/blob/main/wedding_glbs/BE2D238BELC_RENDER.glb,188.4
2DRB50E,bezel-round-eternity-diamond-ring-1-2-ct-tw,Bezel Round Eternity Diamond Ring (1/2 ct. tw.),BE2DRB50E_RENDER.glb,https://raw.githubusercontent.com/Parth-sa/elarisjewels/main/wedding_glbs/BE2DRB50E_RENDER.glb,https://github.com/Parth-sa/elarisjewels/blob/main/wedding_glbs/BE2DRB50E_RENDER.glb,359.8
2DRB100E,bezel-round-eternity-diamond-ring-1-ct-tw,Bezel Round Eternity Diamond Ring (1 ct. tw.),BE2DRB100E_RENDER.glb,https://raw.githubusercontent.com/Parth-sa/elarisjewels/main/wedding_glbs/BE2DRB100E_RENDER.glb,https://github.com/Parth-sa/elarisjewels/blob/main/wedding_glbs/BE2DRB100E_RENDER.glb,365.0
2DRB50ELC,bezel-round-eternity-lab-diamond-ring-1-2-ct-tw,Bezel Round Eternity Lab Diamond Ring (1/2 ct. tw.),BE2DRB50ELC_RENDER.glb,https://raw.githubusercontent.com/Parth-sa/elarisjewels/main/wedding_glbs/BE2DRB50ELC_RENDER.glb,https://github.com/Parth-sa/elarisjewels/blob/main/wedding_glbs/BE2DRB50ELC_RENDER.glb,359.8
2DRB100ELC,bezel-round-eternity-lab-diamond-ring-1-ct-tw,Bezel Round Eternity Lab Diamond Ring (1 ct. tw.),BE2DRB100ELC_RENDER.glb,https://raw.githubusercontent.com/Parth-sa/elarisjewels/main/wedding_glbs/BE2DRB100ELC_RENDER.glb,https://github.com/Parth-sa/elarisjewels/blob/main/wedding_glbs/BE2DRB100ELC_RENDER.glb,365.0
2990,blake-chain-ring,Blake Chain Ring,BE2990_RENDER.glb,https://raw.githubusercontent.com/Parth-sa/elarisjewels/main/wedding_glbs/BE2990_RENDER.glb,https://github.com/Parth-sa/elarisjewels/blob/main/wedding_glbs/BE2990_RENDER.glb,227.7
2FPD14,bliss-diamond-ring-1-5-ct-tw,Bliss Diamond Ring (1/5 ct. tw.),BE2FPD14_RENDER.glb,https://raw.githubusercontent.com/Parth-sa/elarisjewels/main/wedding_glbs/BE2FPD14_RENDER.glb,https://github.com/Parth-sa/elarisjewels/blob/main/wedding_glbs/BE2FPD14_RENDER.glb,259.8
2FPD14E,bliss-eternity-diamond-ring-1-2-ct-tw,Bliss Eternity Diamond Ring (1/2 ct. tw.),BE2FPD14E_RENDER.glb,https://raw.githubusercontent.com/Parth-sa/elarisjewels/main/wedding_glbs/BE2FPD14E_RENDER.glb,https://github.com/Parth-sa/elarisjewels/blob/main/wedding_glbs/BE2FPD14E_RENDER.glb,589.8
2FPD14LC,bliss-lab-diamond-ring-1-5-ct-tw,Bliss Lab Diamond Ring (1/5 ct. tw.),BE2FPD14LC_RENDER.glb,https://raw.githubusercontent.com/Parth-sa/elarisjewels/main/wedding_glbs/BE2FPD14LC_RENDER.glb,https://github.com/Parth-sa/elarisjewels/blob/main/wedding_glbs/BE2FPD14LC_RENDER.glb,259.8
2D1427,bliss-three-quarter-coverage-diamond-ring-1-3-ct-tw,Bliss Three-Quarter Coverage Diamond Ring (1/3 ct. tw.),BE2D1427_RENDER.glb,https://raw.githubusercontent.com/Parth-sa/elarisjewels/main/wedding_glbs/BE2D1427_RENDER.glb,https://github.com/Parth-sa/elarisjewels/blob/main/wedding_glbs/BE2D1427_RENDER.glb,312.9
2D8315,blooming-willow-diamond-ring-1-4-ct-tw,Blooming Willow Diamond Ring (1/4 ct. tw.),BE2D8315_RENDER.glb,https://raw.githubusercontent.com/Parth-sa/elarisjewels/main/wedding_glbs/BE2D8315_RENDER.glb,https://github.com/Parth-sa/elarisjewels/blob/main/wedding_glbs/BE2D8315_RENDER.glb,255.1
2D2112,bordeaux-shared-prong-diamond-ring-1-2-ct-tw,Bordeaux Shared Prong Diamond Ring (1/2 ct. tw.),BE2D2112_RENDER.glb,https://raw.githubusercontent.com/Parth-sa/elarisjewels/main/wedding_glbs/BE2D2112_RENDER.glb,https://github.com/Parth-sa/elarisjewels/blob/main/wedding_glbs/BE2D2112_RENDER.glb,289.4
2884,bowtie-wedding-ring,Bowtie Wedding Ring,BE2884_RENDER.glb,https://raw.githubusercontent.com/Parth-sa/elarisjewels/main/wedding_glbs/BE2884_RENDER.glb,https://github.com/Parth-sa/elarisjewels/blob/main/wedding_glbs/BE2884_RENDER.glb,1319.5
2D7948,calypso-diamond-ring,Calypso Diamond Ring,BE2D7948_RENDER.glb,https://raw.githubusercontent.com/Parth-sa/elarisjewels/main/wedding_glbs/BE2D7948_RENDER.glb,https://github.com/Parth-sa/elarisjewels/blob/main/wedding_glbs/BE2D7948_RENDER.glb,622.4
2D1289,camellia-eternity-diamond-ring,Camellia Eternity Diamond Ring,BE2D1289_RENDER.glb,https://raw.githubusercontent.com/Parth-sa/elarisjewels/main/wedding_glbs/BE2D1289_RENDER.glb,https://github.com/Parth-sa/elarisjewels/blob/main/wedding_glbs/BE2D1289_RENDER.glb,274.3
2D1289LC,camellia-eternity-lab-diamond-ring,Camellia Eternity Lab Diamond Ring,BE2D1289LC_RENDER.glb,https://raw.githubusercontent.com/Parth-sa/elarisjewels/main/wedding_glbs/BE2D1289LC_RENDER.glb,https://github.com/Parth-sa/elarisjewels/blob/main/wedding_glbs/BE2D1289LC_RENDER.glb,274.3
2D9904,camellia-milgrain-1-5mm-diamond-ring,Camellia Milgrain 1.5mm Diamond Ring,BE2D9904_RENDER.glb,https://raw.githubusercontent.com/Parth-sa/elarisjewels/main/wedding_glbs/BE2D9904_RENDER.glb,https://github.com/Parth-sa/elarisjewels/blob/main/wedding_glbs/BE2D9904_RENDER.glb,811.1
2D9905,camellia-milgrain-2-5mm-diamond-ring-1-4-ct-tw,Camellia Milgrain 2.5mm Diamond Ring (1/4 ct. tw.),BE2D9905_RENDER.glb,https://raw.githubusercontent.com/Parth-sa/elarisjewels/main/wedding_glbs/BE2D9905_RENDER.glb,https://github.com/Parth-sa/elarisjewels/blob/main/wedding_glbs/BE2D9905_RENDER.glb,276.4
2D784,camellia-milgrain-contoured-diamond-ring,Camellia Milgrain Contoured Diamond Ring,BE2D784_RENDER.glb,https://raw.githubusercontent.com/Parth-sa/elarisjewels/main/wedding_glbs/BE2D784_RENDER.glb,https://github.com/Parth-sa/elarisjewels/blob/main/wedding_glbs/BE2D784_RENDER.glb,210.5
2D5714,camellia-milgrain-diamond-open-ring,Camellia Milgrain Diamond Open Ring,BE2D5714_RENDER.glb,https://raw.githubusercontent.com/Parth-sa/elarisjewels/main/wedding_glbs/BE2D5714_RENDER.glb,https://github.com/Parth-sa/elarisjewels/blob/main/wedding_glbs/BE2D5714_RENDER.glb,190.0
2D249,camellia-milgrain-marquise-diamond-ring-3-4-ct-tw,Camellia Milgrain Marquise Diamond Ring (3/4 ct. tw.),BE2D249_RENDER.glb,https://raw.githubusercontent.com/Parth-sa/elarisjewels/main/wedding_glbs/BE2D249_RENDER.glb,https://github.com/Parth-sa/elarisjewels/blob/main/wedding_glbs/BE2D249_RENDER.glb,214.6
2D249LC,camellia-milgrain-marquise-lab-diamond-ring-3-4-ct-tw,Camellia Milgrain Marquise Lab Diamond Ring (3/4 ct. tw.),BE2D249LC_RENDER.glb,https://raw.githubusercontent.com/Parth-sa/elarisjewels/main/wedding_glbs/BE2D249LC_RENDER.glb,https://github.com/Parth-sa/elarisjewels/blob/main/wedding_glbs/BE2D249LC_RENDER.glb,214.6
26784,camellia-wedding-ring,Camellia Wedding Ring,BE26784_RENDER.glb,https://raw.githubusercontent.com/Parth-sa/elarisjewels/main/wedding_glbs/BE26784_RENDER.glb,https://github.com/Parth-sa/elarisjewels/blob/main/wedding_glbs/BE26784_RENDER.glb,139.8
2D5139,camille-contoured-diamond-ring-1-5-ct-tw,Camille Contoured Diamond Ring (1/5 ct. tw.),BE2D5139_RENDER.glb,https://raw.githubusercontent.com/Parth-sa/elarisjewels/main/wedding_glbs/BE2D5139_RENDER.glb,https://github.com/Parth-sa/elarisjewels/blob/main/wedding_glbs/BE2D5139_RENDER.glb,1538.3
2D832,camille-contoured-diamond-ring-3-4-ct-tw,Camille Contoured Diamond Ring (3/4 ct. tw.),BE2D832_RENDER.glb,https://raw.githubusercontent.com/Parth-sa/elarisjewels/main/wedding_glbs/BE2D832_RENDER.glb,https://github.com/Parth-sa/elarisjewels/blob/main/wedding_glbs/BE2D832_RENDER.glb,145.0
2D4646LC,cannes-curved-lab-diamond-ring-1-ct-tw,Cannes Curved Lab Diamond Ring (1 ct. tw.),BE2D4646LC_RENDER.glb,https://raw.githubusercontent.com/Parth-sa/elarisjewels/main/wedding_glbs/BE2D4646LC_RENDER.glb,https://github.com/Parth-sa/elarisjewels/blob/main/wedding_glbs/BE2D4646LC_RENDER.glb,147.9
2D889,canopy-pav-diamond-contour-ring,Canopy Pavé Diamond Contour Ring,BE2D889_RENDER.glb,https://raw.githubusercontent.com/Parth-sa/elarisjewels/main/wedding_glbs/BE2D889_RENDER.glb,https://github.com/Parth-sa/elarisjewels/blob/main/wedding_glbs/BE2D889_RENDER.glb,346.4
2D899,canopy-pav-eternity-diamond-ring,Canopy Pavé Eternity Diamond Ring,BE2D899_RENDER.glb,https://raw.githubusercontent.com/Parth-sa/elarisjewels/main/wedding_glbs/BE2D899_RENDER.glb,https://github.com/Parth-sa/elarisjewels/blob/main/wedding_glbs/BE2D899_RENDER.glb,821.2
2D817LC,cara-flush-set-eternity-lab-diamond-ring,Cara Flush Set Eternity Lab Diamond Ring,BE2D817LC_RENDER.glb,https://raw.githubusercontent.com/Parth-sa/elarisjewels/main/wedding_glbs/BE2D817LC_RENDER.glb,https://github.com/Parth-sa/elarisjewels/blob/main/wedding_glbs/BE2D817LC_RENDER.glb,146.4
2D8115,caris-diamond-ring-1-10-ct-tw,Caris Diamond Ring (1/10 ct. tw.),BE2D8115_RENDER.glb,https://raw.githubusercontent.com/Parth-sa/elarisjewels/main/wedding_glbs/BE2D8115_RENDER.glb,https://github.com/Parth-sa/elarisjewels/blob/main/wedding_glbs/BE2D8115_RENDER.glb,278.0
2D8115LC,caris-lab-diamond-ring-1-10-ct-tw,Caris Lab Diamond Ring (1/10 ct. tw.),BE2D8115LC_RENDER.glb,https://raw.githubusercontent.com/Parth-sa/elarisjewels/main/wedding_glbs/BE2D8115LC_RENDER.glb,https://github.com/Parth-sa/elarisjewels/blob/main/wedding_glbs/BE2D8115LC_RENDER.glb,278.0
2D5441,celestia-milgrain-diamond-ring-1-3-ct-tw,Celestia Milgrain Diamond Ring (1/3 ct. tw.),BE2D5441_RENDER.glb,https://raw.githubusercontent.com/Parth-sa/elarisjewels/main/wedding_glbs/BE2D5441_RENDER.glb,https://github.com/Parth-sa/elarisjewels/blob/main/wedding_glbs/BE2D5441_RENDER.glb,329.3
21131,celtic-knot-contoured-ring,Celtic Knot Contoured Ring,BE21131_RENDER.glb,https://raw.githubusercontent.com/Parth-sa/elarisjewels/main/wedding_glbs/BE21131_RENDER.glb,https://github.com/Parth-sa/elarisjewels/blob/main/wedding_glbs/BE21131_RENDER.glb,583.4
2D519,celtic-knot-diamond-ring,Celtic Knot Diamond Ring,BE2D519_RENDER.glb,https://raw.githubusercontent.com/Parth-sa/elarisjewels/main/wedding_glbs/BE2D519_RENDER.glb,https://github.com/Parth-sa/elarisjewels/blob/main/wedding_glbs/BE2D519_RENDER.glb,426.7
2D519LC,celtic-knot-lab-diamond-ring,Celtic Knot Lab Diamond Ring,BE2D519LC_RENDER.glb,https://raw.githubusercontent.com/Parth-sa/elarisjewels/main/wedding_glbs/BE2D519LC_RENDER.glb,https://github.com/Parth-sa/elarisjewels/blob/main/wedding_glbs/BE2D519LC_RENDER.glb,426.7
2D289LC,channel-set-baguette-eternity-lab-diamond-ring-1-1-2-ct-tw,Channel Set Baguette Eternity Lab Diamond Ring (1 1/2 ct. tw.),BE2D289LC_RENDER.glb,https://raw.githubusercontent.com/Parth-sa/elarisjewels/main/wedding_glbs/BE2D289LC_RENDER.glb,https://github.com/Parth-sa/elarisjewels/blob/main/wedding_glbs/BE2D289LC_RENDER.glb,210.2
2D217LC,channel-set-round-eternity-lab-diamond-ring,Channel Set Round Eternity Lab Diamond Ring,BE2D217LC_RENDER.glb,https://raw.githubusercontent.com/Parth-sa/elarisjewels/main/wedding_glbs/BE2D217LC_RENDER.glb,https://github.com/Parth-sa/elarisjewels/blob/main/wedding_glbs/BE2D217LC_RENDER.glb,344.8
2119,chevron-ring,Chevron Ring,BE2119_RENDER.glb,https://raw.githubusercontent.com/Parth-sa/elarisjewels/main/wedding_glbs/BE2119_RENDER.glb,https://github.com/Parth-sa/elarisjewels/blob/main/wedding_glbs/BE2119_RENDER.glb,62.1
2D818LC,chloe-flush-set-emerald-cut-3-2mm-lab-diamond-ring,Chloe Flush Set Emerald Cut 3.2mm Lab Diamond Ring,BE2D818LC_RENDER.glb,https://raw.githubusercontent.com/Parth-sa/elarisjewels/main/wedding_glbs/BE2D818LC_RENDER.glb,https://github.com/Parth-sa/elarisjewels/blob/main/wedding_glbs/BE2D818LC_RENDER.glb,392.0
2D581,chloe-flush-set-emerald-cut-4-5mm-diamond-ring,Chloe Flush Set Emerald Cut 4.5mm Diamond Ring,BE2D581_RENDER.glb,https://raw.githubusercontent.com/Parth-sa/elarisjewels/main/wedding_glbs/BE2D581_RENDER.glb,https://github.com/Parth-sa/elarisjewels/blob/main/wedding_glbs/BE2D581_RENDER.glb,617.3
2D581LC,chloe-flush-set-emerald-cut-4-5mm-lab-diamond-ring,Chloe Flush Set Emerald Cut 4.5mm Lab Diamond Ring,BE2D581LC_RENDER.glb,https://raw.githubusercontent.com/Parth-sa/elarisjewels/main/wedding_glbs/BE2D581LC_RENDER.glb,https://github.com/Parth-sa/elarisjewels/blob/main/wedding_glbs/BE2D581LC_RENDER.glb,294.6
2D1312,clemente-eternity-diamond-ring,Clemente Eternity Diamond Ring,BE2D1312_RENDER.glb,https://raw.githubusercontent.com/Parth-sa/elarisjewels/main/wedding_glbs/BE2D1312_RENDER.glb,https://github.com/Parth-sa/elarisjewels/blob/main/wedding_glbs/BE2D1312_RENDER.glb,347.7
2D052LC,colette-lab-diamond-ring-1-2-ct-tw,Colette Lab Diamond Ring (1/2 ct. tw.),BE2D052LC_RENDER.glb,https://raw.githubusercontent.com/Parth-sa/elarisjewels/main/wedding_glbs/BE2D052LC_RENDER.glb,https://github.com/Parth-sa/elarisjewels/blob/main/wedding_glbs/BE2D052LC_RENDER.glb,833.3
2D053LC,colette-lab-diamond-ring-1-ct-tw,Colette Lab Diamond Ring (1 ct. tw.),BE2D053LC_RENDER.glb,https://raw.githubusercontent.com/Parth-sa/elarisjewels/main/wedding_glbs/BE2D053LC_RENDER.glb,https://github.com/Parth-sa/elarisjewels/blob/main/wedding_glbs/BE2D053LC_RENDER.glb,169.3
206,comfort-fit-4mm-wedding-ring,Comfort Fit 4mm Wedding Ring,BE206_RENDER.glb,https://raw.githubusercontent.com/Parth-sa/elarisjewels/main/wedding_glbs/BE206_RENDER.glb,https://github.com/Parth-sa/elarisjewels/blob/main/wedding_glbs/BE206_RENDER.glb,132.1
2D887,corinne-contour-diamond-ring-1-3-ct-tw,Corinne Contour Diamond Ring (1/3 ct. tw.),BE2D887_RENDER.glb,https://raw.githubusercontent.com/Parth-sa/elarisjewels/main/wedding_glbs/BE2D887_RENDER.glb,https://github.com/Parth-sa/elarisjewels/blob/main/wedding_glbs/BE2D887_RENDER.glb,327.5
2D213,crescent-diamond-ring,Crescent Diamond Ring,BE2D213_RENDER.glb,https://raw.githubusercontent.com/Parth-sa/elarisjewels/main/wedding_glbs/BE2D213_RENDER.glb,https://github.com/Parth-sa/elarisjewels/blob/main/wedding_glbs/BE2D213_RENDER.glb,187.2
2D3542P,curved-ballad-diamond-ring-1-6-ct-tw,Curved Ballad Diamond Ring (1/6 ct. tw.),BE2D3542P_RENDER.glb,https://raw.githubusercontent.com/Parth-sa/elarisjewels/main/wedding_glbs/BE2D3542P_RENDER.glb,https://github.com/Parth-sa/elarisjewels/blob/main/wedding_glbs/BE2D3542P_RENDER.glb,275.8
2D3542PLC,curved-ballad-lab-diamond-ring-1-6-ct-tw,Curved Ballad Lab Diamond Ring (1/6 ct. tw.),BE2D3542PLC_RENDER.glb,https://raw.githubusercontent.com/Parth-sa/elarisjewels/main/wedding_glbs/BE2D3542PLC_RENDER.glb,https://github.com/Parth-sa/elarisjewels/blob/main/wedding_glbs/BE2D3542PLC_RENDER.glb,275.8
2D3216,curved-diamond-ring-1-6-ct-tw,Curved Diamond Ring (1/6 ct. tw.),BE2D3216_RENDER.glb,https://raw.githubusercontent.com/Parth-sa/elarisjewels/main/wedding_glbs/BE2D3216_RENDER.glb,https://github.com/Parth-sa/elarisjewels/blob/main/wedding_glbs/BE2D3216_RENDER.glb,445.7
2D7422,curved-versailles-diamond-ring,Curved Versailles Diamond Ring,BE2D7422_RENDER.glb,https://raw.githubusercontent.com/Parth-sa/elarisjewels/main/wedding_glbs/BE2D7422_RENDER.glb,https://github.com/Parth-sa/elarisjewels/blob/main/wedding_glbs/BE2D7422_RENDER.glb,446.3
2D7422LC,curved-versailles-lab-diamond-ring,Curved Versailles Lab Diamond Ring,BE2D7422LC_RENDER.glb,https://raw.githubusercontent.com/Parth-sa/elarisjewels/main/wedding_glbs/BE2D7422LC_RENDER.glb,https://github.com/Parth-sa/elarisjewels/blob/main/wedding_glbs/BE2D7422LC_RENDER.glb,124.1
2D1830,danica-eternity-diamond-ring-1-4-ct-tw,Danica Eternity Diamond Ring (1/4 ct. tw.),BE2D1830_RENDER.glb,https://raw.githubusercontent.com/Parth-sa/elarisjewels/main/wedding_glbs/BE2D1830_RENDER.glb,https://github.com/Parth-sa/elarisjewels/blob/main/wedding_glbs/BE2D1830_RENDER.glb,258.9
2D5689,delicate-amelie-diamond-ring-1-5-ct-tw,Delicate Amelie Diamond Ring (1/5 ct. tw.),BE2D5689_RENDER.glb,https://raw.githubusercontent.com/Parth-sa/elarisjewels/main/wedding_glbs/BE2D5689_RENDER.glb,https://github.com/Parth-sa/elarisjewels/blob/main/wedding_glbs/BE2D5689_RENDER.glb,435.3
2D3030,delicate-gemma-baguette-diamond-ring-1-6-ct-tw,Delicate Gemma Baguette Diamond Ring (1/6 ct. tw.),BE2D3030_RENDER.glb,https://raw.githubusercontent.com/Parth-sa/elarisjewels/main/wedding_glbs/BE2D3030_RENDER.glb,https://github.com/Parth-sa/elarisjewels/blob/main/wedding_glbs/BE2D3030_RENDER.glb,221.3
2D8009,delicate-versailles-contour-diamond-ring-1-3-ct-tw,Delicate Versailles Contour Diamond Ring (1/3 ct. tw.),BE2D8009_RENDER.glb,https://raw.githubusercontent.com/Parth-sa/elarisjewels/main/wedding_glbs/BE2D8009_RENDER.glb,https://github.com/Parth-sa/elarisjewels/blob/main/wedding_glbs/BE2D8009_RENDER.glb,210.9
2D8009LC,delicate-versailles-contour-lab-diamond-ring-1-3-ct-tw,Delicate Versailles Contour Lab Diamond Ring (1/3 ct. tw.),BE2D8009LC_RENDER.glb,https://raw.githubusercontent.com/Parth-sa/elarisjewels/main/wedding_glbs/BE2D8009LC_RENDER.glb,https://github.com/Parth-sa/elarisjewels/blob/main/wedding_glbs/BE2D8009LC_RENDER.glb,210.9
2D3515,delicate-versailles-diamond-ring-1-4-ct-tw,Delicate Versailles Diamond Ring (1/4 ct. tw.),BE2D3515_RENDER.glb,https://raw.githubusercontent.com/Parth-sa/elarisjewels/main/wedding_glbs/BE2D3515_RENDER.glb,https://github.com/Parth-sa/elarisjewels/blob/main/wedding_glbs/BE2D3515_RENDER.glb,199.2
2D9372,delicate-versailles-eternity-diamond-ring-1-2-ct-tw,Delicate Versailles Eternity Diamond Ring (1/2 ct. tw.),BE2D9372_RENDER.glb,https://raw.githubusercontent.com/Parth-sa/elarisjewels/main/wedding_glbs/BE2D9372_RENDER.glb,https://github.com/Parth-sa/elarisjewels/blob/main/wedding_glbs/BE2D9372_RENDER.glb,326.9
2D3515LC,delicate-versailles-lab-diamond-ring-1-4-ct-tw,Delicate Versailles Lab Diamond Ring (1/4 ct. tw.),BE2D3515LC_RENDER.glb,https://raw.githubusercontent.com/Parth-sa/elarisjewels/main/wedding_glbs/BE2D3515LC_RENDER.glb,https://github.com/Parth-sa/elarisjewels/blob/main/wedding_glbs/BE2D3515LC_RENDER.glb,367.3
2523,dezi-herringbone-3mm-ring,Dezi Herringbone 3mm Ring,BE2523_RENDER.glb,https://raw.githubusercontent.com/Parth-sa/elarisjewels/main/wedding_glbs/BE2523_RENDER.glb,https://github.com/Parth-sa/elarisjewels/blob/main/wedding_glbs/BE2523_RENDER.glb,141.1
2D5314,diana-diamond-ring,Diana Diamond Ring,BE2D5314_RENDER.glb,https://raw.githubusercontent.com/Parth-sa/elarisjewels/main/wedding_glbs/BE2D5314_RENDER.glb,https://github.com/Parth-sa/elarisjewels/blob/main/wedding_glbs/BE2D5314_RENDER.glb,164.1
2D1646,east-west-bezel-emerald-cut-eternity-diamond-ring-1-1-2-ct-tw,East-West Bezel Emerald Cut Eternity Diamond Ring (1 1/2 ct. tw.),BE2D1646_RENDER.glb,https://raw.githubusercontent.com/Parth-sa/elarisjewels/main/wedding_glbs/BE2D1646_RENDER.glb,https://github.com/Parth-sa/elarisjewels/blob/main/wedding_glbs/BE2D1646_RENDER.glb,624.2
2D1646LC,east-west-bezel-emerald-cut-eternity-lab-diamond-ring-1-1-2-ct-tw,East-West Bezel Emerald Cut Eternity Lab Diamond Ring (1 1/2 ct. tw.),BE2D1646LC_RENDER.glb,https://raw.githubusercontent.com/Parth-sa/elarisjewels/main/wedding_glbs/BE2D1646LC_RENDER.glb,https://github.com/Parth-sa/elarisjewels/blob/main/wedding_glbs/BE2D1646LC_RENDER.glb,482.7
2D210BELC,east-west-bezel-oval-eternity-lab-diamond-ring,East-West Bezel Oval Eternity Lab Diamond Ring,BE2D210BELC_RENDER.glb,https://raw.githubusercontent.com/Parth-sa/elarisjewels/main/wedding_glbs/BE2D210BELC_RENDER.glb,https://github.com/Parth-sa/elarisjewels/blob/main/wedding_glbs/BE2D210BELC_RENDER.glb,188.1
2D209BELC,east-west-bezel-pear-eternity-lab-diamond-ring,East-West Bezel Pear Eternity Lab Diamond Ring,BE2D209BELC_RENDER.glb,https://raw.githubusercontent.com/Parth-sa/elarisjewels/main/wedding_glbs/BE2D209BELC_RENDER.glb,https://github.com/Parth-sa/elarisjewels/blob/main/wedding_glbs/BE2D209BELC_RENDER.glb,166.1
2D359,elara-2mm-diamond-ring,Elara 2mm Diamond Ring,BE2D359_RENDER.glb,https://raw.githubusercontent.com/Parth-sa/elarisjewels/main/wedding_glbs/BE2D359_RENDER.glb,https://github.com/Parth-sa/elarisjewels/blob/main/wedding_glbs/BE2D359_RENDER.glb,661.0
2D1111,elara-3mm-diamond-ring,Elara 3mm Diamond Ring,BE2D1111_RENDER.glb,https://raw.githubusercontent.com/Parth-sa/elarisjewels/main/wedding_glbs/BE2D1111_RENDER.glb,https://github.com/Parth-sa/elarisjewels/blob/main/wedding_glbs/BE2D1111_RENDER.glb,411.8
2D1397,elise-emerald-cut-and-round-eternity-diamond-ring,Elise Emerald Cut and Round Eternity Diamond Ring,BE2D1397_RENDER.glb,https://raw.githubusercontent.com/Parth-sa/elarisjewels/main/wedding_glbs/BE2D1397_RENDER.glb,https://github.com/Parth-sa/elarisjewels/blob/main/wedding_glbs/BE2D1397_RENDER.glb,438.2
2D896,ellipse-oval-diamond-ring,Ellipse Oval Diamond Ring,BE2D896_RENDER.glb,https://raw.githubusercontent.com/Parth-sa/elarisjewels/main/wedding_glbs/BE2D896_RENDER.glb,https://github.com/Parth-sa/elarisjewels/blob/main/wedding_glbs/BE2D896_RENDER.glb,126.2
2D8395LC,ellipse-oval-lab-diamond-ring-1-1-2-ct-tw,Ellipse Oval Lab Diamond Ring (1 1/2 ct. tw.),BE2D8395LC_RENDER.glb,https://raw.githubusercontent.com/Parth-sa/elarisjewels/main/wedding_glbs/BE2D8395LC_RENDER.glb,https://github.com/Parth-sa/elarisjewels/blob/main/wedding_glbs/BE2D8395LC_RENDER.glb,165.9
2D2811ET,ellora-eternity-diamond-ring-1-3-4-ct-tw,Ellora Eternity Diamond Ring (1 3/4 ct. tw.),BE2D2811ET_RENDER.glb,https://raw.githubusercontent.com/Parth-sa/elarisjewels/main/wedding_glbs/BE2D2811ET_RENDER.glb,https://github.com/Parth-sa/elarisjewels/blob/main/wedding_glbs/BE2D2811ET_RENDER.glb,432.4
2D2811ETLC,ellora-eternity-lab-diamond-ring-1-3-4-ct-tw,Ellora Eternity Lab Diamond Ring (1 3/4 ct. tw.),BE2D2811ETLC_RENDER.glb,https://raw.githubusercontent.com/Parth-sa/elarisjewels/main/wedding_glbs/BE2D2811ETLC_RENDER.glb,https://github.com/Parth-sa/elarisjewels/blob/main/wedding_glbs/BE2D2811ETLC_RENDER.glb,432.4
2M2811,ellora-half-coverage-diamond-ring-7-8-ct-tw,Ellora Half Coverage Diamond Ring (7/8 ct. tw.),BE2M2811_RENDER.glb,https://raw.githubusercontent.com/Parth-sa/elarisjewels/main/wedding_glbs/BE2M2811_RENDER.glb,https://github.com/Parth-sa/elarisjewels/blob/main/wedding_glbs/BE2M2811_RENDER.glb,669.2
2M2811LC,ellora-half-coverage-lab-diamond-ring-7-8-ct-tw,Ellora Half Coverage Lab Diamond Ring (7/8 ct. tw.),BE2M2811LC_RENDER.glb,https://raw.githubusercontent.com/Parth-sa/elarisjewels/main/wedding_glbs/BE2M2811LC_RENDER.glb,https://github.com/Parth-sa/elarisjewels/blob/main/wedding_glbs/BE2M2811LC_RENDER.glb,319.3
2D8721P,ellora-three-quarter-coverage-diamond-ring-1-2-5-ct-tw,Ellora Three-Quarter Coverage Diamond Ring (1 2/5 ct. tw.),BE2D8721P_RENDER.glb,https://raw.githubusercontent.com/Parth-sa/elarisjewels/main/wedding_glbs/BE2D8721P_RENDER.glb,https://github.com/Parth-sa/elarisjewels/blob/main/wedding_glbs/BE2D8721P_RENDER.glb,448.3
2D8721PLC,ellora-three-quarter-coverage-lab-diamond-ring-1-2-5-ct-tw,Ellora Three-Quarter Coverage Lab Diamond Ring (1 2/5 ct. tw.),BE2D8721PLC_RENDER.glb,https://raw.githubusercontent.com/Parth-sa/elarisjewels/main/wedding_glbs/BE2D8721PLC_RENDER.glb,https://github.com/Parth-sa/elarisjewels/blob/main/wedding_glbs/BE2D8721PLC_RENDER.glb,478.7
2D1126LC,elodie-eternity-lab-diamond-ring-1-ct-tw,Elodie Eternity Lab Diamond Ring (1 ct. tw.),BE2D1126LC_RENDER.glb,https://raw.githubusercontent.com/Parth-sa/elarisjewels/main/wedding_glbs/BE2D1126LC_RENDER.glb,https://github.com/Parth-sa/elarisjewels/blob/main/wedding_glbs/BE2D1126LC_RENDER.glb,310.6
2D1127LC,elodie-eternity-lab-diamond-ring-2-ct-tw,Elodie Eternity Lab Diamond Ring (2 ct. tw.),BE2D1127LC_RENDER.glb,https://raw.githubusercontent.com/Parth-sa/elarisjewels/main/wedding_glbs/BE2D1127LC_RENDER.glb,https://github.com/Parth-sa/elarisjewels/blob/main/wedding_glbs/BE2D1127LC_RENDER.glb,731.2
2D1746,elongated-chiara-diamond-ring-1-3-ct-tw,Elongated Chiara Diamond Ring (1/3 ct. tw.),BE2D1746_RENDER.glb,https://raw.githubusercontent.com/Parth-sa/elarisjewels/main/wedding_glbs/BE2D1746_RENDER.glb,https://github.com/Parth-sa/elarisjewels/blob/main/wedding_glbs/BE2D1746_RENDER.glb,348.2
2320,elongated-flair-diamond-ring,Elongated Flair Diamond Ring,BE2320_RENDER.glb,https://raw.githubusercontent.com/Parth-sa/elarisjewels/main/wedding_glbs/BE2320_RENDER.glb,https://github.com/Parth-sa/elarisjewels/blob/main/wedding_glbs/BE2320_RENDER.glb,268.5
2D2320LC,elongated-flair-lab-diamond-ring,Elongated Flair Lab Diamond Ring,BE2D2320LC_RENDER.glb,https://raw.githubusercontent.com/Parth-sa/elarisjewels/main/wedding_glbs/BE2D2320LC_RENDER.glb,https://github.com/Parth-sa/elarisjewels/blob/main/wedding_glbs/BE2D2320LC_RENDER.glb,268.5
2D333,elongated-lunette-diamond-ring-1-8-ct-tw,Elongated Lunette Diamond Ring (1/8 ct. tw.),BE2D333_RENDER.glb,https://raw.githubusercontent.com/Parth-sa/elarisjewels/main/wedding_glbs/BE2D333_RENDER.glb,https://github.com/Parth-sa/elarisjewels/blob/main/wedding_glbs/BE2D333_RENDER.glb,222.7
2D6381LC,elowen-lab-diamond-ring-1-ct-tw,Elowen Lab Diamond Ring (1 ct. tw.),BE2D6381LC_RENDER.glb,https://raw.githubusercontent.com/Parth-sa/elarisjewels/main/wedding_glbs/BE2D6381LC_RENDER.glb,https://github.com/Parth-sa/elarisjewels/blob/main/wedding_glbs/BE2D6381LC_RENDER.glb,478.4
21336,elsie-hand-engraved-ring,Elsie Hand Engraved Ring,BE21336_RENDER.glb,https://raw.githubusercontent.com/Parth-sa/elarisjewels/main/wedding_glbs/BE21336_RENDER.glb,https://github.com/Parth-sa/elarisjewels/blob/main/wedding_glbs/BE21336_RENDER.glb,543.7
2D3634,emerald-diamond-toi-et-moi-nesting-ring-1-ct-tw,Emerald Diamond Toi Et Moi Nesting Ring (1 ct. tw.),BE2D3634_RENDER.glb,https://raw.githubusercontent.com/Parth-sa/elarisjewels/main/wedding_glbs/BE2D3634_RENDER.glb,https://github.com/Parth-sa/elarisjewels/blob/main/wedding_glbs/BE2D3634_RENDER.glb,109.0
2DEM200E,emerald-eternity-diamond-ring-2-ct-tw,Emerald Eternity Diamond Ring (2 ct. tw.),BE2DEM200E_RENDER.glb,https://raw.githubusercontent.com/Parth-sa/elarisjewels/main/wedding_glbs/BE2DEM200E_RENDER.glb,https://github.com/Parth-sa/elarisjewels/blob/main/wedding_glbs/BE2DEM200E_RENDER.glb,343.6
2DEM300E,emerald-eternity-diamond-ring-3-ct-tw,Emerald Eternity Diamond Ring (3 ct. tw.),BE2DEM300E_RENDER.glb,https://raw.githubusercontent.com/Parth-sa/elarisjewels/main/wedding_glbs/BE2DEM300E_RENDER.glb,https://github.com/Parth-sa/elarisjewels/blob/main/wedding_glbs/BE2DEM300E_RENDER.glb,328.6
2DEM400E,emerald-eternity-diamond-ring-4-ct-tw,Emerald Eternity Diamond Ring (4 ct. tw.),BE2DEM400E_RENDER.glb,https://raw.githubusercontent.com/Parth-sa/elarisjewels/main/wedding_glbs/BE2DEM400E_RENDER.glb,https://github.com/Parth-sa/elarisjewels/blob/main/wedding_glbs/BE2DEM400E_RENDER.glb,282.7
2DEM500E,emerald-eternity-diamond-ring-5-ct-tw,Emerald Eternity Diamond Ring (5 ct. tw.),BE2DEM500E_RENDER.glb,https://raw.githubusercontent.com/Parth-sa/elarisjewels/main/wedding_glbs/BE2DEM500E_RENDER.glb,https://github.com/Parth-sa/elarisjewels/blob/main/wedding_glbs/BE2DEM500E_RENDER.glb,222.5
2DEM600E,emerald-eternity-diamond-ring-6-ct-tw,Emerald Eternity Diamond Ring (6 ct. tw.),BE2DEM600E_RENDER.glb,https://raw.githubusercontent.com/Parth-sa/elarisjewels/main/wedding_glbs/BE2DEM600E_RENDER.glb,https://github.com/Parth-sa/elarisjewels/blob/main/wedding_glbs/BE2DEM600E_RENDER.glb,300.0
2DEM800E,emerald-eternity-diamond-ring-8-ct-tw,Emerald Eternity Diamond Ring (8 ct. tw.),BE2DEM800E_RENDER.glb,https://raw.githubusercontent.com/Parth-sa/elarisjewels/main/wedding_glbs/BE2DEM800E_RENDER.glb,https://github.com/Parth-sa/elarisjewels/blob/main/wedding_glbs/BE2DEM800E_RENDER.glb,245.4
2DEM200ELC,emerald-eternity-lab-diamond-ring-2-ct-tw,Emerald Eternity Lab Diamond Ring (2 ct. tw.),BE2DEM200ELC_RENDER.glb,https://raw.githubusercontent.com/Parth-sa/elarisjewels/main/wedding_glbs/BE2DEM200ELC_RENDER.glb,https://github.com/Parth-sa/elarisjewels/blob/main/wedding_glbs/BE2DEM200ELC_RENDER.glb,477.5
2DEM300ELC,emerald-eternity-lab-diamond-ring-3-ct-tw,Emerald Eternity Lab Diamond Ring (3 ct. tw.),BE2DEM300ELC_RENDER.glb,https://raw.githubusercontent.com/Parth-sa/elarisjewels/main/wedding_glbs/BE2DEM300ELC_RENDER.glb,https://github.com/Parth-sa/elarisjewels/blob/main/wedding_glbs/BE2DEM300ELC_RENDER.glb,286.2
2DEM400ELC,emerald-eternity-lab-diamond-ring-4-ct-tw,Emerald Eternity Lab Diamond Ring (4 ct. tw.),BE2DEM400ELC_RENDER.glb,https://raw.githubusercontent.com/Parth-sa/elarisjewels/main/wedding_glbs/BE2DEM400ELC_RENDER.glb,https://github.com/Parth-sa/elarisjewels/blob/main/wedding_glbs/BE2DEM400ELC_RENDER.glb,282.5
2DEM500ELC,emerald-eternity-lab-diamond-ring-5-ct-tw,Emerald Eternity Lab Diamond Ring (5 ct. tw.),BE2DEM500ELC_RENDER.glb,https://raw.githubusercontent.com/Parth-sa/elarisjewels/main/wedding_glbs/BE2DEM500ELC_RENDER.glb,https://github.com/Parth-sa/elarisjewels/blob/main/wedding_glbs/BE2DEM500ELC_RENDER.glb,272.7
2DEM600ELC,emerald-eternity-lab-diamond-ring-6-ct-tw,Emerald Eternity Lab Diamond Ring (6 ct. tw.),BE2DEM600ELC_RENDER.glb,https://raw.githubusercontent.com/Parth-sa/elarisjewels/main/wedding_glbs/BE2DEM600ELC_RENDER.glb,https://github.com/Parth-sa/elarisjewels/blob/main/wedding_glbs/BE2DEM600ELC_RENDER.glb,270.2
2DEM800ELC,emerald-eternity-lab-diamond-ring-8-ct-tw,Emerald Eternity Lab Diamond Ring (8 ct. tw.),BE2DEM800ELC_RENDER.glb,https://raw.githubusercontent.com/Parth-sa/elarisjewels/main/wedding_glbs/BE2DEM800ELC_RENDER.glb,https://github.com/Parth-sa/elarisjewels/blob/main/wedding_glbs/BE2DEM800ELC_RENDER.glb,245.4
2D3634LC,emerald-lab-diamond-toi-et-moi-nesting-ring-1-ct-tw,Emerald Lab Diamond Toi Et Moi Nesting Ring (1 ct. tw.),BE2D3634LC_RENDER.glb,https://raw.githubusercontent.com/Parth-sa/elarisjewels/main/wedding_glbs/BE2D3634LC_RENDER.glb,https://github.com/Parth-sa/elarisjewels/blob/main/wedding_glbs/BE2D3634LC_RENDER.glb,109.0
2D186LC,emerald-three-quarter-coverage-lab-diamond-ring-1-1-2-ct-tw,Emerald Three-Quarter Coverage Lab Diamond Ring (1 1/2 ct. tw.),BE2D186LC_RENDER.glb,https://raw.githubusercontent.com/Parth-sa/elarisjewels/main/wedding_glbs/BE2D186LC_RENDER.glb,https://github.com/Parth-sa/elarisjewels/blob/main/wedding_glbs/BE2D186LC_RENDER.glb,134.8
2D5603,emilie-seven-stone-contour-diamond-ring-1-2-ct-tw,Emilie Seven Stone Contour Diamond Ring (1/2 ct. tw.),BE2D5603_RENDER.glb,https://raw.githubusercontent.com/Parth-sa/elarisjewels/main/wedding_glbs/BE2D5603_RENDER.glb,https://github.com/Parth-sa/elarisjewels/blob/main/wedding_glbs/BE2D5603_RENDER.glb,270.0
2D1816,entwined-contour-diamond-ring-1-5-ct-tw,Entwined Contour Diamond Ring (1/5 ct. tw.),BE2D1816_RENDER.glb,https://raw.githubusercontent.com/Parth-sa/elarisjewels/main/wedding_glbs/BE2D1816_RENDER.glb,https://github.com/Parth-sa/elarisjewels/blob/main/wedding_glbs/BE2D1816_RENDER.glb,415.2
21842,entwined-contour-ring,Entwined Contour Ring,BE21842_RENDER.glb,https://raw.githubusercontent.com/Parth-sa/elarisjewels/main/wedding_glbs/BE21842_RENDER.glb,https://github.com/Parth-sa/elarisjewels/blob/main/wedding_glbs/BE21842_RENDER.glb,249.6
2D1661,espira-eternity-diamond-ring-1-3-ct-tw,Espira Eternity Diamond Ring (1/3 ct. tw.),BE2D1661_RENDER.glb,https://raw.githubusercontent.com/Parth-sa/elarisjewels/main/wedding_glbs/BE2D1661_RENDER.glb,https://github.com/Parth-sa/elarisjewels/blob/main/wedding_glbs/BE2D1661_RENDER.glb,411.2
2D849LC,esther-lab-diamond-ring-1-ct-tw,Esther Lab Diamond Ring (1 ct. tw.),BE2D849LC_RENDER.glb,https://raw.githubusercontent.com/Parth-sa/elarisjewels/main/wedding_glbs/BE2D849LC_RENDER.glb,https://github.com/Parth-sa/elarisjewels/blob/main/wedding_glbs/BE2D849LC_RENDER.glb,343.2
2D1463LC,esther-lab-diamond-ring-2-1-8-ct-tw,Esther Lab Diamond Ring (2 1/8 ct. tw.),BE2D1463LC_RENDER.glb,https://raw.githubusercontent.com/Parth-sa/elarisjewels/main/wedding_glbs/BE2D1463LC_RENDER.glb,https://github.com/Parth-sa/elarisjewels/blob/main/wedding_glbs/BE2D1463LC_RENDER.glb,411.5
2SD24R144,eternity-diamond-ring-1-1-3-ct-tw,Eternity Diamond Ring (1 1/3 ct. tw.),BE2SD24R144_RENDER.glb,https://raw.githubusercontent.com/Parth-sa/elarisjewels/main/wedding_glbs/BE2SD24R144_RENDER.glb,https://github.com/Parth-sa/elarisjewels/blob/main/wedding_glbs/BE2SD24R144_RENDER.glb,284.2
2U10D3,eternity-diamond-ring-2-ct-tw,Eternity Diamond Ring (2 ct. tw.),BE2U10D3_RENDER.glb,https://raw.githubusercontent.com/Parth-sa/elarisjewels/main/wedding_glbs/BE2U10D3_RENDER.glb,https://github.com/Parth-sa/elarisjewels/blob/main/wedding_glbs/BE2U10D3_RENDER.glb,329.7
2SD20R3,eternity-diamond-ring-3-ct-tw,Eternity Diamond Ring (3 ct. tw.),BE2SD20R3_RENDER.glb,https://raw.githubusercontent.com/Parth-sa/elarisjewels/main/wedding_glbs/BE2SD20R3_RENDER.glb,https://github.com/Parth-sa/elarisjewels/blob/main/wedding_glbs/BE2SD20R3_RENDER.glb,274.3
2SD14R4,eternity-diamond-ring-4-ct-tw,Eternity Diamond Ring (4 ct. tw.),BE2SD14R4_RENDER.glb,https://raw.githubusercontent.com/Parth-sa/elarisjewels/main/wedding_glbs/BE2SD14R4_RENDER.glb,https://github.com/Parth-sa/elarisjewels/blob/main/wedding_glbs/BE2SD14R4_RENDER.glb,344.2
2U30D43,eternity-diamond-ring-5-ct-tw,Eternity Diamond Ring (5 ct. tw.),BE2U30D43_RENDER.glb,https://raw.githubusercontent.com/Parth-sa/elarisjewels/main/wedding_glbs/BE2U30D43_RENDER.glb,https://github.com/Parth-sa/elarisjewels/blob/main/wedding_glbs/BE2U30D43_RENDER.glb,248.0
2SD24R144LC,eternity-lab-diamond-ring-1-1-3-ct-tw,Eternity Lab Diamond Ring (1 1/3 ct. tw.),BE2SD24R144LC_RENDER.glb,https://raw.githubusercontent.com/Parth-sa/elarisjewels/main/wedding_glbs/BE2SD24R144LC_RENDER.glb,https://github.com/Parth-sa/elarisjewels/blob/main/wedding_glbs/BE2SD24R144LC_RENDER.glb,305.7
2U10D3LC,eternity-lab-diamond-ring-2-ct-tw,Eternity Lab Diamond Ring (2 ct. tw.),BE2U10D3LC_RENDER.glb,https://raw.githubusercontent.com/Parth-sa/elarisjewels/main/wedding_glbs/BE2U10D3LC_RENDER.glb,https://github.com/Parth-sa/elarisjewels/blob/main/wedding_glbs/BE2U10D3LC_RENDER.glb,329.7
2SD20R3LC,eternity-lab-diamond-ring-3-ct-tw,Eternity Lab Diamond Ring (3 ct. tw.),BE2SD20R3LC_RENDER.glb,https://raw.githubusercontent.com/Parth-sa/elarisjewels/main/wedding_glbs/BE2SD20R3LC_RENDER.glb,https://github.com/Parth-sa/elarisjewels/blob/main/wedding_glbs/BE2SD20R3LC_RENDER.glb,274.3
2SD14R4LC,eternity-lab-diamond-ring-4-ct-tw,Eternity Lab Diamond Ring (4 ct. tw.),BE2SD14R4LC_RENDER.glb,https://raw.githubusercontent.com/Parth-sa/elarisjewels/main/wedding_glbs/BE2SD14R4LC_RENDER.glb,https://github.com/Parth-sa/elarisjewels/blob/main/wedding_glbs/BE2SD14R4LC_RENDER.glb,344.2
2U30D43LC,eternity-lab-diamond-ring-5-ct-tw,Eternity Lab Diamond Ring (5 ct. tw.),BE2U30D43LC_RENDER.glb,https://raw.githubusercontent.com/Parth-sa/elarisjewels/main/wedding_glbs/BE2U30D43LC_RENDER.glb,https://github.com/Parth-sa/elarisjewels/blob/main/wedding_glbs/BE2U30D43LC_RENDER.glb,248.0
2D309LC,eternity-lab-diamond-ring-6-ct-tw,Eternity Lab Diamond Ring (6 ct. tw.),BE2D309LC_RENDER.glb,https://raw.githubusercontent.com/Parth-sa/elarisjewels/main/wedding_glbs/BE2D309LC_RENDER.glb,https://github.com/Parth-sa/elarisjewels/blob/main/wedding_glbs/BE2D309LC_RENDER.glb,254.4
2D459,evening-star-eternity-3mm-diamond-ring-1-10-ct-tw,Evening Star Eternity 3mm Diamond Ring (1/10 ct. tw.),BE2D459_RENDER.glb,https://raw.githubusercontent.com/Parth-sa/elarisjewels/main/wedding_glbs/BE2D459_RENDER.glb,https://github.com/Parth-sa/elarisjewels/blob/main/wedding_glbs/BE2D459_RENDER.glb,163.7
2D459LC,evening-star-eternity-3mm-lab-diamond-ring-1-10-ct-tw,Evening Star Eternity 3mm Lab Diamond Ring (1/10 ct. tw.),BE2D459LC_RENDER.glb,https://raw.githubusercontent.com/Parth-sa/elarisjewels/main/wedding_glbs/BE2D459LC_RENDER.glb,https://github.com/Parth-sa/elarisjewels/blob/main/wedding_glbs/BE2D459LC_RENDER.glb,163.7
2D6284,evening-star-eternity-diamond-ring,Evening Star Eternity Diamond Ring,BE2D6284_RENDER.glb,https://raw.githubusercontent.com/Parth-sa/elarisjewels/main/wedding_glbs/BE2D6284_RENDER.glb,https://github.com/Parth-sa/elarisjewels/blob/main/wedding_glbs/BE2D6284_RENDER.glb,421.3
2FM99,fairmined-1-5mm-comfort-fit-wedding-ring,Fairmined 1.5mm Comfort Fit Wedding Ring,BE2FM99_RENDER.glb,https://raw.githubusercontent.com/Parth-sa/elarisjewels/main/wedding_glbs/BE2FM99_RENDER.glb,https://github.com/Parth-sa/elarisjewels/blob/main/wedding_glbs/BE2FM99_RENDER.glb,218.9
2FM201,fairmined-comfort-fit-2mm-wedding-ring,Fairmined Comfort Fit 2mm Wedding Ring,BE2FM201_RENDER.glb,https://raw.githubusercontent.com/Parth-sa/elarisjewels/main/wedding_glbs/BE2FM201_RENDER.glb,https://github.com/Parth-sa/elarisjewels/blob/main/wedding_glbs/BE2FM201_RENDER.glb,193.6
2FM07,fairmined-comfort-fit-3mm-wedding-ring,Fairmined Comfort Fit 3mm Wedding Ring,BE2FM07_RENDER.glb,https://raw.githubusercontent.com/Parth-sa/elarisjewels/main/wedding_glbs/BE2FM07_RENDER.glb,https://github.com/Parth-sa/elarisjewels/blob/main/wedding_glbs/BE2FM07_RENDER.glb,122.6
2D864LC,five-stone-contour-lab-diamond-ring-1-ct-tw,Five Stone Contour Lab Diamond Ring (1 ct. tw.),BE2D864LC_RENDER.glb,https://raw.githubusercontent.com/Parth-sa/elarisjewels/main/wedding_glbs/BE2D864LC_RENDER.glb,https://github.com/Parth-sa/elarisjewels/blob/main/wedding_glbs/BE2D864LC_RENDER.glb,152.0
2D1938,flair-diamond-ring-1-3-ct-tw,Flair Diamond Ring (1/3 ct. tw.),BE2D1938_RENDER.glb,https://raw.githubusercontent.com/Parth-sa/elarisjewels/main/wedding_glbs/BE2D1938_RENDER.glb,https://github.com/Parth-sa/elarisjewels/blob/main/wedding_glbs/BE2D1938_RENDER.glb,1488.1
2D1812,flair-diamond-ring-1-6-ct-tw,Flair Diamond Ring (1/6 ct. tw.),BE2D1812_RENDER.glb,https://raw.githubusercontent.com/Parth-sa/elarisjewels/main/wedding_glbs/BE2D1812_RENDER.glb,https://github.com/Parth-sa/elarisjewels/blob/main/wedding_glbs/BE2D1812_RENDER.glb,498.3
2D1940,flair-diamond-ring-2-5-ct-tw,Flair Diamond Ring (2/5 ct. tw.),BE2D1940_RENDER.glb,https://raw.githubusercontent.com/Parth-sa/elarisjewels/main/wedding_glbs/BE2D1940_RENDER.glb,https://github.com/Parth-sa/elarisjewels/blob/main/wedding_glbs/BE2D1940_RENDER.glb,280.4
2D527,flair-diamond-ring-jacket-1-3-ct-tw,Flair Diamond Ring Jacket (1/3 ct. tw.),BE2D527_RENDER.glb,https://raw.githubusercontent.com/Parth-sa/elarisjewels/main/wedding_glbs/BE2D527_RENDER.glb,https://github.com/Parth-sa/elarisjewels/blob/main/wedding_glbs/BE2D527_RENDER.glb,386.7
2D1938LC,flair-lab-diamond-ring-1-3-ct-tw,Flair Lab Diamond Ring (1/3 ct. tw.),BE2D1938LC_RENDER.glb,https://raw.githubusercontent.com/Parth-sa/elarisjewels/main/wedding_glbs/BE2D1938LC_RENDER.glb,https://github.com/Parth-sa/elarisjewels/blob/main/wedding_glbs/BE2D1938LC_RENDER.glb,1488.1
2D1940LC,flair-lab-diamond-ring-2-5-ct-tw,Flair Lab Diamond Ring (2/5 ct. tw.),BE2D1940LC_RENDER.glb,https://raw.githubusercontent.com/Parth-sa/elarisjewels/main/wedding_glbs/BE2D1940LC_RENDER.glb,https://github.com/Parth-sa/elarisjewels/blob/main/wedding_glbs/BE2D1940LC_RENDER.glb,280.4
2D0282,floriana-contoured-diamond-ring,Floriana Contoured Diamond Ring,BE2D0282_RENDER.glb,https://raw.githubusercontent.com/Parth-sa/elarisjewels/main/wedding_glbs/BE2D0282_RENDER.glb,https://github.com/Parth-sa/elarisjewels/blob/main/wedding_glbs/BE2D0282_RENDER.glb,201.5
2D6388LC,frances-eternity-lab-diamond-ring,Frances Eternity Lab Diamond Ring,BE2D6388LC_RENDER.glb,https://raw.githubusercontent.com/Parth-sa/elarisjewels/main/wedding_glbs/BE2D6388LC_RENDER.glb,https://github.com/Parth-sa/elarisjewels/blob/main/wedding_glbs/BE2D6388LC_RENDER.glb,323.0
2D6378LC,frances-lab-diamond-ring-1-1-2-ct-tw,Frances Lab Diamond Ring (1 1/2 ct. tw.),BE2D6378LC_RENDER.glb,https://raw.githubusercontent.com/Parth-sa/elarisjewels/main/wedding_glbs/BE2D6378LC_RENDER.glb,https://github.com/Parth-sa/elarisjewels/blob/main/wedding_glbs/BE2D6378LC_RENDER.glb,201.0
2D4980E,french-pav-eternity-diamond-ring-1-ct-tw,French Pavé Eternity Diamond Ring (1 ct. tw.),BE2D4980E_RENDER.glb,https://raw.githubusercontent.com/Parth-sa/elarisjewels/main/wedding_glbs/BE2D4980E_RENDER.glb,https://github.com/Parth-sa/elarisjewels/blob/main/wedding_glbs/BE2D4980E_RENDER.glb,368.0
2D4981E,french-pav-eternity-diamond-ring-2-ct-tw,French Pavé Eternity Diamond Ring (2 ct. tw.),BE2D4981E_RENDER.glb,https://raw.githubusercontent.com/Parth-sa/elarisjewels/main/wedding_glbs/BE2D4981E_RENDER.glb,https://github.com/Parth-sa/elarisjewels/blob/main/wedding_glbs/BE2D4981E_RENDER.glb,604.9
2D4986E,french-pav-eternity-diamond-ring-3-ct-tw,French Pavé Eternity Diamond Ring (3 ct. tw.),BE2D4986E_RENDER.glb,https://raw.githubusercontent.com/Parth-sa/elarisjewels/main/wedding_glbs/BE2D4986E_RENDER.glb,https://github.com/Parth-sa/elarisjewels/blob/main/wedding_glbs/BE2D4986E_RENDER.glb,363.4
2D4989E,french-pav-eternity-diamond-ring-4-ct-tw,French Pavé Eternity Diamond Ring (4 ct. tw.),BE2D4989E_RENDER.glb,https://raw.githubusercontent.com/Parth-sa/elarisjewels/main/wedding_glbs/BE2D4989E_RENDER.glb,https://github.com/Parth-sa/elarisjewels/blob/main/wedding_glbs/BE2D4989E_RENDER.glb,590.6
2D4988E,french-pav-eternity-diamond-ring-5-ct-tw,French Pavé Eternity Diamond Ring (5 ct. tw.),BE2D4988E_RENDER.glb,https://raw.githubusercontent.com/Parth-sa/elarisjewels/main/wedding_glbs/BE2D4988E_RENDER.glb,https://github.com/Parth-sa/elarisjewels/blob/main/wedding_glbs/BE2D4988E_RENDER.glb,202.1
2D4987E,french-pav-eternity-diamond-ring-6-ct-tw,French Pavé Eternity Diamond Ring (6 ct. tw.),BE2D4987E_RENDER.glb,https://raw.githubusercontent.com/Parth-sa/elarisjewels/main/wedding_glbs/BE2D4987E_RENDER.glb,https://github.com/Parth-sa/elarisjewels/blob/main/wedding_glbs/BE2D4987E_RENDER.glb,345.5
2D4980ELC,french-pav-eternity-lab-diamond-ring-1-ct-tw,French Pavé Eternity Lab Diamond Ring (1 ct. tw.),BE2D4980ELC_RENDER.glb,https://raw.githubusercontent.com/Parth-sa/elarisjewels/main/wedding_glbs/BE2D4980ELC_RENDER.glb,https://github.com/Parth-sa/elarisjewels/blob/main/wedding_glbs/BE2D4980ELC_RENDER.glb,368.0
2D4981ELC,french-pav-eternity-lab-diamond-ring-2-ct-tw,French Pavé Eternity Lab Diamond Ring (2 ct. tw.),BE2D4981ELC_RENDER.glb,https://raw.githubusercontent.com/Parth-sa/elarisjewels/main/wedding_glbs/BE2D4981ELC_RENDER.glb,https://github.com/Parth-sa/elarisjewels/blob/main/wedding_glbs/BE2D4981ELC_RENDER.glb,604.9
2D4986ELC,french-pav-eternity-lab-diamond-ring-3-ct-tw,French Pavé Eternity Lab Diamond Ring (3 ct. tw.),BE2D4986ELC_RENDER.glb,https://raw.githubusercontent.com/Parth-sa/elarisjewels/main/wedding_glbs/BE2D4986ELC_RENDER.glb,https://github.com/Parth-sa/elarisjewels/blob/main/wedding_glbs/BE2D4986ELC_RENDER.glb,710.6
2D4989ELC,french-pav-eternity-lab-diamond-ring-4-ct-tw,French Pavé Eternity Lab Diamond Ring (4 ct. tw.),BE2D4989ELC_RENDER.glb,https://raw.githubusercontent.com/Parth-sa/elarisjewels/main/wedding_glbs/BE2D4989ELC_RENDER.glb,https://github.com/Parth-sa/elarisjewels/blob/main/wedding_glbs/BE2D4989ELC_RENDER.glb,590.6
2D4988ELC,french-pav-eternity-lab-diamond-ring-5-ct-tw,French Pavé Eternity Lab Diamond Ring (5 ct. tw.),BE2D4988ELC_RENDER.glb,https://raw.githubusercontent.com/Parth-sa/elarisjewels/main/wedding_glbs/BE2D4988ELC_RENDER.glb,https://github.com/Parth-sa/elarisjewels/blob/main/wedding_glbs/BE2D4988ELC_RENDER.glb,202.1
2D4987ELC,french-pav-eternity-lab-diamond-ring-6-ct-tw,French Pavé Eternity Lab Diamond Ring (6 ct. tw.),BE2D4987ELC_RENDER.glb,https://raw.githubusercontent.com/Parth-sa/elarisjewels/main/wedding_glbs/BE2D4987ELC_RENDER.glb,https://github.com/Parth-sa/elarisjewels/blob/main/wedding_glbs/BE2D4987ELC_RENDER.glb,681.3
2D483,gemma-baguette-diamond-open-ring,Gemma Baguette Diamond Open Ring,BE2D483_RENDER.glb,https://raw.githubusercontent.com/Parth-sa/elarisjewels/main/wedding_glbs/BE2D483_RENDER.glb,https://github.com/Parth-sa/elarisjewels/blob/main/wedding_glbs/BE2D483_RENDER.glb,145.8
2D084B,gemma-baguette-diamond-ring-1-2-ct-tw,Gemma Baguette Diamond Ring (1/2 ct. tw.),BE2D084B_RENDER.glb,https://raw.githubusercontent.com/Parth-sa/elarisjewels/main/wedding_glbs/BE2D084B_RENDER.glb,https://github.com/Parth-sa/elarisjewels/blob/main/wedding_glbs/BE2D084B_RENDER.glb,279.2
2D084BLC,gemma-baguette-lab-diamond-ring-1-2-ct-tw,Gemma Baguette Lab Diamond Ring (1/2 ct. tw.),BE2D084BLC_RENDER.glb,https://raw.githubusercontent.com/Parth-sa/elarisjewels/main/wedding_glbs/BE2D084BLC_RENDER.glb,https://github.com/Parth-sa/elarisjewels/blob/main/wedding_glbs/BE2D084BLC_RENDER.glb,279.2
2D533,genevieve-contoured-diamond-ring,Genevieve Contoured Diamond Ring,BE2D533_RENDER.glb,https://raw.githubusercontent.com/Parth-sa/elarisjewels/main/wedding_glbs/BE2D533_RENDER.glb,https://github.com/Parth-sa/elarisjewels/blob/main/wedding_glbs/BE2D533_RENDER.glb,202.2
2D533LC,genevieve-contoured-lab-diamond-ring,Genevieve Contoured Lab Diamond Ring,BE2D533LC_RENDER.glb,https://raw.githubusercontent.com/Parth-sa/elarisjewels/main/wedding_glbs/BE2D533LC_RENDER.glb,https://github.com/Parth-sa/elarisjewels/blob/main/wedding_glbs/BE2D533LC_RENDER.glb,202.2
2D5001,gianna-pav-diamond-ring-1-1-3-ct-tw,Gianna Pavé Diamond Ring (1 1/3 ct. tw.),BE2D5001_RENDER.glb,https://raw.githubusercontent.com/Parth-sa/elarisjewels/main/wedding_glbs/BE2D5001_RENDER.glb,https://github.com/Parth-sa/elarisjewels/blob/main/wedding_glbs/BE2D5001_RENDER.glb,348.8
2D5001LC,gianna-pav-lab-diamond-ring-1-1-3-ct-tw,Gianna Pavé Lab Diamond Ring (1 1/3 ct. tw.),BE2D5001LC_RENDER.glb,https://raw.githubusercontent.com/Parth-sa/elarisjewels/main/wedding_glbs/BE2D5001LC_RENDER.glb,https://github.com/Parth-sa/elarisjewels/blob/main/wedding_glbs/BE2D5001LC_RENDER.glb,348.8
2D4914,grace-seven-stone-east-west-emerald-diamond-ring-1-ct-tw,Grace Seven Stone East-West Emerald Diamond Ring (1 ct. tw.),BE2D4914_RENDER.glb,https://raw.githubusercontent.com/Parth-sa/elarisjewels/main/wedding_glbs/BE2D4914_RENDER.glb,https://github.com/Parth-sa/elarisjewels/blob/main/wedding_glbs/BE2D4914_RENDER.glb,268.4
2D4914LC,grace-seven-stone-east-west-emerald-lab-diamond-ring-1-ct-tw,Grace Seven Stone East-West Emerald Lab Diamond Ring (1 ct. tw.),BE2D4914LC_RENDER.glb,https://raw.githubusercontent.com/Parth-sa/elarisjewels/main/wedding_glbs/BE2D4914LC_RENDER.glb,https://github.com/Parth-sa/elarisjewels/blob/main/wedding_glbs/BE2D4914LC_RENDER.glb,268.6
2D4803,grace-seven-stone-emerald-diamond-ring-1-ct-tw,Grace Seven Stone Emerald Diamond Ring (1 ct. tw.),BE2D4803_RENDER.glb,https://raw.githubusercontent.com/Parth-sa/elarisjewels/main/wedding_glbs/BE2D4803_RENDER.glb,https://github.com/Parth-sa/elarisjewels/blob/main/wedding_glbs/BE2D4803_RENDER.glb,683.0
2D4803LC,grace-seven-stone-emerald-lab-diamond-ring-1-ct-tw,Grace Seven Stone Emerald Lab Diamond Ring (1 ct. tw.),BE2D4803LC_RENDER.glb,https://raw.githubusercontent.com/Parth-sa/elarisjewels/main/wedding_glbs/BE2D4803LC_RENDER.glb,https://github.com/Parth-sa/elarisjewels/blob/main/wedding_glbs/BE2D4803LC_RENDER.glb,266.6
2D4922,grace-seven-stone-oval-diamond-ring-1-ct-tw,Grace Seven Stone Oval Diamond Ring (1 ct. tw.),BE2D4922_RENDER.glb,https://raw.githubusercontent.com/Parth-sa/elarisjewels/main/wedding_glbs/BE2D4922_RENDER.glb,https://github.com/Parth-sa/elarisjewels/blob/main/wedding_glbs/BE2D4922_RENDER.glb,224.3
2D4922LC,grace-seven-stone-oval-lab-diamond-ring-1-ct-tw,Grace Seven Stone Oval Lab Diamond Ring (1 ct. tw.),BE2D4922LC_RENDER.glb,https://raw.githubusercontent.com/Parth-sa/elarisjewels/main/wedding_glbs/BE2D4922LC_RENDER.glb,https://github.com/Parth-sa/elarisjewels/blob/main/wedding_glbs/BE2D4922LC_RENDER.glb,460.0
2D4802LC,grace-seven-stone-radiant-lab-diamond-ring-1-ct-tw,Grace Seven Stone Radiant Lab Diamond Ring (1 ct. tw.),BE2D4802LC_RENDER.glb,https://raw.githubusercontent.com/Parth-sa/elarisjewels/main/wedding_glbs/BE2D4802LC_RENDER.glb,https://github.com/Parth-sa/elarisjewels/blob/main/wedding_glbs/BE2D4802LC_RENDER.glb,278.0
2D9987,grand-olivetta-eternity-diamond-ring,Grand Olivetta Eternity Diamond Ring,BE2D9987_RENDER.glb,https://raw.githubusercontent.com/Parth-sa/elarisjewels/main/wedding_glbs/BE2D9987_RENDER.glb,https://github.com/Parth-sa/elarisjewels/blob/main/wedding_glbs/BE2D9987_RENDER.glb,422.5
2D9987LC,grand-olivetta-eternity-lab-diamond-ring,Grand Olivetta Eternity Lab Diamond Ring,BE2D9987LC_RENDER.glb,https://raw.githubusercontent.com/Parth-sa/elarisjewels/main/wedding_glbs/BE2D9987LC_RENDER.glb,https://github.com/Parth-sa/elarisjewels/blob/main/wedding_glbs/BE2D9987LC_RENDER.glb,422.5
2D3390,grand-versailles-diamond-ring-1-ct-tw,Grand Versailles Diamond Ring (1 ct. tw.),BE2D3390_RENDER.glb,https://raw.githubusercontent.com/Parth-sa/elarisjewels/main/wedding_glbs/BE2D3390_RENDER.glb,https://github.com/Parth-sa/elarisjewels/blob/main/wedding_glbs/BE2D3390_RENDER.glb,180.5
2D3391,grand-versailles-eternity-diamond-ring,Grand Versailles Eternity Diamond Ring,BE2D3391_RENDER.glb,https://raw.githubusercontent.com/Parth-sa/elarisjewels/main/wedding_glbs/BE2D3391_RENDER.glb,https://github.com/Parth-sa/elarisjewels/blob/main/wedding_glbs/BE2D3391_RENDER.glb,234.5
2D3391LC,grand-versailles-eternity-lab-diamond-ring,Grand Versailles Eternity Lab Diamond Ring,BE2D3391LC_RENDER.glb,https://raw.githubusercontent.com/Parth-sa/elarisjewels/main/wedding_glbs/BE2D3391LC_RENDER.glb,https://github.com/Parth-sa/elarisjewels/blob/main/wedding_glbs/BE2D3391LC_RENDER.glb,220.3
2D4390LC,grand-versailles-lab-diamond-ring-2-1-4-ct-tw,Grand Versailles Lab Diamond Ring (2 1/4 ct. tw.),BE2D4390LC_RENDER.glb,https://raw.githubusercontent.com/Parth-sa/elarisjewels/main/wedding_glbs/BE2D4390LC_RENDER.glb,https://github.com/Parth-sa/elarisjewels/blob/main/wedding_glbs/BE2D4390LC_RENDER.glb,178.0
2D3642,half-moon-diamond-trio-stacking-ring-1-ct-tw,Half Moon Diamond Trio Stacking Ring (1 ct. tw.),BE2D3642_RENDER.glb,https://raw.githubusercontent.com/Parth-sa/elarisjewels/main/wedding_glbs/BE2D3642_RENDER.glb,https://github.com/Parth-sa/elarisjewels/blob/main/wedding_glbs/BE2D3642_RENDER.glb,97.7
2D3642LC,half-moon-lab-diamond-trio-stacking-ring-1-ct-tw,Half Moon Lab Diamond Trio Stacking Ring (1 ct. tw.),BE2D3642LC_RENDER.glb,https://raw.githubusercontent.com/Parth-sa/elarisjewels/main/wedding_glbs/BE2D3642LC_RENDER.glb,https://github.com/Parth-sa/elarisjewels/blob/main/wedding_glbs/BE2D3642LC_RENDER.glb,97.7
2DHRT300ELC,heart-shaped-eternity-lab-diamond-ring-3-ct-tw,Heart Shaped Eternity Lab Diamond Ring (3 ct. tw.),BE2DHRT300ELC_RENDER.glb,https://raw.githubusercontent.com/Parth-sa/elarisjewels/main/wedding_glbs/BE2DHRT300ELC_RENDER.glb,https://github.com/Parth-sa/elarisjewels/blob/main/wedding_glbs/BE2DHRT300ELC_RENDER.glb,599.5
25678,hudson-engraved-contour-ring,Hudson Engraved Contour Ring,BE25678_RENDER.glb,https://raw.githubusercontent.com/Parth-sa/elarisjewels/main/wedding_glbs/BE25678_RENDER.glb,https://github.com/Parth-sa/elarisjewels/blob/main/wedding_glbs/BE25678_RENDER.glb,722.4
232,hudson-engraved-ring,Hudson Engraved Ring,BE232_RENDER.glb,https://raw.githubusercontent.com/Parth-sa/elarisjewels/main/wedding_glbs/BE232_RENDER.glb,https://github.com/Parth-sa/elarisjewels/blob/main/wedding_glbs/BE232_RENDER.glb,700.8
2D843,jacqueline-contour-diamond-ring,Jacqueline Contour Diamond Ring,BE2D843_RENDER.glb,https://raw.githubusercontent.com/Parth-sa/elarisjewels/main/wedding_glbs/BE2D843_RENDER.glb,https://github.com/Parth-sa/elarisjewels/blob/main/wedding_glbs/BE2D843_RENDER.glb,166.7
2D185,jardiniere-diamond-contour-ring-1-2-ct-tw,Jardiniere Diamond Contour Ring (1/2 ct. tw.),BE2D185_RENDER.glb,https://raw.githubusercontent.com/Parth-sa/elarisjewels/main/wedding_glbs/BE2D185_RENDER.glb,https://github.com/Parth-sa/elarisjewels/blob/main/wedding_glbs/BE2D185_RENDER.glb,362.8
2D835,jardiniere-diamond-ring,Jardiniere Diamond Ring,BE2D835_RENDER.glb,https://raw.githubusercontent.com/Parth-sa/elarisjewels/main/wedding_glbs/BE2D835_RENDER.glb,https://github.com/Parth-sa/elarisjewels/blob/main/wedding_glbs/BE2D835_RENDER.glb,440.3
2D836LC,jardiniere-eternity-lab-diamond-ring,Jardiniere Eternity Lab Diamond Ring,BE2D836LC_RENDER.glb,https://raw.githubusercontent.com/Parth-sa/elarisjewels/main/wedding_glbs/BE2D836LC_RENDER.glb,https://github.com/Parth-sa/elarisjewels/blob/main/wedding_glbs/BE2D836LC_RENDER.glb,698.9
2D873,joelle-diamond-ring,Joelle Diamond Ring,BE2D873_RENDER.glb,https://raw.githubusercontent.com/Parth-sa/elarisjewels/main/wedding_glbs/BE2D873_RENDER.glb,https://github.com/Parth-sa/elarisjewels/blob/main/wedding_glbs/BE2D873_RENDER.glb,142.7
2D758,kaia-contour-diamond-ring-1-4-ct-tw,Kaia Contour Diamond Ring (1/4 ct. tw.),BE2D758_RENDER.glb,https://raw.githubusercontent.com/Parth-sa/elarisjewels/main/wedding_glbs/BE2D758_RENDER.glb,https://github.com/Parth-sa/elarisjewels/blob/main/wedding_glbs/BE2D758_RENDER.glb,267.8
2724,kaia-contour-ring,Kaia Contour Ring,BE2724_RENDER.glb,https://raw.githubusercontent.com/Parth-sa/elarisjewels/main/wedding_glbs/BE2724_RENDER.glb,https://github.com/Parth-sa/elarisjewels/blob/main/wedding_glbs/BE2724_RENDER.glb,115.9
2D812LC,kelly-baguette-eternity-lab-diamond-ring,Kelly Baguette Eternity Lab Diamond Ring,BE2D812LC_RENDER.glb,https://raw.githubusercontent.com/Parth-sa/elarisjewels/main/wedding_glbs/BE2D812LC_RENDER.glb,https://github.com/Parth-sa/elarisjewels/blob/main/wedding_glbs/BE2D812LC_RENDER.glb,173.1
2D8310,kensington-emerald-cut-and-round-diamond-open-ring-1-2-ct-tw,Kensington Emerald Cut and Round Diamond Open Ring (1/2 ct. tw.),BE2D8310_RENDER.glb,https://raw.githubusercontent.com/Parth-sa/elarisjewels/main/wedding_glbs/BE2D8310_RENDER.glb,https://github.com/Parth-sa/elarisjewels/blob/main/wedding_glbs/BE2D8310_RENDER.glb,482.4
2D721,kensington-emerald-cut-and-round-diamond-ring-1-2-ct-tw,Kensington Emerald Cut and Round Diamond Ring (1/2 ct. tw.),BE2D721_RENDER.glb,https://raw.githubusercontent.com/Parth-sa/elarisjewels/main/wedding_glbs/BE2D721_RENDER.glb,https://github.com/Parth-sa/elarisjewels/blob/main/wedding_glbs/BE2D721_RENDER.glb,495.6
2D450,kensington-emerald-cut-and-round-eternity-diamond-ring-1-ct-tw,Kensington Emerald Cut and Round Eternity Diamond Ring (1 ct. tw.),BE2D450_RENDER.glb,https://raw.githubusercontent.com/Parth-sa/elarisjewels/main/wedding_glbs/BE2D450_RENDER.glb,https://github.com/Parth-sa/elarisjewels/blob/main/wedding_glbs/BE2D450_RENDER.glb,295.4
2D450LC,kensington-emerald-cut-and-round-eternity-lab-diamond-ring-1-ct-tw,Kensington Emerald Cut and Round Eternity Lab Diamond Ring (1 ct. tw.),BE2D450LC_RENDER.glb,https://raw.githubusercontent.com/Parth-sa/elarisjewels/main/wedding_glbs/BE2D450LC_RENDER.glb,https://github.com/Parth-sa/elarisjewels/blob/main/wedding_glbs/BE2D450LC_RENDER.glb,422.4
2D8310LC,kensington-emerald-cut-and-round-lab-diamond-open-ring-1-2-ct-tw,Kensington Emerald Cut and Round Lab Diamond Open Ring (1/2 ct. tw.),BE2D8310LC_RENDER.glb,https://raw.githubusercontent.com/Parth-sa/elarisjewels/main/wedding_glbs/BE2D8310LC_RENDER.glb,https://github.com/Parth-sa/elarisjewels/blob/main/wedding_glbs/BE2D8310LC_RENDER.glb,151.6
2D721LC,kensington-emerald-cut-and-round-lab-diamond-ring-1-2-ct-tw,Kensington Emerald Cut and Round Lab Diamond Ring (1/2 ct. tw.),BE2D721LC_RENDER.glb,https://raw.githubusercontent.com/Parth-sa/elarisjewels/main/wedding_glbs/BE2D721LC_RENDER.glb,https://github.com/Parth-sa/elarisjewels/blob/main/wedding_glbs/BE2D721LC_RENDER.glb,240.2
2D5147,lane-baguette-diamond-ring,Lane Baguette Diamond Ring,BE2D5147_RENDER.glb,https://raw.githubusercontent.com/Parth-sa/elarisjewels/main/wedding_glbs/BE2D5147_RENDER.glb,https://github.com/Parth-sa/elarisjewels/blob/main/wedding_glbs/BE2D5147_RENDER.glb,159.2
2D2589,lark-diamond-ring,Lark Diamond Ring,BE2D2589_RENDER.glb,https://raw.githubusercontent.com/Parth-sa/elarisjewels/main/wedding_glbs/BE2D2589_RENDER.glb,https://github.com/Parth-sa/elarisjewels/blob/main/wedding_glbs/BE2D2589_RENDER.glb,113.2
2D2589LC,lark-lab-diamond-ring,Lark Lab Diamond Ring,BE2D2589LC_RENDER.glb,https://raw.githubusercontent.com/Parth-sa/elarisjewels/main/wedding_glbs/BE2D2589LC_RENDER.glb,https://github.com/Parth-sa/elarisjewels/blob/main/wedding_glbs/BE2D2589LC_RENDER.glb,113.2
2D1728,leona-diamond-ring-1-3-ct-tw,Leona Diamond Ring (1/3 ct. tw.),BE2D1728_RENDER.glb,https://raw.githubusercontent.com/Parth-sa/elarisjewels/main/wedding_glbs/BE2D1728_RENDER.glb,https://github.com/Parth-sa/elarisjewels/blob/main/wedding_glbs/BE2D1728_RENDER.glb,206.2
2D1729,leona-diamond-ring-5-8-ct-tw,Leona Diamond Ring (5/8 ct. tw.),BE2D1729_RENDER.glb,https://raw.githubusercontent.com/Parth-sa/elarisjewels/main/wedding_glbs/BE2D1729_RENDER.glb,https://github.com/Parth-sa/elarisjewels/blob/main/wedding_glbs/BE2D1729_RENDER.glb,207.8
2D3038,lina-baguette-diamond-ring-1-7-8-ct-tw,Lina Baguette Diamond Ring (1 7/8 ct. tw.),BE2D3038_RENDER.glb,https://raw.githubusercontent.com/Parth-sa/elarisjewels/main/wedding_glbs/BE2D3038_RENDER.glb,https://github.com/Parth-sa/elarisjewels/blob/main/wedding_glbs/BE2D3038_RENDER.glb,240.3
27345,liv-1-4mm-open-ring,Liv 1.4mm Open Ring,BE27345_RENDER.glb,https://raw.githubusercontent.com/Parth-sa/elarisjewels/main/wedding_glbs/BE27345_RENDER.glb,https://github.com/Parth-sa/elarisjewels/blob/main/wedding_glbs/BE27345_RENDER.glb,115.5
2353,liv-2mm-open-ring,Liv 2mm Open Ring,BE2353_RENDER.glb,https://raw.githubusercontent.com/Parth-sa/elarisjewels/main/wedding_glbs/BE2353_RENDER.glb,https://github.com/Parth-sa/elarisjewels/blob/main/wedding_glbs/BE2353_RENDER.glb,63.2
2120LC,london-lab-diamond-ring,London Lab Diamond Ring,BE2120LC_RENDER.glb,https://raw.githubusercontent.com/Parth-sa/elarisjewels/main/wedding_glbs/BE2120LC_RENDER.glb,https://github.com/Parth-sa/elarisjewels/blob/main/wedding_glbs/BE2120LC_RENDER.glb,238.0
2D7253E,low-profile-emerald-eternity-diamond-ring-2-ct-tw,Low Profile Emerald Eternity Diamond Ring (2 ct. tw.),BE2D7253E_RENDER.glb,https://raw.githubusercontent.com/Parth-sa/elarisjewels/main/wedding_glbs/BE2D7253E_RENDER.glb,https://github.com/Parth-sa/elarisjewels/blob/main/wedding_glbs/BE2D7253E_RENDER.glb,738.0
2D7253ELC,low-profile-emerald-eternity-lab-diamond-ring-2-ct-tw,Low Profile Emerald Eternity Lab Diamond Ring (2 ct. tw.),BE2D7253ELC_RENDER.glb,https://raw.githubusercontent.com/Parth-sa/elarisjewels/main/wedding_glbs/BE2D7253ELC_RENDER.glb,https://github.com/Parth-sa/elarisjewels/blob/main/wedding_glbs/BE2D7253ELC_RENDER.glb,738.0
2D2754E,low-profile-oval-eternity-diamond-ring-2-ct-tw,Low Profile Oval Eternity Diamond Ring (2 ct. tw.),BE2D2754E_RENDER.glb,https://raw.githubusercontent.com/Parth-sa/elarisjewels/main/wedding_glbs/BE2D2754E_RENDER.glb,https://github.com/Parth-sa/elarisjewels/blob/main/wedding_glbs/BE2D2754E_RENDER.glb,342.2
2D2754ELC,low-profile-oval-eternity-lab-diamond-ring-2-ct-tw,Low Profile Oval Eternity Lab Diamond Ring (2 ct. tw.),BE2D2754ELC_RENDER.glb,https://raw.githubusercontent.com/Parth-sa/elarisjewels/main/wedding_glbs/BE2D2754ELC_RENDER.glb,https://github.com/Parth-sa/elarisjewels/blob/main/wedding_glbs/BE2D2754ELC_RENDER.glb,342.1
2D7268E,low-profile-round-eternity-diamond-ring-2-ct-tw,Low Profile Round Eternity Diamond Ring (2 ct. tw.),BE2D7268E_RENDER.glb,https://raw.githubusercontent.com/Parth-sa/elarisjewels/main/wedding_glbs/BE2D7268E_RENDER.glb,https://github.com/Parth-sa/elarisjewels/blob/main/wedding_glbs/BE2D7268E_RENDER.glb,409.5
2D7268ELC,low-profile-round-eternity-lab-diamond-ring-2-ct-tw,Low Profile Round Eternity Lab Diamond Ring (2 ct. tw.),BE2D7268ELC_RENDER.glb,https://raw.githubusercontent.com/Parth-sa/elarisjewels/main/wedding_glbs/BE2D7268ELC_RENDER.glb,https://github.com/Parth-sa/elarisjewels/blob/main/wedding_glbs/BE2D7268ELC_RENDER.glb,409.5
2D745,lunette-contour-round-diamond-ring,Lunette Contour Round Diamond Ring,BE2D745_RENDER.glb,https://raw.githubusercontent.com/Parth-sa/elarisjewels/main/wedding_glbs/BE2D745_RENDER.glb,https://github.com/Parth-sa/elarisjewels/blob/main/wedding_glbs/BE2D745_RENDER.glb,133.3
2D062,lunette-diamond-ring-1-10-ct-tw,Lunette Diamond Ring (1/10 ct. tw.),BE2D062_RENDER.glb,https://raw.githubusercontent.com/Parth-sa/elarisjewels/main/wedding_glbs/BE2D062_RENDER.glb,https://github.com/Parth-sa/elarisjewels/blob/main/wedding_glbs/BE2D062_RENDER.glb,377.0
2D594,lunette-diamond-ring-1-5-ct-tw,Lunette Diamond Ring (1/5 ct. tw.),BE2D594_RENDER.glb,https://raw.githubusercontent.com/Parth-sa/elarisjewels/main/wedding_glbs/BE2D594_RENDER.glb,https://github.com/Parth-sa/elarisjewels/blob/main/wedding_glbs/BE2D594_RENDER.glb,266.7
2D4112,lunette-diamond-ring-3-8-ct-tw,Lunette Diamond Ring (3/8 ct. tw.),BE2D4112_RENDER.glb,https://raw.githubusercontent.com/Parth-sa/elarisjewels/main/wedding_glbs/BE2D4112_RENDER.glb,https://github.com/Parth-sa/elarisjewels/blob/main/wedding_glbs/BE2D4112_RENDER.glb,107.4
2D834,lunette-diamond-ring-jacket-1-5-ct-tw,Lunette Diamond Ring Jacket (1/5 ct. tw.),BE2D834_RENDER.glb,https://raw.githubusercontent.com/Parth-sa/elarisjewels/main/wedding_glbs/BE2D834_RENDER.glb,https://github.com/Parth-sa/elarisjewels/blob/main/wedding_glbs/BE2D834_RENDER.glb,150.4
2D062LC,lunette-lab-diamond-ring-1-10-ct-tw,Lunette Lab Diamond Ring (1/10 ct. tw.),BE2D062LC_RENDER.glb,https://raw.githubusercontent.com/Parth-sa/elarisjewels/main/wedding_glbs/BE2D062LC_RENDER.glb,https://github.com/Parth-sa/elarisjewels/blob/main/wedding_glbs/BE2D062LC_RENDER.glb,377.0
2D594LC,lunette-lab-diamond-ring-1-5-ct-tw,Lunette Lab Diamond Ring (1/5 ct. tw.),BE2D594LC_RENDER.glb,https://raw.githubusercontent.com/Parth-sa/elarisjewels/main/wedding_glbs/BE2D594LC_RENDER.glb,https://github.com/Parth-sa/elarisjewels/blob/main/wedding_glbs/BE2D594LC_RENDER.glb,266.7
2D5103,luxe-aria-contoured-diamond-ring-1-4-ct-tw,Luxe Aria Contoured Diamond Ring (1/4 ct. tw.),BE2D5103_RENDER.glb,https://raw.githubusercontent.com/Parth-sa/elarisjewels/main/wedding_glbs/BE2D5103_RENDER.glb,https://github.com/Parth-sa/elarisjewels/blob/main/wedding_glbs/BE2D5103_RENDER.glb,396.7
2D1462,luxe-elongated-lunette-diamond-ring-1-4-ct-tw,Luxe Elongated Lunette Diamond Ring (1/4 ct. tw.),BE2D1462_RENDER.glb,https://raw.githubusercontent.com/Parth-sa/elarisjewels/main/wedding_glbs/BE2D1462_RENDER.glb,https://github.com/Parth-sa/elarisjewels/blob/main/wedding_glbs/BE2D1462_RENDER.glb,343.0
2D064,luxe-lunette-diamond-ring-1-2-ct-tw,Luxe Lunette Diamond Ring (1/2 ct. tw.),BE2D064_RENDER.glb,https://raw.githubusercontent.com/Parth-sa/elarisjewels/main/wedding_glbs/BE2D064_RENDER.glb,https://github.com/Parth-sa/elarisjewels/blob/main/wedding_glbs/BE2D064_RENDER.glb,234.5
2D6532,luxe-lunette-diamond-ring-1-3-ct-tw,Luxe Lunette Diamond Ring (1/3 ct. tw.),BE2D6532_RENDER.glb,https://raw.githubusercontent.com/Parth-sa/elarisjewels/main/wedding_glbs/BE2D6532_RENDER.glb,https://github.com/Parth-sa/elarisjewels/blob/main/wedding_glbs/BE2D6532_RENDER.glb,667.2
2D064LC,luxe-lunette-lab-diamond-ring-1-2-ct-tw,Luxe Lunette Lab Diamond Ring (1/2 ct. tw.),BE2D064LC_RENDER.glb,https://raw.githubusercontent.com/Parth-sa/elarisjewels/main/wedding_glbs/BE2D064LC_RENDER.glb,https://github.com/Parth-sa/elarisjewels/blob/main/wedding_glbs/BE2D064LC_RENDER.glb,234.5
2D6532LC,luxe-lunette-lab-diamond-ring-1-3-ct-tw,Luxe Lunette Lab Diamond Ring (1/3 ct. tw.),BE2D6532LC_RENDER.glb,https://raw.githubusercontent.com/Parth-sa/elarisjewels/main/wedding_glbs/BE2D6532LC_RENDER.glb,https://github.com/Parth-sa/elarisjewels/blob/main/wedding_glbs/BE2D6532LC_RENDER.glb,243.8
2D6013,luxe-nadia-contoured-diamond-ring,Luxe Nadia Contoured Diamond Ring,BE2D6013_RENDER.glb,https://raw.githubusercontent.com/Parth-sa/elarisjewels/main/wedding_glbs/BE2D6013_RENDER.glb,https://github.com/Parth-sa/elarisjewels/blob/main/wedding_glbs/BE2D6013_RENDER.glb,140.6
2D327,luxe-secret-garden-diamond-ring,Luxe Secret Garden Diamond Ring,BE2D327_RENDER.glb,https://raw.githubusercontent.com/Parth-sa/elarisjewels/main/wedding_glbs/BE2D327_RENDER.glb,https://github.com/Parth-sa/elarisjewels/blob/main/wedding_glbs/BE2D327_RENDER.glb,182.5
2D669,luxe-veranda-diamond-ring,Luxe Veranda Diamond Ring,BE2D669_RENDER.glb,https://raw.githubusercontent.com/Parth-sa/elarisjewels/main/wedding_glbs/BE2D669_RENDER.glb,https://github.com/Parth-sa/elarisjewels/blob/main/wedding_glbs/BE2D669_RENDER.glb,513.5
2D204,luxe-willow-curved-diamond-ring,Luxe Willow Curved Diamond Ring,BE2D204_RENDER.glb,https://raw.githubusercontent.com/Parth-sa/elarisjewels/main/wedding_glbs/BE2D204_RENDER.glb,https://github.com/Parth-sa/elarisjewels/blob/main/wedding_glbs/BE2D204_RENDER.glb,223.9
2564LD,luxe-winding-willow-diamond-ring-1-4-ct-tw,Luxe Winding Willow Diamond Ring (1/4 ct. tw.),BE2564LD_RENDER.glb,https://raw.githubusercontent.com/Parth-sa/elarisjewels/main/wedding_glbs/BE2564LD_RENDER.glb,https://github.com/Parth-sa/elarisjewels/blob/main/wedding_glbs/BE2564LD_RENDER.glb,347.1
2D2565,luxe-winding-willow-eternity-diamond-ring-1-2-ct-tw,Luxe Winding Willow Eternity Diamond Ring (1/2 ct. tw.),BE2D2565_RENDER.glb,https://raw.githubusercontent.com/Parth-sa/elarisjewels/main/wedding_glbs/BE2D2565_RENDER.glb,https://github.com/Parth-sa/elarisjewels/blob/main/wedding_glbs/BE2D2565_RENDER.glb,627.9
2D383,luxe-wren-diamond-open-ring,Luxe Wren Diamond Open Ring,BE2D383_RENDER.glb,https://raw.githubusercontent.com/Parth-sa/elarisjewels/main/wedding_glbs/BE2D383_RENDER.glb,https://github.com/Parth-sa/elarisjewels/blob/main/wedding_glbs/BE2D383_RENDER.glb,65.9
2D2850,lyric-diamond-open-ring-3-4-ct-tw,Lyric Diamond Open Ring (3/4 ct. tw.),BE2D2850_RENDER.glb,https://raw.githubusercontent.com/Parth-sa/elarisjewels/main/wedding_glbs/BE2D2850_RENDER.glb,https://github.com/Parth-sa/elarisjewels/blob/main/wedding_glbs/BE2D2850_RENDER.glb,235.9
2D1833,lyric-scalloped-pav-diamond-ring,Lyric Scalloped Pavé Diamond Ring,BE2D1833_RENDER.glb,https://raw.githubusercontent.com/Parth-sa/elarisjewels/main/wedding_glbs/BE2D1833_RENDER.glb,https://github.com/Parth-sa/elarisjewels/blob/main/wedding_glbs/BE2D1833_RENDER.glb,133.3
2D5894,mara-double-contoured-diamond-ring,Mara Double Contoured Diamond Ring,BE2D5894_RENDER.glb,https://raw.githubusercontent.com/Parth-sa/elarisjewels/main/wedding_glbs/BE2D5894_RENDER.glb,https://github.com/Parth-sa/elarisjewels/blob/main/wedding_glbs/BE2D5894_RENDER.glb,281.0
2D2110,marseille-half-coverage-diamond-ring-1-3-ct-tw,Marseille Half Coverage Diamond Ring (1/3 ct. tw.),BE2D2110_RENDER.glb,https://raw.githubusercontent.com/Parth-sa/elarisjewels/main/wedding_glbs/BE2D2110_RENDER.glb,https://github.com/Parth-sa/elarisjewels/blob/main/wedding_glbs/BE2D2110_RENDER.glb,195.9
2D2110LC,marseille-half-coverage-lab-diamond-ring-1-3-ct-tw,Marseille Half Coverage Lab Diamond Ring (1/3 ct. tw.),BE2D2110LC_RENDER.glb,https://raw.githubusercontent.com/Parth-sa/elarisjewels/main/wedding_glbs/BE2D2110LC_RENDER.glb,https://github.com/Parth-sa/elarisjewels/blob/main/wedding_glbs/BE2D2110LC_RENDER.glb,195.9
2D2774,marseille-three-quarter-coverage-diamond-ring-1-2-ct-tw,Marseille Three-Quarter Coverage Diamond Ring (1/2 ct. tw.),BE2D2774_RENDER.glb,https://raw.githubusercontent.com/Parth-sa/elarisjewels/main/wedding_glbs/BE2D2774_RENDER.glb,https://github.com/Parth-sa/elarisjewels/blob/main/wedding_glbs/BE2D2774_RENDER.glb,401.0
2D419,melange-aimee-eternity-diamond-ring,Melange Aimee Eternity Diamond Ring,BE2D419_RENDER.glb,https://raw.githubusercontent.com/Parth-sa/elarisjewels/main/wedding_glbs/BE2D419_RENDER.glb,https://github.com/Parth-sa/elarisjewels/blob/main/wedding_glbs/BE2D419_RENDER.glb,246.7
2D419LC,melange-aimee-eternity-lab-diamond-ring,Melange Aimee Eternity Lab Diamond Ring,BE2D419LC_RENDER.glb,https://raw.githubusercontent.com/Parth-sa/elarisjewels/main/wedding_glbs/BE2D419LC_RENDER.glb,https://github.com/Parth-sa/elarisjewels/blob/main/wedding_glbs/BE2D419LC_RENDER.glb,246.7
2D063,mel-mixed-shape-contour-diamond-ring,Mel Mixed Shape Contour Diamond Ring,BE2D063_RENDER.glb,https://raw.githubusercontent.com/Parth-sa/elarisjewels/main/wedding_glbs/BE2D063_RENDER.glb,https://github.com/Parth-sa/elarisjewels/blob/main/wedding_glbs/BE2D063_RENDER.glb,109.0
2D943,melody-contoured-diamond-ring-1-6-ct-tw,Melody Contoured Diamond Ring (1/6 ct. tw.),BE2D943_RENDER.glb,https://raw.githubusercontent.com/Parth-sa/elarisjewels/main/wedding_glbs/BE2D943_RENDER.glb,https://github.com/Parth-sa/elarisjewels/blob/main/wedding_glbs/BE2D943_RENDER.glb,246.1
2D6273,melody-contoured-diamond-ring-1-8-ct-tw,Melody Contoured Diamond Ring (1/8 ct. tw.),BE2D6273_RENDER.glb,https://raw.githubusercontent.com/Parth-sa/elarisjewels/main/wedding_glbs/BE2D6273_RENDER.glb,https://github.com/Parth-sa/elarisjewels/blob/main/wedding_glbs/BE2D6273_RENDER.glb,173.0
2D943LC,melody-contoured-lab-diamond-ring-1-6-ct-tw,Melody Contoured Lab Diamond Ring (1/6 ct. tw.),BE2D943LC_RENDER.glb,https://raw.githubusercontent.com/Parth-sa/elarisjewels/main/wedding_glbs/BE2D943LC_RENDER.glb,https://github.com/Parth-sa/elarisjewels/blob/main/wedding_glbs/BE2D943LC_RENDER.glb,246.1
2D642,memoir-baguette-diamond-ring-3-4-ct-tw,Memoir Baguette Diamond Ring (3/4 ct. tw.),BE2D642_RENDER.glb,https://raw.githubusercontent.com/Parth-sa/elarisjewels/main/wedding_glbs/BE2D642_RENDER.glb,https://github.com/Parth-sa/elarisjewels/blob/main/wedding_glbs/BE2D642_RENDER.glb,205.0
2D6161,meredith-graduated-diamond-ring-1-ct-tw,Meredith Graduated Diamond Ring (1 ct. tw.),BE2D6161_RENDER.glb,https://raw.githubusercontent.com/Parth-sa/elarisjewels/main/wedding_glbs/BE2D6161_RENDER.glb,https://github.com/Parth-sa/elarisjewels/blob/main/wedding_glbs/BE2D6161_RENDER.glb,187.5
2D51210,milan-diamond-ring-1-5-ct-tw,Milan Diamond Ring (1/5 ct. tw.),BE2D51210_RENDER.glb,https://raw.githubusercontent.com/Parth-sa/elarisjewels/main/wedding_glbs/BE2D51210_RENDER.glb,https://github.com/Parth-sa/elarisjewels/blob/main/wedding_glbs/BE2D51210_RENDER.glb,297.8
2D51211,milan-eternity-diamond-ring-1-3-ct-tw,Milan Eternity Diamond Ring (1/3 ct. tw.),BE2D51211_RENDER.glb,https://raw.githubusercontent.com/Parth-sa/elarisjewels/main/wedding_glbs/BE2D51211_RENDER.glb,https://github.com/Parth-sa/elarisjewels/blob/main/wedding_glbs/BE2D51211_RENDER.glb,460.0
2D7159,mixed-metal-yvette-diamond-ring,Mixed Metal Yvette Diamond Ring,BE2D7159_RENDER.glb,https://raw.githubusercontent.com/Parth-sa/elarisjewels/main/wedding_glbs/BE2D7159_RENDER.glb,https://github.com/Parth-sa/elarisjewels/blob/main/wedding_glbs/BE2D7159_RENDER.glb,293.8
2D829,monaco-diamond-ring-3-4-ct-tw,Monaco Diamond Ring (3/4 ct. tw.),BE2D829_RENDER.glb,https://raw.githubusercontent.com/Parth-sa/elarisjewels/main/wedding_glbs/BE2D829_RENDER.glb,https://github.com/Parth-sa/elarisjewels/blob/main/wedding_glbs/BE2D829_RENDER.glb,132.5
2D829LC,monaco-lab-diamond-ring-3-4-ct-tw,Monaco Lab Diamond Ring (3/4 ct. tw.),BE2D829LC_RENDER.glb,https://raw.githubusercontent.com/Parth-sa/elarisjewels/main/wedding_glbs/BE2D829LC_RENDER.glb,https://github.com/Parth-sa/elarisjewels/blob/main/wedding_glbs/BE2D829LC_RENDER.glb,132.5
2D3932,monaco-oval-diamond-ring,Monaco Oval Diamond Ring,BE2D3932_RENDER.glb,https://raw.githubusercontent.com/Parth-sa/elarisjewels/main/wedding_glbs/BE2D3932_RENDER.glb,https://github.com/Parth-sa/elarisjewels/blob/main/wedding_glbs/BE2D3932_RENDER.glb,131.4
2D482,monaco-three-quarter-coverage-diamond-ring,Monaco Three-Quarter Coverage Diamond Ring,BE2D482_RENDER.glb,https://raw.githubusercontent.com/Parth-sa/elarisjewels/main/wedding_glbs/BE2D482_RENDER.glb,https://github.com/Parth-sa/elarisjewels/blob/main/wedding_glbs/BE2D482_RENDER.glb,140.4
2D482LC,monaco-three-quarter-coverage-lab-diamond-ring,Monaco Three-Quarter Coverage Lab Diamond Ring,BE2D482LC_RENDER.glb,https://raw.githubusercontent.com/Parth-sa/elarisjewels/main/wedding_glbs/BE2D482LC_RENDER.glb,https://github.com/Parth-sa/elarisjewels/blob/main/wedding_glbs/BE2D482LC_RENDER.glb,147.9
2D8474,mosaic-lotus-pear-and-round-diamond-ring,Mosaic Lotus Pear and Round Diamond Ring,BE2D8474_RENDER.glb,https://raw.githubusercontent.com/Parth-sa/elarisjewels/main/wedding_glbs/BE2D8474_RENDER.glb,https://github.com/Parth-sa/elarisjewels/blob/main/wedding_glbs/BE2D8474_RENDER.glb,648.9
2D8474LC,mosaic-lotus-pear-and-round-lab-diamond-ring,Mosaic Lotus Pear and Round Lab Diamond Ring,BE2D8474LC_RENDER.glb,https://raw.githubusercontent.com/Parth-sa/elarisjewels/main/wedding_glbs/BE2D8474LC_RENDER.glb,https://github.com/Parth-sa/elarisjewels/blob/main/wedding_glbs/BE2D8474LC_RENDER.glb,3247.4
2D480,mosaic-nadia-diamond-ring,Mosaic Nadia Diamond Ring,BE2D480_RENDER.glb,https://raw.githubusercontent.com/Parth-sa/elarisjewels/main/wedding_glbs/BE2D480_RENDER.glb,https://github.com/Parth-sa/elarisjewels/blob/main/wedding_glbs/BE2D480_RENDER.glb,541.1
2D480LC,mosaic-nadia-lab-diamond-ring,Mosaic Nadia Lab Diamond Ring,BE2D480LC_RENDER.glb,https://raw.githubusercontent.com/Parth-sa/elarisjewels/main/wedding_glbs/BE2D480LC_RENDER.glb,https://github.com/Parth-sa/elarisjewels/blob/main/wedding_glbs/BE2D480LC_RENDER.glb,346.4
2D484,mosaic-olivetta-diamond-ring-3-4-ct-tw,Mosaic Olivetta Diamond Ring (3/4 ct. tw.),BE2D484_RENDER.glb,https://raw.githubusercontent.com/Parth-sa/elarisjewels/main/wedding_glbs/BE2D484_RENDER.glb,https://github.com/Parth-sa/elarisjewels/blob/main/wedding_glbs/BE2D484_RENDER.glb,513.0
2D484LC,mosaic-olivetta-lab-diamond-ring-3-4-ct-tw,Mosaic Olivetta Lab Diamond Ring (3/4 ct. tw.),BE2D484LC_RENDER.glb,https://raw.githubusercontent.com/Parth-sa/elarisjewels/main/wedding_glbs/BE2D484LC_RENDER.glb,https://github.com/Parth-sa/elarisjewels/blob/main/wedding_glbs/BE2D484LC_RENDER.glb,511.8
2D8114,nadia-contour-diamond-ring,Nadia Contour Diamond Ring,BE2D8114_RENDER.glb,https://raw.githubusercontent.com/Parth-sa/elarisjewels/main/wedding_glbs/BE2D8114_RENDER.glb,https://github.com/Parth-sa/elarisjewels/blob/main/wedding_glbs/BE2D8114_RENDER.glb,227.8
2D8114LC,nadia-contour-lab-diamond-ring,Nadia Contour Lab Diamond Ring,BE2D8114LC_RENDER.glb,https://raw.githubusercontent.com/Parth-sa/elarisjewels/main/wedding_glbs/BE2D8114LC_RENDER.glb,https://github.com/Parth-sa/elarisjewels/blob/main/wedding_glbs/BE2D8114LC_RENDER.glb,227.8
2D7796,nadia-eternity-diamond-ring,Nadia Eternity Diamond Ring,BE2D7796_RENDER.glb,https://raw.githubusercontent.com/Parth-sa/elarisjewels/main/wedding_glbs/BE2D7796_RENDER.glb,https://github.com/Parth-sa/elarisjewels/blob/main/wedding_glbs/BE2D7796_RENDER.glb,258.1
2D7796LC,nadia-eternity-lab-diamond-ring,Nadia Eternity Lab Diamond Ring,BE2D7796LC_RENDER.glb,https://raw.githubusercontent.com/Parth-sa/elarisjewels/main/wedding_glbs/BE2D7796LC_RENDER.glb,https://github.com/Parth-sa/elarisjewels/blob/main/wedding_glbs/BE2D7796LC_RENDER.glb,258.1
2D4156,nathalie-contour-oval-diamond-ring-1-2-ct-tw,Nathalie Contour Oval Diamond Ring (1/2 ct. tw.),BE2D4156_RENDER.glb,https://raw.githubusercontent.com/Parth-sa/elarisjewels/main/wedding_glbs/BE2D4156_RENDER.glb,https://github.com/Parth-sa/elarisjewels/blob/main/wedding_glbs/BE2D4156_RENDER.glb,172.2
2D4156LC,nathalie-contour-oval-lab-diamond-ring-1-2-ct-tw,Nathalie Contour Oval Lab Diamond Ring (1/2 ct. tw.),BE2D4156LC_RENDER.glb,https://raw.githubusercontent.com/Parth-sa/elarisjewels/main/wedding_glbs/BE2D4156LC_RENDER.glb,https://github.com/Parth-sa/elarisjewels/blob/main/wedding_glbs/BE2D4156LC_RENDER.glb,248.6
2D741,nathalie-emerald-cut-and-asscher-diamond-contour-ring-2-3-ct-tw,Nathalie Emerald-Cut and Asscher Diamond Contour Ring (2/3 ct. tw.),BE2D741_RENDER.glb,https://raw.githubusercontent.com/Parth-sa/elarisjewels/main/wedding_glbs/BE2D741_RENDER.glb,https://github.com/Parth-sa/elarisjewels/blob/main/wedding_glbs/BE2D741_RENDER.glb,303.3
2D741LC,nathalie-emerald-cut-and-asscher-lab-diamond-contour-ring-2-3-ct-tw,Nathalie Emerald-Cut and Asscher Lab Diamond Contour Ring (2/3 ct. tw.),BE2D741LC_RENDER.glb,https://raw.githubusercontent.com/Parth-sa/elarisjewels/main/wedding_glbs/BE2D741LC_RENDER.glb,https://github.com/Parth-sa/elarisjewels/blob/main/wedding_glbs/BE2D741LC_RENDER.glb,303.3
2D3425,nathalie-emerald-cut-diamond-ring,Nathalie Emerald Cut Diamond Ring,BE2D3425_RENDER.glb,https://raw.githubusercontent.com/Parth-sa/elarisjewels/main/wedding_glbs/BE2D3425_RENDER.glb,https://github.com/Parth-sa/elarisjewels/blob/main/wedding_glbs/BE2D3425_RENDER.glb,180.5
2D3426LC,nathalie-emerald-cut-eternity-lab-diamond-ring-1-ct-tw,Nathalie Emerald Cut Eternity Lab Diamond Ring (1 ct. tw.),BE2D3426LC_RENDER.glb,https://raw.githubusercontent.com/Parth-sa/elarisjewels/main/wedding_glbs/BE2D3426LC_RENDER.glb,https://github.com/Parth-sa/elarisjewels/blob/main/wedding_glbs/BE2D3426LC_RENDER.glb,308.2
2D854LC,nathalie-emerald-cut-eternity-lab-diamond-ring-2-ct-tw,Nathalie Emerald Cut Eternity Lab Diamond Ring (2 ct. tw.),BE2D854LC_RENDER.glb,https://raw.githubusercontent.com/Parth-sa/elarisjewels/main/wedding_glbs/BE2D854LC_RENDER.glb,https://github.com/Parth-sa/elarisjewels/blob/main/wedding_glbs/BE2D854LC_RENDER.glb,299.5
2D3438LC,nathalie-emerald-cut-lab-diamond-ring-2-1-2-ct-tw,Nathalie Emerald Cut Lab Diamond Ring (2 1/2 ct. tw.),BE2D3438LC_RENDER.glb,https://raw.githubusercontent.com/Parth-sa/elarisjewels/main/wedding_glbs/BE2D3438LC_RENDER.glb,https://github.com/Parth-sa/elarisjewels/blob/main/wedding_glbs/BE2D3438LC_RENDER.glb,408.9
2D3425LC,nathalie-emerald-cut-lab-diamond-ring,Nathalie Emerald Cut Lab Diamond Ring,BE2D3425LC_RENDER.glb,https://raw.githubusercontent.com/Parth-sa/elarisjewels/main/wedding_glbs/BE2D3425LC_RENDER.glb,https://github.com/Parth-sa/elarisjewels/blob/main/wedding_glbs/BE2D3425LC_RENDER.glb,1105.8
2D851,nathalie-oval-diamond-ring,Nathalie Oval Diamond Ring,BE2D851_RENDER.glb,https://raw.githubusercontent.com/Parth-sa/elarisjewels/main/wedding_glbs/BE2D851_RENDER.glb,https://github.com/Parth-sa/elarisjewels/blob/main/wedding_glbs/BE2D851_RENDER.glb,194.0
2D852LC,nathalie-oval-eternity-lab-diamond-ring,Nathalie Oval Eternity Lab Diamond Ring,BE2D852LC_RENDER.glb,https://raw.githubusercontent.com/Parth-sa/elarisjewels/main/wedding_glbs/BE2D852LC_RENDER.glb,https://github.com/Parth-sa/elarisjewels/blob/main/wedding_glbs/BE2D852LC_RENDER.glb,136.4
2D851LC,nathalie-oval-lab-diamond-ring,Nathalie Oval Lab Diamond Ring,BE2D851LC_RENDER.glb,https://raw.githubusercontent.com/Parth-sa/elarisjewels/main/wedding_glbs/BE2D851LC_RENDER.glb,https://github.com/Parth-sa/elarisjewels/blob/main/wedding_glbs/BE2D851LC_RENDER.glb,194.0
2D3428LC,nathalie-radiant-cut-lab-diamond-ring-7-8-ct-tw,Nathalie Radiant Cut Lab Diamond Ring (7/8 ct. tw.),BE2D3428LC_RENDER.glb,https://raw.githubusercontent.com/Parth-sa/elarisjewels/main/wedding_glbs/BE2D3428LC_RENDER.glb,https://github.com/Parth-sa/elarisjewels/blob/main/wedding_glbs/BE2D3428LC_RENDER.glb,212.4
2D8726,naya-eternity-diamond-ring-1-1-2-ct-tw,Naya Eternity Diamond Ring (1 1/2 ct. tw.),BE2D8726_RENDER.glb,https://raw.githubusercontent.com/Parth-sa/elarisjewels/main/wedding_glbs/BE2D8726_RENDER.glb,https://github.com/Parth-sa/elarisjewels/blob/main/wedding_glbs/BE2D8726_RENDER.glb,666.9
2D8726LC,naya-eternity-lab-diamond-ring-1-1-2-ct-tw,Naya Eternity Lab Diamond Ring (1 1/2 ct. tw.),BE2D8726LC_RENDER.glb,https://raw.githubusercontent.com/Parth-sa/elarisjewels/main/wedding_glbs/BE2D8726LC_RENDER.glb,https://github.com/Parth-sa/elarisjewels/blob/main/wedding_glbs/BE2D8726LC_RENDER.glb,666.9
2D539,naya-half-coverage-diamond-ring-7-8-ct-tw,Naya Half Coverage Diamond Ring (7/8 ct. tw.),BE2D539_RENDER.glb,https://raw.githubusercontent.com/Parth-sa/elarisjewels/main/wedding_glbs/BE2D539_RENDER.glb,https://github.com/Parth-sa/elarisjewels/blob/main/wedding_glbs/BE2D539_RENDER.glb,646.4
2D539LC,naya-half-coverage-lab-diamond-ring-7-8-ct-tw,Naya Half Coverage Lab Diamond Ring (7/8 ct. tw.),BE2D539LC_RENDER.glb,https://raw.githubusercontent.com/Parth-sa/elarisjewels/main/wedding_glbs/BE2D539LC_RENDER.glb,https://github.com/Parth-sa/elarisjewels/blob/main/wedding_glbs/BE2D539LC_RENDER.glb,646.4
2D2359,nouveau-diamond-ring,Nouveau Diamond Ring,BE2D2359_RENDER.glb,https://raw.githubusercontent.com/Parth-sa/elarisjewels/main/wedding_glbs/BE2D2359_RENDER.glb,https://github.com/Parth-sa/elarisjewels/blob/main/wedding_glbs/BE2D2359_RENDER.glb,287.3
2D25241,nova-diamond-ring-1-3-ct-tw,Nova Diamond Ring (1/3 ct. tw.),BE2D25241_RENDER.glb,https://raw.githubusercontent.com/Parth-sa/elarisjewels/main/wedding_glbs/BE2D25241_RENDER.glb,https://github.com/Parth-sa/elarisjewels/blob/main/wedding_glbs/BE2D25241_RENDER.glb,690.7
2D17278,odette-diamond-ring-1-4-ct-tw,Odette Diamond Ring (1/4 ct. tw.),BE2D17278_RENDER.glb,https://raw.githubusercontent.com/Parth-sa/elarisjewels/main/wedding_glbs/BE2D17278_RENDER.glb,https://github.com/Parth-sa/elarisjewels/blob/main/wedding_glbs/BE2D17278_RENDER.glb,243.9
2D2237,olivetta-contoured-diamond-ring-1-2-ct-tw,Olivetta Contoured Diamond Ring (1/2 ct. tw.),BE2D2237_RENDER.glb,https://raw.githubusercontent.com/Parth-sa/elarisjewels/main/wedding_glbs/BE2D2237_RENDER.glb,https://github.com/Parth-sa/elarisjewels/blob/main/wedding_glbs/BE2D2237_RENDER.glb,396.1
2D2237LC,olivetta-contoured-lab-diamond-ring-1-2-ct-tw,Olivetta Contoured Lab Diamond Ring (1/2 ct. tw.),BE2D2237LC_RENDER.glb,https://raw.githubusercontent.com/Parth-sa/elarisjewels/main/wedding_glbs/BE2D2237LC_RENDER.glb,https://github.com/Parth-sa/elarisjewels/blob/main/wedding_glbs/BE2D2237LC_RENDER.glb,396.1
2D813,olivetta-diamond-open-ring,Olivetta Diamond Open Ring,BE2D813_RENDER.glb,https://raw.githubusercontent.com/Parth-sa/elarisjewels/main/wedding_glbs/BE2D813_RENDER.glb,https://github.com/Parth-sa/elarisjewels/blob/main/wedding_glbs/BE2D813_RENDER.glb,136.7
2D757,olivetta-double-row-eternity-diamond-ring,Olivetta Double Row Eternity Diamond Ring,BE2D757_RENDER.glb,https://raw.githubusercontent.com/Parth-sa/elarisjewels/main/wedding_glbs/BE2D757_RENDER.glb,https://github.com/Parth-sa/elarisjewels/blob/main/wedding_glbs/BE2D757_RENDER.glb,222.8
2D757LC,olivetta-double-row-eternity-lab-diamond-ring,Olivetta Double Row Eternity Lab Diamond Ring,BE2D757LC_RENDER.glb,https://raw.githubusercontent.com/Parth-sa/elarisjewels/main/wedding_glbs/BE2D757LC_RENDER.glb,https://github.com/Parth-sa/elarisjewels/blob/main/wedding_glbs/BE2D757LC_RENDER.glb,222.4
2D983,olivetta-eternity-bezel-diamond-ring-3-4-ct-tw,Olivetta Eternity Bezel Diamond Ring (3/4 ct. tw.),BE2D983_RENDER.glb,https://raw.githubusercontent.com/Parth-sa/elarisjewels/main/wedding_glbs/BE2D983_RENDER.glb,https://github.com/Parth-sa/elarisjewels/blob/main/wedding_glbs/BE2D983_RENDER.glb,303.9
2D983LC,olivetta-eternity-bezel-lab-diamond-ring-3-4-ct-tw,Olivetta Eternity Bezel Lab Diamond Ring (3/4 ct. tw.),BE2D983LC_RENDER.glb,https://raw.githubusercontent.com/Parth-sa/elarisjewels/main/wedding_glbs/BE2D983LC_RENDER.glb,https://github.com/Parth-sa/elarisjewels/blob/main/wedding_glbs/BE2D983LC_RENDER.glb,303.9
2DE15103LC,olivetta-eternity-lab-diamond-ring,Olivetta Eternity Lab Diamond Ring,BE2DE15103LC_RENDER.glb,https://raw.githubusercontent.com/Parth-sa/elarisjewels/main/wedding_glbs/BE2DE15103LC_RENDER.glb,https://github.com/Parth-sa/elarisjewels/blob/main/wedding_glbs/BE2DE15103LC_RENDER.glb,462.5
2D15103,olivetta-half-coverage-diamond-ring,Olivetta Half Coverage Diamond Ring,BE2D15103_RENDER.glb,https://raw.githubusercontent.com/Parth-sa/elarisjewels/main/wedding_glbs/BE2D15103_RENDER.glb,https://github.com/Parth-sa/elarisjewels/blob/main/wedding_glbs/BE2D15103_RENDER.glb,221.2
2D15103LC,olivetta-half-coverage-lab-diamond-ring,Olivetta Half Coverage Lab Diamond Ring,BE2D15103LC_RENDER.glb,https://raw.githubusercontent.com/Parth-sa/elarisjewels/main/wedding_glbs/BE2D15103LC_RENDER.glb,https://github.com/Parth-sa/elarisjewels/blob/main/wedding_glbs/BE2D15103LC_RENDER.glb,312.1
2D813LC,olivetta-lab-diamond-open-ring,Olivetta Lab Diamond Open Ring,BE2D813LC_RENDER.glb,https://raw.githubusercontent.com/Parth-sa/elarisjewels/main/wedding_glbs/BE2D813LC_RENDER.glb,https://github.com/Parth-sa/elarisjewels/blob/main/wedding_glbs/BE2D813LC_RENDER.glb,136.7
2D15104,olivetta-three-quarter-coverage-diamond-ring,Olivetta Three-Quarter Coverage Diamond Ring,BE2D15104_RENDER.glb,https://raw.githubusercontent.com/Parth-sa/elarisjewels/main/wedding_glbs/BE2D15104_RENDER.glb,https://github.com/Parth-sa/elarisjewels/blob/main/wedding_glbs/BE2D15104_RENDER.glb,322.9
2D15104LC,olivetta-three-quarter-coverage-lab-diamond-ring,Olivetta Three-Quarter Coverage Lab Diamond Ring,BE2D15104LC_RENDER.glb,https://raw.githubusercontent.com/Parth-sa/elarisjewels/main/wedding_glbs/BE2D15104LC_RENDER.glb,https://github.com/Parth-sa/elarisjewels/blob/main/wedding_glbs/BE2D15104LC_RENDER.glb,322.9
2D3633,oval-diamond-toi-et-moi-nesting-ring-1-ct-tw,Oval Diamond Toi Et Moi Nesting Ring (1 ct. tw.),BE2D3633_RENDER.glb,https://raw.githubusercontent.com/Parth-sa/elarisjewels/main/wedding_glbs/BE2D3633_RENDER.glb,https://github.com/Parth-sa/elarisjewels/blob/main/wedding_glbs/BE2D3633_RENDER.glb,186.9
2D3629,oval-diamond-trio-stacking-ring-1-ct-tw,Oval Diamond Trio Stacking Ring (1 ct. tw.),BE2D3629_RENDER.glb,https://raw.githubusercontent.com/Parth-sa/elarisjewels/main/wedding_glbs/BE2D3629_RENDER.glb,https://github.com/Parth-sa/elarisjewels/blob/main/wedding_glbs/BE2D3629_RENDER.glb,191.6
2DOV200E,oval-eternity-diamond-ring-2-ct-tw,Oval Eternity Diamond Ring (2 ct. tw.),BE2DOV200E_RENDER.glb,https://raw.githubusercontent.com/Parth-sa/elarisjewels/main/wedding_glbs/BE2DOV200E_RENDER.glb,https://github.com/Parth-sa/elarisjewels/blob/main/wedding_glbs/BE2DOV200E_RENDER.glb,286.0
2DOV300E,oval-eternity-diamond-ring-3-ct-tw,Oval Eternity Diamond Ring (3 ct. tw.),BE2DOV300E_RENDER.glb,https://raw.githubusercontent.com/Parth-sa/elarisjewels/main/wedding_glbs/BE2DOV300E_RENDER.glb,https://github.com/Parth-sa/elarisjewels/blob/main/wedding_glbs/BE2DOV300E_RENDER.glb,345.9
2D400OVE,oval-eternity-diamond-ring-4-ct-tw,Oval Eternity Diamond Ring (4 ct. tw.),BE2D400OVE_RENDER.glb,https://raw.githubusercontent.com/Parth-sa/elarisjewels/main/wedding_glbs/BE2D400OVE_RENDER.glb,https://github.com/Parth-sa/elarisjewels/blob/main/wedding_glbs/BE2D400OVE_RENDER.glb,476.8
2DOV200ELC,oval-eternity-lab-diamond-ring-2-ct-tw,Oval Eternity Lab Diamond Ring (2 ct. tw.),BE2DOV200ELC_RENDER.glb,https://raw.githubusercontent.com/Parth-sa/elarisjewels/main/wedding_glbs/BE2DOV200ELC_RENDER.glb,https://github.com/Parth-sa/elarisjewels/blob/main/wedding_glbs/BE2DOV200ELC_RENDER.glb,284.6
2DOV300ELC,oval-eternity-lab-diamond-ring-3-ct-tw,Oval Eternity Lab Diamond Ring (3 ct. tw.),BE2DOV300ELC_RENDER.glb,https://raw.githubusercontent.com/Parth-sa/elarisjewels/main/wedding_glbs/BE2DOV300ELC_RENDER.glb,https://github.com/Parth-sa/elarisjewels/blob/main/wedding_glbs/BE2DOV300ELC_RENDER.glb,538.5
2DOV400ELC,oval-eternity-lab-diamond-ring-4-ct-tw,Oval Eternity Lab Diamond Ring (4 ct. tw.),BE2DOV400ELC_RENDER.glb,https://raw.githubusercontent.com/Parth-sa/elarisjewels/main/wedding_glbs/BE2DOV400ELC_RENDER.glb,https://github.com/Parth-sa/elarisjewels/blob/main/wedding_glbs/BE2DOV400ELC_RENDER.glb,336.2
2D3633LC,oval-lab-diamond-toi-et-moi-nesting-ring-1-ct-tw,Oval Lab Diamond Toi Et Moi Nesting Ring (1 ct. tw.),BE2D3633LC_RENDER.glb,https://raw.githubusercontent.com/Parth-sa/elarisjewels/main/wedding_glbs/BE2D3633LC_RENDER.glb,https://github.com/Parth-sa/elarisjewels/blob/main/wedding_glbs/BE2D3633LC_RENDER.glb,186.9
2D3629LC,oval-lab-diamond-trio-stacking-ring-1-ct-tw,Oval Lab Diamond Trio Stacking Ring (1 ct. tw.),BE2D3629LC_RENDER.glb,https://raw.githubusercontent.com/Parth-sa/elarisjewels/main/wedding_glbs/BE2D3629LC_RENDER.glb,https://github.com/Parth-sa/elarisjewels/blob/main/wedding_glbs/BE2D3629LC_RENDER.glb,191.6
2D187LC,oval-three-quarter-coverage-lab-diamond-ring-1-1-2-ct-tw,Oval Three-Quarter Coverage Lab Diamond Ring (1 1/2 ct. tw.),BE2D187LC_RENDER.glb,https://raw.githubusercontent.com/Parth-sa/elarisjewels/main/wedding_glbs/BE2D187LC_RENDER.glb,https://github.com/Parth-sa/elarisjewels/blob/main/wedding_glbs/BE2D187LC_RENDER.glb,198.3
2D3632,pear-diamond-toi-et-moi-nesting-ring-1-ct-tw,Pear Diamond Toi Et Moi Nesting Ring (1 ct. tw.),BE2D3632_RENDER.glb,https://raw.githubusercontent.com/Parth-sa/elarisjewels/main/wedding_glbs/BE2D3632_RENDER.glb,https://github.com/Parth-sa/elarisjewels/blob/main/wedding_glbs/BE2D3632_RENDER.glb,240.3
2D3630,pear-diamond-trio-stacking-ring-1-ct-tw,Pear Diamond Trio Stacking Ring (1 ct. tw.),BE2D3630_RENDER.glb,https://raw.githubusercontent.com/Parth-sa/elarisjewels/main/wedding_glbs/BE2D3630_RENDER.glb,https://github.com/Parth-sa/elarisjewels/blob/main/wedding_glbs/BE2D3630_RENDER.glb,110.9
2D9988LC,pear-eternity-lab-diamond-ring-2-ct-tw,Pear Eternity Lab Diamond Ring (2 ct. tw.),BE2D9988LC_RENDER.glb,https://raw.githubusercontent.com/Parth-sa/elarisjewels/main/wedding_glbs/BE2D9988LC_RENDER.glb,https://github.com/Parth-sa/elarisjewels/blob/main/wedding_glbs/BE2D9988LC_RENDER.glb,248.0
2D3632LC,pear-lab-diamond-toi-et-moi-nesting-ring-1-ct-tw,Pear Lab Diamond Toi Et Moi Nesting Ring (1 ct. tw.),BE2D3632LC_RENDER.glb,https://raw.githubusercontent.com/Parth-sa/elarisjewels/main/wedding_glbs/BE2D3632LC_RENDER.glb,https://github.com/Parth-sa/elarisjewels/blob/main/wedding_glbs/BE2D3632LC_RENDER.glb,240.3
2D3630LC,pear-lab-diamond-trio-stacking-ring-1-ct-tw,Pear Lab Diamond Trio Stacking Ring (1 ct. tw.),BE2D3630LC_RENDER.glb,https://raw.githubusercontent.com/Parth-sa/elarisjewels/main/wedding_glbs/BE2D3630LC_RENDER.glb,https://github.com/Parth-sa/elarisjewels/blob/main/wedding_glbs/BE2D3630LC_RENDER.glb,110.9
2D145,petal-contour-diamond-ring,Petal Contour Diamond Ring,BE2D145_RENDER.glb,https://raw.githubusercontent.com/Parth-sa/elarisjewels/main/wedding_glbs/BE2D145_RENDER.glb,https://github.com/Parth-sa/elarisjewels/blob/main/wedding_glbs/BE2D145_RENDER.glb,214.4
2D346,petal-diamond-ring,Petal Diamond Ring,BE2D346_RENDER.glb,https://raw.githubusercontent.com/Parth-sa/elarisjewels/main/wedding_glbs/BE2D346_RENDER.glb,https://github.com/Parth-sa/elarisjewels/blob/main/wedding_glbs/BE2D346_RENDER.glb,326.2
2D8444LC,petite-adelaide-curved-lab-diamond-ring-1-2-ct-tw,Petite Adelaide Curved Lab Diamond Ring (1/2 ct. tw.),BE2D8444LC_RENDER.glb,https://raw.githubusercontent.com/Parth-sa/elarisjewels/main/wedding_glbs/BE2D8444LC_RENDER.glb,https://github.com/Parth-sa/elarisjewels/blob/main/wedding_glbs/BE2D8444LC_RENDER.glb,473.1
2D936,petite-curved-diamond-ring-1-10-ct-tw,Petite Curved Diamond Ring (1/10 ct. tw.),BE2D936_RENDER.glb,https://raw.githubusercontent.com/Parth-sa/elarisjewels/main/wedding_glbs/BE2D936_RENDER.glb,https://github.com/Parth-sa/elarisjewels/blob/main/wedding_glbs/BE2D936_RENDER.glb,407.2
2D933,petite-curved-diamond-ring-1-5-ct-tw,Petite Curved Diamond Ring (1/5 ct. tw.),BE2D933_RENDER.glb,https://raw.githubusercontent.com/Parth-sa/elarisjewels/main/wedding_glbs/BE2D933_RENDER.glb,https://github.com/Parth-sa/elarisjewels/blob/main/wedding_glbs/BE2D933_RENDER.glb,144.2
2D5899,petite-lina-baguette-diamond-ring,Petite Lina Baguette Diamond Ring,BE2D5899_RENDER.glb,https://raw.githubusercontent.com/Parth-sa/elarisjewels/main/wedding_glbs/BE2D5899_RENDER.glb,https://github.com/Parth-sa/elarisjewels/blob/main/wedding_glbs/BE2D5899_RENDER.glb,291.4
2D755,petite-lunette-contour-diamond-ring-1-10-ct-tw,Petite Lunette Contour Diamond Ring (1/10 ct. tw.),BE2D755_RENDER.glb,https://raw.githubusercontent.com/Parth-sa/elarisjewels/main/wedding_glbs/BE2D755_RENDER.glb,https://github.com/Parth-sa/elarisjewels/blob/main/wedding_glbs/BE2D755_RENDER.glb,162.9
2M9856,petite-luxe-twisted-vine-diamond-ring-1-4-ct-tw,Petite Luxe Twisted Vine Diamond Ring (1/4 ct. tw.),BE2M9856_RENDER.glb,https://raw.githubusercontent.com/Parth-sa/elarisjewels/main/wedding_glbs/BE2M9856_RENDER.glb,https://github.com/Parth-sa/elarisjewels/blob/main/wedding_glbs/BE2M9856_RENDER.glb,581.9
2PD50R50,petite-shared-prong-eternity-diamond-ring-1-2-ct-tw,Petite Shared Prong Eternity Diamond Ring (1/2 ct. tw.),BE2PD50R50_RENDER.glb,https://raw.githubusercontent.com/Parth-sa/elarisjewels/main/wedding_glbs/BE2PD50R50_RENDER.glb,https://github.com/Parth-sa/elarisjewels/blob/main/wedding_glbs/BE2PD50R50_RENDER.glb,396.8
2PD50R50LC,petite-shared-prong-eternity-lab-diamond-ring-1-2-ct-tw,Petite Shared Prong Eternity Lab Diamond Ring (1/2 ct. tw.),BE2PD50R50LC_RENDER.glb,https://raw.githubusercontent.com/Parth-sa/elarisjewels/main/wedding_glbs/BE2PD50R50LC_RENDER.glb,https://github.com/Parth-sa/elarisjewels/blob/main/wedding_glbs/BE2PD50R50LC_RENDER.glb,396.8
2PD25R25,petite-shared-prong-half-coverage-diamond-ring-1-4-ct-tw,Petite Shared Prong Half Coverage Diamond Ring (1/4 ct. tw.),BE2PD25R25_RENDER.glb,https://raw.githubusercontent.com/Parth-sa/elarisjewels/main/wedding_glbs/BE2PD25R25_RENDER.glb,https://github.com/Parth-sa/elarisjewels/blob/main/wedding_glbs/BE2PD25R25_RENDER.glb,223.9
2PD25R25LC,petite-shared-prong-half-coverage-lab-diamond-ring-1-4-ct-tw,Petite Shared Prong Half Coverage Lab Diamond Ring (1/4 ct. tw.),BE2PD25R25LC_RENDER.glb,https://raw.githubusercontent.com/Parth-sa/elarisjewels/main/wedding_glbs/BE2PD25R25LC_RENDER.glb,https://github.com/Parth-sa/elarisjewels/blob/main/wedding_glbs/BE2PD25R25LC_RENDER.glb,439.2
2PD28R15,petite-shared-prong-three-quarter-coverage-diamond-ring-3-8-ct-tw,Petite Shared Prong Three-Quarter Coverage Diamond Ring (3/8 ct. tw.),BE2PD28R15_RENDER.glb,https://raw.githubusercontent.com/Parth-sa/elarisjewels/main/wedding_glbs/BE2PD28R15_RENDER.glb,https://github.com/Parth-sa/elarisjewels/blob/main/wedding_glbs/BE2PD28R15_RENDER.glb,344.8
2PD28R15LC,petite-shared-prong-three-quarter-coverage-lab-diamond-ring-3-8-ct-tw,Petite Shared Prong Three-Quarter Coverage Lab Diamond Ring (3/8 ct. tw.),BE2PD28R15LC_RENDER.glb,https://raw.githubusercontent.com/Parth-sa/elarisjewels/main/wedding_glbs/BE2PD28R15LC_RENDER.glb,https://github.com/Parth-sa/elarisjewels/blob/main/wedding_glbs/BE2PD28R15LC_RENDER.glb,344.8
2D2289,petite-twisted-vine-curved-diamond-ring-1-5-ct-tw,Petite Twisted Vine Curved Diamond Ring (1/5 ct. tw.),BE2D2289_RENDER.glb,https://raw.githubusercontent.com/Parth-sa/elarisjewels/main/wedding_glbs/BE2D2289_RENDER.glb,https://github.com/Parth-sa/elarisjewels/blob/main/wedding_glbs/BE2D2289_RENDER.glb,572.2
2M254P,petite-twisted-vine-diamond-ring-1-8-ct-tw,Petite Twisted Vine Diamond Ring (1/8 ct. tw.),BE2M254P_RENDER.glb,https://raw.githubusercontent.com/Parth-sa/elarisjewels/main/wedding_glbs/BE2M254P_RENDER.glb,https://github.com/Parth-sa/elarisjewels/blob/main/wedding_glbs/BE2M254P_RENDER.glb,412.8
2D509E,petite-twisted-vine-eternity-diamond-ring-1-5-ct-tw,Petite Twisted Vine Eternity Diamond Ring (1/5 ct. tw.),BE2D509E_RENDER.glb,https://raw.githubusercontent.com/Parth-sa/elarisjewels/main/wedding_glbs/BE2D509E_RENDER.glb,https://github.com/Parth-sa/elarisjewels/blob/main/wedding_glbs/BE2D509E_RENDER.glb,475.0
2M254PLC,petite-twisted-vine-lab-diamond-ring-1-8-ct-tw,Petite Twisted Vine Lab Diamond Ring (1/8 ct. tw.),BE2M254PLC_RENDER.glb,https://raw.githubusercontent.com/Parth-sa/elarisjewels/main/wedding_glbs/BE2M254PLC_RENDER.glb,https://github.com/Parth-sa/elarisjewels/blob/main/wedding_glbs/BE2M254PLC_RENDER.glb,1682.2
2557,petra-textured-ring,Petra Textured Ring,BE2557_RENDER.glb,https://raw.githubusercontent.com/Parth-sa/elarisjewels/main/wedding_glbs/BE2557_RENDER.glb,https://github.com/Parth-sa/elarisjewels/blob/main/wedding_glbs/BE2557_RENDER.glb,392.1
2D4263,peyton-emerald-cut-diamond-open-ring-1-2-ct-tw,Peyton Emerald-Cut Diamond Open Ring (1/2 ct. tw.),BE2D4263_RENDER.glb,https://raw.githubusercontent.com/Parth-sa/elarisjewels/main/wedding_glbs/BE2D4263_RENDER.glb,https://github.com/Parth-sa/elarisjewels/blob/main/wedding_glbs/BE2D4263_RENDER.glb,339.9
2D4263LC,peyton-emerald-cut-lab-diamond-open-ring-1-2-ct-tw,Peyton Emerald-Cut Lab Diamond Open Ring (1/2 ct. tw.),BE2D4263LC_RENDER.glb,https://raw.githubusercontent.com/Parth-sa/elarisjewels/main/wedding_glbs/BE2D4263LC_RENDER.glb,https://github.com/Parth-sa/elarisjewels/blob/main/wedding_glbs/BE2D4263LC_RENDER.glb,340.6
2D1826,poetica-scalloped-pav-diamond-ring-1-2-ct-tw,Poetica Scalloped Pavé Diamond Ring (1/2 ct. tw.),BE2D1826_RENDER.glb,https://raw.githubusercontent.com/Parth-sa/elarisjewels/main/wedding_glbs/BE2D1826_RENDER.glb,https://github.com/Parth-sa/elarisjewels/blob/main/wedding_glbs/BE2D1826_RENDER.glb,173.1
2D1628LC,portia-lab-diamond-ring-1-1-3-ct-tw,Portia Lab Diamond Ring (1 1/3 ct. tw.),BE2D1628LC_RENDER.glb,https://raw.githubusercontent.com/Parth-sa/elarisjewels/main/wedding_glbs/BE2D1628LC_RENDER.glb,https://github.com/Parth-sa/elarisjewels/blob/main/wedding_glbs/BE2D1628LC_RENDER.glb,170.8
2D1719E,precision-set-diamond-eternity-ring-1-ct-tw,Precision-Set Diamond Eternity Ring (1 ct. tw.),BE2D1719E_RENDER.glb,https://raw.githubusercontent.com/Parth-sa/elarisjewels/main/wedding_glbs/BE2D1719E_RENDER.glb,https://github.com/Parth-sa/elarisjewels/blob/main/wedding_glbs/BE2D1719E_RENDER.glb,614.1
2D1763E,precision-set-diamond-eternity-ring-2-ct-tw,Precision-Set Diamond Eternity Ring (2 ct. tw.),BE2D1763E_RENDER.glb,https://raw.githubusercontent.com/Parth-sa/elarisjewels/main/wedding_glbs/BE2D1763E_RENDER.glb,https://github.com/Parth-sa/elarisjewels/blob/main/wedding_glbs/BE2D1763E_RENDER.glb,315.9
2D1720E,precision-set-diamond-eternity-ring-3-ct-tw,Precision-Set Diamond Eternity Ring (3 ct. tw.),BE2D1720E_RENDER.glb,https://raw.githubusercontent.com/Parth-sa/elarisjewels/main/wedding_glbs/BE2D1720E_RENDER.glb,https://github.com/Parth-sa/elarisjewels/blob/main/wedding_glbs/BE2D1720E_RENDER.glb,186.4
2D0052LC,precision-set-double-row-lab-diamond-ring,Precision-Set Double Row Lab Diamond Ring,BE2D0052LC_RENDER.glb,https://raw.githubusercontent.com/Parth-sa/elarisjewels/main/wedding_glbs/BE2D0052LC_RENDER.glb,https://github.com/Parth-sa/elarisjewels/blob/main/wedding_glbs/BE2D0052LC_RENDER.glb,284.5
2D0352E,precision-set-eternity-diamond-ring-2-ct-tw,Precision-Set Eternity Diamond Ring (2 ct. tw.),BE2D0352E_RENDER.glb,https://raw.githubusercontent.com/Parth-sa/elarisjewels/main/wedding_glbs/BE2D0352E_RENDER.glb,https://github.com/Parth-sa/elarisjewels/blob/main/wedding_glbs/BE2D0352E_RENDER.glb,319.9
2D0352ELC,precision-set-eternity-lab-diamond-ring-2-ct-tw,Precision-Set Eternity Lab Diamond Ring (2 ct. tw.),BE2D0352ELC_RENDER.glb,https://raw.githubusercontent.com/Parth-sa/elarisjewels/main/wedding_glbs/BE2D0352ELC_RENDER.glb,https://github.com/Parth-sa/elarisjewels/blob/main/wedding_glbs/BE2D0352ELC_RENDER.glb,230.1
2D1719ELC,precision-set-lab-diamond-eternity-ring-1-ct-tw,Precision-Set Lab Diamond Eternity Ring (1 ct. tw.),BE2D1719ELC_RENDER.glb,https://raw.githubusercontent.com/Parth-sa/elarisjewels/main/wedding_glbs/BE2D1719ELC_RENDER.glb,https://github.com/Parth-sa/elarisjewels/blob/main/wedding_glbs/BE2D1719ELC_RENDER.glb,614.1
2D1763ELC,precision-set-lab-diamond-eternity-ring-2-ct-tw,Precision-Set Lab Diamond Eternity Ring (2 ct. tw.),BE2D1763ELC_RENDER.glb,https://raw.githubusercontent.com/Parth-sa/elarisjewels/main/wedding_glbs/BE2D1763ELC_RENDER.glb,https://github.com/Parth-sa/elarisjewels/blob/main/wedding_glbs/BE2D1763ELC_RENDER.glb,315.9
2D1720ELC,precision-set-lab-diamond-eternity-ring-3-ct-tw,Precision-Set Lab Diamond Eternity Ring (3 ct. tw.),BE2D1720ELC_RENDER.glb,https://raw.githubusercontent.com/Parth-sa/elarisjewels/main/wedding_glbs/BE2D1720ELC_RENDER.glb,https://github.com/Parth-sa/elarisjewels/blob/main/wedding_glbs/BE2D1720ELC_RENDER.glb,186.4
2D36315,prism-diamond-ring-1-1-6-ct-tw,Prism Diamond Ring (1 1/6 ct. tw.),BE2D36315_RENDER.glb,https://raw.githubusercontent.com/Parth-sa/elarisjewels/main/wedding_glbs/BE2D36315_RENDER.glb,https://github.com/Parth-sa/elarisjewels/blob/main/wedding_glbs/BE2D36315_RENDER.glb,275.2
2DRA200E,radiant-eternity-diamond-ring-2-ct-tw,Radiant Eternity Diamond Ring (2 ct. tw.),BE2DRA200E_RENDER.glb,https://raw.githubusercontent.com/Parth-sa/elarisjewels/main/wedding_glbs/BE2DRA200E_RENDER.glb,https://github.com/Parth-sa/elarisjewels/blob/main/wedding_glbs/BE2DRA200E_RENDER.glb,299.9
2DRA300E,radiant-eternity-diamond-ring-3-ct-tw,Radiant Eternity Diamond Ring (3 ct. tw.),BE2DRA300E_RENDER.glb,https://raw.githubusercontent.com/Parth-sa/elarisjewels/main/wedding_glbs/BE2DRA300E_RENDER.glb,https://github.com/Parth-sa/elarisjewels/blob/main/wedding_glbs/BE2DRA300E_RENDER.glb,284.6
2DRA200ELC,radiant-eternity-lab-diamond-ring-2-ct-tw,Radiant Eternity Lab Diamond Ring (2 ct. tw.),BE2DRA200ELC_RENDER.glb,https://raw.githubusercontent.com/Parth-sa/elarisjewels/main/wedding_glbs/BE2DRA200ELC_RENDER.glb,https://github.com/Parth-sa/elarisjewels/blob/main/wedding_glbs/BE2DRA200ELC_RENDER.glb,369.7
2DRA300ELC,radiant-eternity-lab-diamond-ring-3-ct-tw,Radiant Eternity Lab Diamond Ring (3 ct. tw.),BE2DRA300ELC_RENDER.glb,https://raw.githubusercontent.com/Parth-sa/elarisjewels/main/wedding_glbs/BE2DRA300ELC_RENDER.glb,https://github.com/Parth-sa/elarisjewels/blob/main/wedding_glbs/BE2DRA300ELC_RENDER.glb,311.8
2D4072LC,ravenna-lab-diamond-ring-1-ct-tw,Ravenna Lab Diamond Ring (1 ct. tw.),BE2D4072LC_RENDER.glb,https://raw.githubusercontent.com/Parth-sa/elarisjewels/main/wedding_glbs/BE2D4072LC_RENDER.glb,https://github.com/Parth-sa/elarisjewels/blob/main/wedding_glbs/BE2D4072LC_RENDER.glb,357.0
2DR100E,riviera-eternity-diamond-ring-1-ct-tw,Riviera Eternity Diamond Ring (1 ct. tw.),BE2DR100E_RENDER.glb,https://raw.githubusercontent.com/Parth-sa/elarisjewels/main/wedding_glbs/BE2DR100E_RENDER.glb,https://github.com/Parth-sa/elarisjewels/blob/main/wedding_glbs/BE2DR100E_RENDER.glb,552.5
2DR200E,riviera-eternity-diamond-ring-2-ct-tw,Riviera Eternity Diamond Ring (2 ct. tw.),BE2DR200E_RENDER.glb,https://raw.githubusercontent.com/Parth-sa/elarisjewels/main/wedding_glbs/BE2DR200E_RENDER.glb,https://github.com/Parth-sa/elarisjewels/blob/main/wedding_glbs/BE2DR200E_RENDER.glb,196.0
2DR300E,riviera-eternity-diamond-ring-3-ct-tw,Riviera Eternity Diamond Ring (3 ct. tw.),BE2DR300E_RENDER.glb,https://raw.githubusercontent.com/Parth-sa/elarisjewels/main/wedding_glbs/BE2DR300E_RENDER.glb,https://github.com/Parth-sa/elarisjewels/blob/main/wedding_glbs/BE2DR300E_RENDER.glb,502.9
2DR400E,riviera-eternity-diamond-ring-4-ct-tw,Riviera Eternity Diamond Ring (4 ct. tw.),BE2DR400E_RENDER.glb,https://raw.githubusercontent.com/Parth-sa/elarisjewels/main/wedding_glbs/BE2DR400E_RENDER.glb,https://github.com/Parth-sa/elarisjewels/blob/main/wedding_glbs/BE2DR400E_RENDER.glb,322.7
2DR100ELC,riviera-eternity-lab-diamond-ring-1-ct-tw,Riviera Eternity Lab Diamond Ring (1 ct. tw.),BE2DR100ELC_RENDER.glb,https://raw.githubusercontent.com/Parth-sa/elarisjewels/main/wedding_glbs/BE2DR100ELC_RENDER.glb,https://github.com/Parth-sa/elarisjewels/blob/main/wedding_glbs/BE2DR100ELC_RENDER.glb,495.6
2DR200ELC,riviera-eternity-lab-diamond-ring-2-ct-tw,Riviera Eternity Lab Diamond Ring (2 ct. tw.),BE2DR200ELC_RENDER.glb,https://raw.githubusercontent.com/Parth-sa/elarisjewels/main/wedding_glbs/BE2DR200ELC_RENDER.glb,https://github.com/Parth-sa/elarisjewels/blob/main/wedding_glbs/BE2DR200ELC_RENDER.glb,196.0
2DR300ELC,riviera-eternity-lab-diamond-ring-3-ct-tw,Riviera Eternity Lab Diamond Ring (3 ct. tw.),BE2DR300ELC_RENDER.glb,https://raw.githubusercontent.com/Parth-sa/elarisjewels/main/wedding_glbs/BE2DR300ELC_RENDER.glb,https://github.com/Parth-sa/elarisjewels/blob/main/wedding_glbs/BE2DR300ELC_RENDER.glb,248.6
2DR400ELC,riviera-eternity-lab-diamond-ring-4-ct-tw,Riviera Eternity Lab Diamond Ring (4 ct. tw.),BE2DR400ELC_RENDER.glb,https://raw.githubusercontent.com/Parth-sa/elarisjewels/main/wedding_glbs/BE2DR400ELC_RENDER.glb,https://github.com/Parth-sa/elarisjewels/blob/main/wedding_glbs/BE2DR400ELC_RENDER.glb,327.1
2D723,rose-thorn-diamond-open-ring-1-3-ct-tw,Rose Thorn Diamond Open Ring (1/3 ct. tw.),BE2D723_RENDER.glb,https://raw.githubusercontent.com/Parth-sa/elarisjewels/main/wedding_glbs/BE2D723_RENDER.glb,https://github.com/Parth-sa/elarisjewels/blob/main/wedding_glbs/BE2D723_RENDER.glb,645.6
2534,rose-thorn-open-ring,Rose Thorn Open Ring,BE2534_RENDER.glb,https://raw.githubusercontent.com/Parth-sa/elarisjewels/main/wedding_glbs/BE2534_RENDER.glb,https://github.com/Parth-sa/elarisjewels/blob/main/wedding_glbs/BE2534_RENDER.glb,173.5
2D3628,round-diamond-trio-stacking-ring-1-ct-tw,Round Diamond Trio Stacking Ring (1 ct. tw.),BE2D3628_RENDER.glb,https://raw.githubusercontent.com/Parth-sa/elarisjewels/main/wedding_glbs/BE2D3628_RENDER.glb,https://github.com/Parth-sa/elarisjewels/blob/main/wedding_glbs/BE2D3628_RENDER.glb,288.5
2D5ST150RD,round-five-stone-diamond-ring-1-1-2-ct-tw,Round Five Stone Diamond Ring (1 1/2 ct. tw.),BE2D5ST150RD_RENDER.glb,https://raw.githubusercontent.com/Parth-sa/elarisjewels/main/wedding_glbs/BE2D5ST150RD_RENDER.glb,https://github.com/Parth-sa/elarisjewels/blob/main/wedding_glbs/BE2D5ST150RD_RENDER.glb,297.9
2D5ST150RDLC,round-five-stone-lab-diamond-ring-1-1-2-ct-tw,Round Five Stone Lab Diamond Ring (1 1/2 ct. tw.),BE2D5ST150RDLC_RENDER.glb,https://raw.githubusercontent.com/Parth-sa/elarisjewels/main/wedding_glbs/BE2D5ST150RDLC_RENDER.glb,https://github.com/Parth-sa/elarisjewels/blob/main/wedding_glbs/BE2D5ST150RDLC_RENDER.glb,160.9
2D3628LC,round-lab-diamond-trio-stacking-ring-1-ct-tw,Round Lab Diamond Trio Stacking Ring (1 ct. tw.),BE2D3628LC_RENDER.glb,https://raw.githubusercontent.com/Parth-sa/elarisjewels/main/wedding_glbs/BE2D3628LC_RENDER.glb,https://github.com/Parth-sa/elarisjewels/blob/main/wedding_glbs/BE2D3628LC_RENDER.glb,288.5
2D1598LC,round-three-quarter-coverage-lab-diamond-ring-7-8-ct-tw,Round Three-Quarter Coverage Lab Diamond Ring (7/8 ct. tw.),BE2D1598LC_RENDER.glb,https://raw.githubusercontent.com/Parth-sa/elarisjewels/main/wedding_glbs/BE2D1598LC_RENDER.glb,https://github.com/Parth-sa/elarisjewels/blob/main/wedding_glbs/BE2D1598LC_RENDER.glb,228.2
2D126P,rowan-diamond-open-ring,Rowan Diamond Open Ring,BE2D126P_RENDER.glb,https://raw.githubusercontent.com/Parth-sa/elarisjewels/main/wedding_glbs/BE2D126P_RENDER.glb,https://github.com/Parth-sa/elarisjewels/blob/main/wedding_glbs/BE2D126P_RENDER.glb,291.6
2D6391,secret-garden-contour-diamond-ring-1-4-ct-tw,Secret Garden Contour Diamond Ring (1/4 ct. tw.),BE2D6391_RENDER.glb,https://raw.githubusercontent.com/Parth-sa/elarisjewels/main/wedding_glbs/BE2D6391_RENDER.glb,https://github.com/Parth-sa/elarisjewels/blob/main/wedding_glbs/BE2D6391_RENDER.glb,126.0
2D6354,secret-garden-diamond-wedding-ring-1-4-ct-tw,Secret Garden Diamond Wedding Ring (1/4 ct. tw.),BE2D6354_RENDER.glb,https://raw.githubusercontent.com/Parth-sa/elarisjewels/main/wedding_glbs/BE2D6354_RENDER.glb,https://github.com/Parth-sa/elarisjewels/blob/main/wedding_glbs/BE2D6354_RENDER.glb,163.1
2D6354LC,secret-garden-lab-diamond-wedding-ring-1-4-ct-tw,Secret Garden Lab Diamond Wedding Ring (1/4 ct. tw.),BE2D6354LC_RENDER.glb,https://raw.githubusercontent.com/Parth-sa/elarisjewels/main/wedding_glbs/BE2D6354LC_RENDER.glb,https://github.com/Parth-sa/elarisjewels/blob/main/wedding_glbs/BE2D6354LC_RENDER.glb,163.1
2D013ELC,semi-bezel-emerald-cut-eternity-lab-diamond-ring-3-ct-tw,Semi-Bezel Emerald Cut Eternity Lab Diamond Ring (3 ct. tw.),BE2D013ELC_RENDER.glb,https://raw.githubusercontent.com/Parth-sa/elarisjewels/main/wedding_glbs/BE2D013ELC_RENDER.glb,https://github.com/Parth-sa/elarisjewels/blob/main/wedding_glbs/BE2D013ELC_RENDER.glb,428.8
2D014ELC,semi-bezel-oval-eternity-lab-diamond-ring-3-ct-tw,Semi-Bezel Oval Eternity Lab Diamond Ring (3 ct. tw.),BE2D014ELC_RENDER.glb,https://raw.githubusercontent.com/Parth-sa/elarisjewels/main/wedding_glbs/BE2D014ELC_RENDER.glb,https://github.com/Parth-sa/elarisjewels/blob/main/wedding_glbs/BE2D014ELC_RENDER.glb,210.0
2D012ELC,semi-bezel-round-eternity-lab-diamond-ring-2-1-2-ct-tw,Semi-Bezel Round Eternity Lab Diamond Ring (2 1/2 ct. tw.),BE2D012ELC_RENDER.glb,https://raw.githubusercontent.com/Parth-sa/elarisjewels/main/wedding_glbs/BE2D012ELC_RENDER.glb,https://github.com/Parth-sa/elarisjewels/blob/main/wedding_glbs/BE2D012ELC_RENDER.glb,162.6
2D574,serafina-contour-diamond-ring-1-4-ct-tw,Serafina Contour Diamond Ring (1/4 ct. tw.),BE2D574_RENDER.glb,https://raw.githubusercontent.com/Parth-sa/elarisjewels/main/wedding_glbs/BE2D574_RENDER.glb,https://github.com/Parth-sa/elarisjewels/blob/main/wedding_glbs/BE2D574_RENDER.glb,172.9
2D457,seven-stone-oval-contour-diamond-ring-2-3-ct-tw,Seven Stone Oval Contour Diamond Ring (2/3 ct. tw.),BE2D457_RENDER.glb,https://raw.githubusercontent.com/Parth-sa/elarisjewels/main/wedding_glbs/BE2D457_RENDER.glb,https://github.com/Parth-sa/elarisjewels/blob/main/wedding_glbs/BE2D457_RENDER.glb,135.1
2PD14R40,shared-double-prong-diamond-ring-1-2-ct-tw,Shared Double Prong Diamond Ring (1/2 ct. tw.),BE2PD14R40_RENDER.glb,https://raw.githubusercontent.com/Parth-sa/elarisjewels/main/wedding_glbs/BE2PD14R40_RENDER.glb,https://github.com/Parth-sa/elarisjewels/blob/main/wedding_glbs/BE2PD14R40_RENDER.glb,255.5
2D4774,shared-prong-diamond-ring-1-2-ct-tw,Shared Prong Diamond Ring (1/2 ct. tw.),BE2D4774_RENDER.glb,https://raw.githubusercontent.com/Parth-sa/elarisjewels/main/wedding_glbs/BE2D4774_RENDER.glb,https://github.com/Parth-sa/elarisjewels/blob/main/wedding_glbs/BE2D4774_RENDER.glb,234.4
2D2118P,sia-half-coverage-diamond-ring-1-8-ct-tw,Sia Half Coverage Diamond Ring (1/8 ct. tw.),BE2D2118P_RENDER.glb,https://raw.githubusercontent.com/Parth-sa/elarisjewels/main/wedding_glbs/BE2D2118P_RENDER.glb,https://github.com/Parth-sa/elarisjewels/blob/main/wedding_glbs/BE2D2118P_RENDER.glb,439.8
2D756P,sia-three-quarter-coverage-diamond-ring-1-5-ct-tw,Sia Three-Quarter Coverage Diamond Ring (1/5 ct. tw.),BE2D756P_RENDER.glb,https://raw.githubusercontent.com/Parth-sa/elarisjewels/main/wedding_glbs/BE2D756P_RENDER.glb,https://github.com/Parth-sa/elarisjewels/blob/main/wedding_glbs/BE2D756P_RENDER.glb,298.5
2D1912,sienna-contour-diamond-ring,Sienna Contour Diamond Ring,BE2D1912_RENDER.glb,https://raw.githubusercontent.com/Parth-sa/elarisjewels/main/wedding_glbs/BE2D1912_RENDER.glb,https://github.com/Parth-sa/elarisjewels/blob/main/wedding_glbs/BE2D1912_RENDER.glb,281.8
2M3420ET,sienna-eternity-diamond-ring-7-8-ct-tw,Sienna Eternity Diamond Ring (7/8 ct. tw.),BE2M3420ET_RENDER.glb,https://raw.githubusercontent.com/Parth-sa/elarisjewels/main/wedding_glbs/BE2M3420ET_RENDER.glb,https://github.com/Parth-sa/elarisjewels/blob/main/wedding_glbs/BE2M3420ET_RENDER.glb,393.0
2M3420ETLC,sienna-eternity-lab-diamond-ring-7-8-ct-tw,Sienna Eternity Lab Diamond Ring (7/8 ct. tw.),BE2M3420ETLC_RENDER.glb,https://raw.githubusercontent.com/Parth-sa/elarisjewels/main/wedding_glbs/BE2M3420ETLC_RENDER.glb,https://github.com/Parth-sa/elarisjewels/blob/main/wedding_glbs/BE2M3420ETLC_RENDER.glb,393.0
2M3420H,sienna-half-coverage-diamond-ring-1-2-ct-tw,Sienna Half Coverage Diamond Ring (1/2 ct. tw.),BE2M3420H_RENDER.glb,https://raw.githubusercontent.com/Parth-sa/elarisjewels/main/wedding_glbs/BE2M3420H_RENDER.glb,https://github.com/Parth-sa/elarisjewels/blob/main/wedding_glbs/BE2M3420H_RENDER.glb,332.4
2M3420HLC,sienna-half-coverage-lab-diamond-ring-1-2-ct-tw,Sienna Half Coverage Lab Diamond Ring (1/2 ct. tw.),BE2M3420HLC_RENDER.glb,https://raw.githubusercontent.com/Parth-sa/elarisjewels/main/wedding_glbs/BE2M3420HLC_RENDER.glb,https://github.com/Parth-sa/elarisjewels/blob/main/wedding_glbs/BE2M3420HLC_RENDER.glb,392.4
2D1398,sienna-three-quarter-coverage-diamond-open-ring-1-2-ct-tw,Sienna Three-Quarter Coverage Diamond Open Ring (1/2 ct. tw.),BE2D1398_RENDER.glb,https://raw.githubusercontent.com/Parth-sa/elarisjewels/main/wedding_glbs/BE2D1398_RENDER.glb,https://github.com/Parth-sa/elarisjewels/blob/main/wedding_glbs/BE2D1398_RENDER.glb,953.0
2M3420,sienna-three-quarter-coverage-diamond-ring-5-8-ct-tw,Sienna Three-Quarter Coverage Diamond Ring (5/8 ct. tw.),BE2M3420_RENDER.glb,https://raw.githubusercontent.com/Parth-sa/elarisjewels/main/wedding_glbs/BE2M3420_RENDER.glb,https://github.com/Parth-sa/elarisjewels/blob/main/wedding_glbs/BE2M3420_RENDER.glb,575.6
2D1398LC,sienna-three-quarter-coverage-lab-diamond-open-ring-1-2-ct-tw,Sienna Three-Quarter Coverage Lab Diamond Open Ring (1/2 ct. tw.),BE2D1398LC_RENDER.glb,https://raw.githubusercontent.com/Parth-sa/elarisjewels/main/wedding_glbs/BE2D1398LC_RENDER.glb,https://github.com/Parth-sa/elarisjewels/blob/main/wedding_glbs/BE2D1398LC_RENDER.glb,1691.1
2D744,silhouette-diamond-ring-1-2-ct-tw,Silhouette Diamond Ring (1/2 ct. tw.),BE2D744_RENDER.glb,https://raw.githubusercontent.com/Parth-sa/elarisjewels/main/wedding_glbs/BE2D744_RENDER.glb,https://github.com/Parth-sa/elarisjewels/blob/main/wedding_glbs/BE2D744_RENDER.glb,209.5
2592,silhouette-ring,Silhouette Ring,BE2592_RENDER.glb,https://raw.githubusercontent.com/Parth-sa/elarisjewels/main/wedding_glbs/BE2592_RENDER.glb,https://github.com/Parth-sa/elarisjewels/blob/main/wedding_glbs/BE2592_RENDER.glb,192.0
2D7858,sol-diamond-ring-1-2-ct-tw,Sol Diamond Ring (1/2 ct. tw.),BE2D7858_RENDER.glb,https://raw.githubusercontent.com/Parth-sa/elarisjewels/main/wedding_glbs/BE2D7858_RENDER.glb,https://github.com/Parth-sa/elarisjewels/blob/main/wedding_glbs/BE2D7858_RENDER.glb,961.3
27878,sol-ring,Sol Ring,BE27878_RENDER.glb,https://raw.githubusercontent.com/Parth-sa/elarisjewels/main/wedding_glbs/BE27878_RENDER.glb,https://github.com/Parth-sa/elarisjewels/blob/main/wedding_glbs/BE27878_RENDER.glb,360.7
2D7868,sol-starburst-diamond-ring,Sol Starburst Diamond Ring,BE2D7868_RENDER.glb,https://raw.githubusercontent.com/Parth-sa/elarisjewels/main/wedding_glbs/BE2D7868_RENDER.glb,https://github.com/Parth-sa/elarisjewels/blob/main/wedding_glbs/BE2D7868_RENDER.glb,315.5
210E,sonora-eternity-diamond-ring-3-8-ct-tw,Sonora Eternity Diamond Ring (3/8 ct. tw.),BE210E_RENDER.glb,https://raw.githubusercontent.com/Parth-sa/elarisjewels/main/wedding_glbs/BE210E_RENDER.glb,https://github.com/Parth-sa/elarisjewels/blob/main/wedding_glbs/BE210E_RENDER.glb,456.1
210,sonora-one-quarter-coverage-diamond-ring-1-8-ct-tw,Sonora One-Quarter Coverage Diamond Ring (1/8 ct. tw.),BE210_RENDER.glb,https://raw.githubusercontent.com/Parth-sa/elarisjewels/main/wedding_glbs/BE210_RENDER.glb,https://github.com/Parth-sa/elarisjewels/blob/main/wedding_glbs/BE210_RENDER.glb,308.5
2D23,sonora-three-quarter-coverage-diamond-ring-1-4-ct-tw,Sonora Three-Quarter Coverage Diamond Ring (1/4 ct. tw.),BE2D23_RENDER.glb,https://raw.githubusercontent.com/Parth-sa/elarisjewels/main/wedding_glbs/BE2D23_RENDER.glb,https://github.com/Parth-sa/elarisjewels/blob/main/wedding_glbs/BE2D23_RENDER.glb,278.5
2D5422,sweeping-ivy-diamond-open-ring-1-2-ct-tw,Sweeping Ivy Diamond Open Ring (1/2 ct. tw.),BE2D5422_RENDER.glb,https://raw.githubusercontent.com/Parth-sa/elarisjewels/main/wedding_glbs/BE2D5422_RENDER.glb,https://github.com/Parth-sa/elarisjewels/blob/main/wedding_glbs/BE2D5422_RENDER.glb,443.7
2D119LC,tabitha-channel-set-baguette-eternity-lab-diamond-ring,Tabitha Channel Set Baguette Eternity Lab Diamond Ring,BE2D119LC_RENDER.glb,https://raw.githubusercontent.com/Parth-sa/elarisjewels/main/wedding_glbs/BE2D119LC_RENDER.glb,https://github.com/Parth-sa/elarisjewels/blob/main/wedding_glbs/BE2D119LC_RENDER.glb,132.4
2D458LC,tabitha-channel-set-eternity-lab-diamond-ring-1-3-ct-tw,Tabitha Channel Set Eternity Lab Diamond Ring (1/3 ct. tw.),BE2D458LC_RENDER.glb,https://raw.githubusercontent.com/Parth-sa/elarisjewels/main/wedding_glbs/BE2D458LC_RENDER.glb,https://github.com/Parth-sa/elarisjewels/blob/main/wedding_glbs/BE2D458LC_RENDER.glb,383.2
2D5124,tapered-baguette-diamond-ring,Tapered Baguette Diamond Ring,BE2D5124_RENDER.glb,https://raw.githubusercontent.com/Parth-sa/elarisjewels/main/wedding_glbs/BE2D5124_RENDER.glb,https://github.com/Parth-sa/elarisjewels/blob/main/wedding_glbs/BE2D5124_RENDER.glb,148.7
2D360LC,three-row-lab-diamond-ring-1-1-2-ct-tw,Three Row Lab Diamond Ring (1 1/2 ct. tw.),BE2D360LC_RENDER.glb,https://raw.githubusercontent.com/Parth-sa/elarisjewels/main/wedding_glbs/BE2D360LC_RENDER.glb,https://github.com/Parth-sa/elarisjewels/blob/main/wedding_glbs/BE2D360LC_RENDER.glb,553.9
251BDE,tiara-diamond-ring-1-10-ct-tw,Tiara Diamond Ring (1/10 ct. tw.),BE251BDE_RENDER.glb,https://raw.githubusercontent.com/Parth-sa/elarisjewels/main/wedding_glbs/BE251BDE_RENDER.glb,https://github.com/Parth-sa/elarisjewels/blob/main/wedding_glbs/BE251BDE_RENDER.glb,647.9
250BDE,tiara-eternity-diamond-ring-1-4-ct-tw,Tiara Eternity Diamond Ring (1/4 ct. tw.),BE250BDE_RENDER.glb,https://raw.githubusercontent.com/Parth-sa/elarisjewels/main/wedding_glbs/BE250BDE_RENDER.glb,https://github.com/Parth-sa/elarisjewels/blob/main/wedding_glbs/BE250BDE_RENDER.glb,449.3
2D1537LC,trillion-cut-lab-diamond-ring,Trillion Cut Lab Diamond Ring,BE2D1537LC_RENDER.glb,https://raw.githubusercontent.com/Parth-sa/elarisjewels/main/wedding_glbs/BE2D1537LC_RENDER.glb,https://github.com/Parth-sa/elarisjewels/blob/main/wedding_glbs/BE2D1537LC_RENDER.glb,314.5
2M56D,twisted-vine-ring,Twisted Vine Ring,BE2M56D_RENDER.glb,https://raw.githubusercontent.com/Parth-sa/elarisjewels/main/wedding_glbs/BE2M56D_RENDER.glb,https://github.com/Parth-sa/elarisjewels/blob/main/wedding_glbs/BE2M56D_RENDER.glb,140.2
2D1136LC,ulla-eternity-lab-diamond-ring-1-ct-tw,Ulla Eternity Lab Diamond Ring (1 ct. tw.),BE2D1136LC_RENDER.glb,https://raw.githubusercontent.com/Parth-sa/elarisjewels/main/wedding_glbs/BE2D1136LC_RENDER.glb,https://github.com/Parth-sa/elarisjewels/blob/main/wedding_glbs/BE2D1136LC_RENDER.glb,263.5
2D575,uma-contour-bezel-diamond-ring,Uma Contour Bezel Diamond Ring,BE2D575_RENDER.glb,https://raw.githubusercontent.com/Parth-sa/elarisjewels/main/wedding_glbs/BE2D575_RENDER.glb,https://github.com/Parth-sa/elarisjewels/blob/main/wedding_glbs/BE2D575_RENDER.glb,968.8
2D654LC,valencia-eternity-lab-diamond-ring-1-1-2-ct-tw,Valencia Eternity Lab Diamond Ring (1 1/2 ct. tw.),BE2D654LC_RENDER.glb,https://raw.githubusercontent.com/Parth-sa/elarisjewels/main/wedding_glbs/BE2D654LC_RENDER.glb,https://github.com/Parth-sa/elarisjewels/blob/main/wedding_glbs/BE2D654LC_RENDER.glb,762.6
2D1789LC,valencia-lab-diamond-ring-1-3-ct-tw,Valencia Lab Diamond Ring (1/3 ct. tw.),BE2D1789LC_RENDER.glb,https://raw.githubusercontent.com/Parth-sa/elarisjewels/main/wedding_glbs/BE2D1789LC_RENDER.glb,https://github.com/Parth-sa/elarisjewels/blob/main/wedding_glbs/BE2D1789LC_RENDER.glb,548.1
2D667,veranda-diamond-ring,Veranda Diamond Ring,BE2D667_RENDER.glb,https://raw.githubusercontent.com/Parth-sa/elarisjewels/main/wedding_glbs/BE2D667_RENDER.glb,https://github.com/Parth-sa/elarisjewels/blob/main/wedding_glbs/BE2D667_RENDER.glb,184.9
2D667LC,veranda-lab-diamond-ring,Veranda Lab Diamond Ring,BE2D667LC_RENDER.glb,https://raw.githubusercontent.com/Parth-sa/elarisjewels/main/wedding_glbs/BE2D667LC_RENDER.glb,https://github.com/Parth-sa/elarisjewels/blob/main/wedding_glbs/BE2D667LC_RENDER.glb,184.9
2D923,veranda-straight-diamond-ring,Veranda Straight Diamond Ring,BE2D923_RENDER.glb,https://raw.githubusercontent.com/Parth-sa/elarisjewels/main/wedding_glbs/BE2D923_RENDER.glb,https://github.com/Parth-sa/elarisjewels/blob/main/wedding_glbs/BE2D923_RENDER.glb,167.2
2D923LC,veranda-straight-lab-diamond-ring,Veranda Straight Lab Diamond Ring,BE2D923LC_RENDER.glb,https://raw.githubusercontent.com/Parth-sa/elarisjewels/main/wedding_glbs/BE2D923LC_RENDER.glb,https://github.com/Parth-sa/elarisjewels/blob/main/wedding_glbs/BE2D923LC_RENDER.glb,241.9
2D1785,verdure-engraved-diamond-ring,Verdure Engraved Diamond Ring,BE2D1785_RENDER.glb,https://raw.githubusercontent.com/Parth-sa/elarisjewels/main/wedding_glbs/BE2D1785_RENDER.glb,https://github.com/Parth-sa/elarisjewels/blob/main/wedding_glbs/BE2D1785_RENDER.glb,1288.4
2D789,veronika-diamond-ring,Veronika Diamond Ring,BE2D789_RENDER.glb,https://raw.githubusercontent.com/Parth-sa/elarisjewels/main/wedding_glbs/BE2D789_RENDER.glb,https://github.com/Parth-sa/elarisjewels/blob/main/wedding_glbs/BE2D789_RENDER.glb,339.9
2D7895,versailles-bezel-diamond-ring,Versailles Bezel Diamond Ring,BE2D7895_RENDER.glb,https://raw.githubusercontent.com/Parth-sa/elarisjewels/main/wedding_glbs/BE2D7895_RENDER.glb,https://github.com/Parth-sa/elarisjewels/blob/main/wedding_glbs/BE2D7895_RENDER.glb,275.8
2D2952,versailles-diamond-open-ring-1-2-ct-tw,Versailles Diamond Open Ring (1/2 ct. tw.),BE2D2952_RENDER.glb,https://raw.githubusercontent.com/Parth-sa/elarisjewels/main/wedding_glbs/BE2D2952_RENDER.glb,https://github.com/Parth-sa/elarisjewels/blob/main/wedding_glbs/BE2D2952_RENDER.glb,188.0
2D3792,versailles-eternity-diamond-ring-3-4-ct-tw,Versailles Eternity Diamond Ring (3/4 ct. tw.),BE2D3792_RENDER.glb,https://raw.githubusercontent.com/Parth-sa/elarisjewels/main/wedding_glbs/BE2D3792_RENDER.glb,https://github.com/Parth-sa/elarisjewels/blob/main/wedding_glbs/BE2D3792_RENDER.glb,398.9
2D3792LC,versailles-eternity-lab-diamond-ring-3-4-ct-tw,Versailles Eternity Lab Diamond Ring (3/4 ct. tw.),BE2D3792LC_RENDER.glb,https://raw.githubusercontent.com/Parth-sa/elarisjewels/main/wedding_glbs/BE2D3792LC_RENDER.glb,https://github.com/Parth-sa/elarisjewels/blob/main/wedding_glbs/BE2D3792LC_RENDER.glb,398.9
2D378,versailles-half-coverage-diamond-ring-3-8-ct-tw,Versailles Half Coverage Diamond Ring (3/8 ct. tw.),BE2D378_RENDER.glb,https://raw.githubusercontent.com/Parth-sa/elarisjewels/main/wedding_glbs/BE2D378_RENDER.glb,https://github.com/Parth-sa/elarisjewels/blob/main/wedding_glbs/BE2D378_RENDER.glb,125.6
2D378LC,versailles-half-coverage-lab-diamond-ring-3-8-ct-tw,Versailles Half Coverage Lab Diamond Ring (3/8 ct. tw.),BE2D378LC_RENDER.glb,https://raw.githubusercontent.com/Parth-sa/elarisjewels/main/wedding_glbs/BE2D378LC_RENDER.glb,https://github.com/Parth-sa/elarisjewels/blob/main/wedding_glbs/BE2D378LC_RENDER.glb,125.6
2D2952LC,versailles-lab-diamond-open-ring-1-2-ct-tw,Versailles Lab Diamond Open Ring (1/2 ct. tw.),BE2D2952LC_RENDER.glb,https://raw.githubusercontent.com/Parth-sa/elarisjewels/main/wedding_glbs/BE2D2952LC_RENDER.glb,https://github.com/Parth-sa/elarisjewels/blob/main/wedding_glbs/BE2D2952LC_RENDER.glb,188.0
2D3422,versailles-one-quarter-coverage-diamond-ring-1-5-ct-tw,Versailles One-Quarter Coverage Diamond Ring (1/5 ct. tw.),BE2D3422_RENDER.glb,https://raw.githubusercontent.com/Parth-sa/elarisjewels/main/wedding_glbs/BE2D3422_RENDER.glb,https://github.com/Parth-sa/elarisjewels/blob/main/wedding_glbs/BE2D3422_RENDER.glb,257.2
2D362,versailles-three-quarter-coverage-diamond-ring-1-2-ct-tw,Versailles Three-Quarter Coverage Diamond Ring (1/2 ct. tw.),BE2D362_RENDER.glb,https://raw.githubusercontent.com/Parth-sa/elarisjewels/main/wedding_glbs/BE2D362_RENDER.glb,https://github.com/Parth-sa/elarisjewels/blob/main/wedding_glbs/BE2D362_RENDER.glb,289.4
2D362LC,versailles-three-quarter-coverage-lab-diamond-ring-1-2-ct-tw,Versailles Three-Quarter Coverage Lab Diamond Ring (1/2 ct. tw.),BE2D362LC_RENDER.glb,https://raw.githubusercontent.com/Parth-sa/elarisjewels/main/wedding_glbs/BE2D362LC_RENDER.glb,https://github.com/Parth-sa/elarisjewels/blob/main/wedding_glbs/BE2D362LC_RENDER.glb,194.6
2D366,vintage-secret-garden-diamond-ring-1-2-ct-tw,Vintage Secret Garden Diamond Ring (1/2 ct. tw.),BE2D366_RENDER.glb,https://raw.githubusercontent.com/Parth-sa/elarisjewels/main/wedding_glbs/BE2D366_RENDER.glb,https://github.com/Parth-sa/elarisjewels/blob/main/wedding_glbs/BE2D366_RENDER.glb,391.8
2D396,vintage-secret-garden-diamond-ring-1-4-ct-tw,Vintage Secret Garden Diamond Ring (1/4 ct. tw.),BE2D396_RENDER.glb,https://raw.githubusercontent.com/Parth-sa/elarisjewels/main/wedding_glbs/BE2D396_RENDER.glb,https://github.com/Parth-sa/elarisjewels/blob/main/wedding_glbs/BE2D396_RENDER.glb,169.1
266E,whisper-eternity-diamond-ring-1-4-ct-tw,Whisper Eternity Diamond Ring (1/4 ct. tw.),BE266E_RENDER.glb,https://raw.githubusercontent.com/Parth-sa/elarisjewels/main/wedding_glbs/BE266E_RENDER.glb,https://github.com/Parth-sa/elarisjewels/blob/main/wedding_glbs/BE266E_RENDER.glb,467.8
266,whisper-one-quarter-coverage-diamond-ring-1-10-ct-tw,Whisper One-Quarter Coverage Diamond Ring (1/10 ct. tw.),BE266_RENDER.glb,https://raw.githubusercontent.com/Parth-sa/elarisjewels/main/wedding_glbs/BE266_RENDER.glb,https://github.com/Parth-sa/elarisjewels/blob/main/wedding_glbs/BE266_RENDER.glb,294.2
266LC,whisper-one-quarter-coverage-lab-diamond-ring-1-10-ct-tw,Whisper One-Quarter Coverage Lab Diamond Ring (1/10 ct. tw.),BE266LC_RENDER.glb,https://raw.githubusercontent.com/Parth-sa/elarisjewels/main/wedding_glbs/BE266LC_RENDER.glb,https://github.com/Parth-sa/elarisjewels/blob/main/wedding_glbs/BE266LC_RENDER.glb,294.2
2D2661,whisper-three-quarter-coverage-diamond-ring-1-5-ct-tw,Whisper Three-Quarter Coverage Diamond Ring (1/5 ct. tw.),BE2D2661_RENDER.glb,https://raw.githubusercontent.com/Parth-sa/elarisjewels/main/wedding_glbs/BE2D2661_RENDER.glb,https://github.com/Parth-sa/elarisjewels/blob/main/wedding_glbs/BE2D2661_RENDER.glb,400.8
2D205,willow-contour-diamond-ring,Willow Contour Diamond Ring,BE2D205_RENDER.glb,https://raw.githubusercontent.com/Parth-sa/elarisjewels/main/wedding_glbs/BE2D205_RENDER.glb,https://github.com/Parth-sa/elarisjewels/blob/main/wedding_glbs/BE2D205_RENDER.glb,341.6
2044,winding-willow-diamond-ring,Winding Willow Diamond Ring,BE2044_RENDER.glb,https://raw.githubusercontent.com/Parth-sa/elarisjewels/main/wedding_glbs/BE2044_RENDER.glb,https://github.com/Parth-sa/elarisjewels/blob/main/wedding_glbs/BE2044_RENDER.glb,159.1
2D1633,winding-willow-eternity-diamond-ring-1-3-ct-tw,Winding Willow Eternity Diamond Ring (1/3 ct. tw.),BE2D1633_RENDER.glb,https://raw.githubusercontent.com/Parth-sa/elarisjewels/main/wedding_glbs/BE2D1633_RENDER.glb,https://github.com/Parth-sa/elarisjewels/blob/main/wedding_glbs/BE2D1633_RENDER.glb,285.5
2133,winding-willow-ring,Winding Willow Ring,BE2133_RENDER.glb,https://raw.githubusercontent.com/Parth-sa/elarisjewels/main/wedding_glbs/BE2133_RENDER.glb,https://github.com/Parth-sa/elarisjewels/blob/main/wedding_glbs/BE2133_RENDER.glb,93.4
2D5419,wren-baguette-diamond-ring,Wren Baguette Diamond Ring,BE2D5419_RENDER.glb,https://raw.githubusercontent.com/Parth-sa/elarisjewels/main/wedding_glbs/BE2D5419_RENDER.glb,https://github.com/Parth-sa/elarisjewels/blob/main/wedding_glbs/BE2D5419_RENDER.glb,58.2
2D2006,wren-diamond-open-ring,Wren Diamond Open Ring,BE2D2006_RENDER.glb,https://raw.githubusercontent.com/Parth-sa/elarisjewels/main/wedding_glbs/BE2D2006_RENDER.glb,https://github.com/Parth-sa/elarisjewels/blob/main/wedding_glbs/BE2D2006_RENDER.glb,89.4
2D2006LC,wren-lab-diamond-open-ring,Wren Lab Diamond Open Ring,BE2D2006LC_RENDER.glb,https://raw.githubusercontent.com/Parth-sa/elarisjewels/main/wedding_glbs/BE2D2006LC_RENDER.glb,https://github.com/Parth-sa/elarisjewels/blob/main/wedding_glbs/BE2D2006LC_RENDER.glb,89.4
2D382,wren-pear-diamond-ring,Wren Pear Diamond Ring,BE2D382_RENDER.glb,https://raw.githubusercontent.com/Parth-sa/elarisjewels/main/wedding_glbs/BE2D382_RENDER.glb,https://github.com/Parth-sa/elarisjewels/blob/main/wedding_glbs/BE2D382_RENDER.glb,60.6
2D781,yvette-diamond-ring-1-4-ct-tw,Yvette Diamond Ring (1/4 ct. tw.),BE2D781_RENDER.glb,https://raw.githubusercontent.com/Parth-sa/elarisjewels/main/wedding_glbs/BE2D781_RENDER.glb,https://github.com/Parth-sa/elarisjewels/blob/main/wedding_glbs/BE2D781_RENDER.glb,223.5
2D7158,yvette-diamond-ring-1-6-ct-tw,Yvette Diamond Ring (1/6 ct. tw.),BE2D7158_RENDER.glb,https://raw.githubusercontent.com/Parth-sa/elarisjewels/main/wedding_glbs/BE2D7158_RENDER.glb,https://github.com/Parth-sa/elarisjewels/blob/main/wedding_glbs/BE2D7158_RENDER.glb,268.6
2D781LC,yvette-lab-diamond-ring-1-4-ct-tw,Yvette Lab Diamond Ring (1/4 ct. tw.),BE2D781LC_RENDER.glb,https://raw.githubusercontent.com/Parth-sa/elarisjewels/main/wedding_glbs/BE2D781LC_RENDER.glb,https://github.com/Parth-sa/elarisjewels/blob/main/wedding_glbs/BE2D781LC_RENDER.glb,206.0
2D922,yvette-straight-diamond-ring,Yvette Straight Diamond Ring,BE2D922_RENDER.glb,https://raw.githubusercontent.com/Parth-sa/elarisjewels/main/wedding_glbs/BE2D922_RENDER.glb,https://github.com/Parth-sa/elarisjewels/blob/main/wedding_glbs/BE2D922_RENDER.glb,240.7
2D922LC,yvette-straight-lab-diamond-ring,Yvette Straight Lab Diamond Ring,BE2D922LC_RENDER.glb,https://raw.githubusercontent.com/Parth-sa/elarisjewels/main/wedding_glbs/BE2D922LC_RENDER.glb,https://github.com/Parth-sa/elarisjewels/blob/main/wedding_glbs/BE2D922LC_RENDER.glb,240.7
2D3689LC,zadie-channel-set-contour-lab-diamond-ring-1-4-ct-tw,Zadie Channel Set Contour Lab Diamond Ring (1/4 ct. tw.),BE2D3689LC_RENDER.glb,https://raw.githubusercontent.com/Parth-sa/elarisjewels/main/wedding_glbs/BE2D3689LC_RENDER.glb,https://github.com/Parth-sa/elarisjewels/blob/main/wedding_glbs/BE2D3689LC_RENDER.glb,296.5
2D26118P,zeta-diamond-open-ring,Zeta Diamond Open Ring,BE2D26118P_RENDER.glb,https://raw.githubusercontent.com/Parth-sa/elarisjewels/main/wedding_glbs/BE2D26118P_RENDER.glb,https://github.com/Parth-sa/elarisjewels/blob/main/wedding_glbs/BE2D26118P_RENDER.glb,322.7
2D26118PLC,zeta-lab-diamond-open-ring,Zeta Lab Diamond Open Ring,BE2D26118PLC_RENDER.glb,https://raw.githubusercontent.com/Parth-sa/elarisjewels/main/wedding_glbs/BE2D26118PLC_RENDER.glb,https://github.com/Parth-sa/elarisjewels/blob/main/wedding_glbs/BE2D26118PLC_RENDER.glb,322.7
2D225,zora-baguette-diamond-open-ring-1-3-ct-tw,Zora Baguette Diamond Open Ring (1/3 ct. tw.),BE2D225_RENDER.glb,https://raw.githubusercontent.com/Parth-sa/elarisjewels/main/wedding_glbs/BE2D225_RENDER.glb,https://github.com/Parth-sa/elarisjewels/blob/main/wedding_glbs/BE2D225_RENDER.glb,198.8
