code,title,handle,collection,primary_collection,metals,karats,glb_filename,glb_path,size_kb,available,product_page
2D772,1.1mm Aimee Diamond Ring,1-1mm-aimee-diamond-ring,Modern Collection,Modern Collection,"Yellow Gold, White Gold, Rose Gold, Platinum","14K, 18K, N/A",BE2D772_RENDER.glb,C:\brileent earth\2D772_1_1mm-Aimee-Diamond-Ring-14K-Gold-BE2D772\3d_model\BE2D772_RENDER.glb,359.9,TRUE,https://www.brilliantearth.com/1.1mm-Aimee-Diamond-Ring-14K-Gold-BE2D772/
299,1.5mm Comfort Fit Wedding Ring,1-5mm-comfort-fit-wedding-ring,"Classic Collection,Customer Favorites Collection",Classic Collection,"Yellow Gold, White Gold, Rose Gold, Platinum","14K, 18K, N/A",BE299_RENDER.glb,C:\brileent earth\299_1_5mm-Comfort-Fit-Wedding-Ring-14K-Gold-BE299\3d_model\BE299_RENDER.glb,133.1,TRUE,https://www.brilliantearth.com/1.5mm-Comfort-Fit-Wedding-Ring-14K-Gold-BE299/
21923,1.5mm Curved Wedding Ring,1-5mm-curved-wedding-ring,"Classic Collection,Customer Favorites Collection",Classic Collection,"Yellow Gold, White Gold, Rose Gold, Platinum","14K, 18K, N/A",BE21923_RENDER.glb,C:\brileent earth\21923_1_5mm-Curved-Wedding-Ring-14K-Gold-BE21923\3d_model\BE21923_RENDER.glb,114.8,TRUE,https://www.brilliantearth.com/1.5mm-Curved-Wedding-Ring-14K-Gold-BE21923/
22215,1.5mm Quattro Wedding Ring,1-5mm-quattro-wedding-ring,"Classic Collection,Modern Collection",Classic Collection,"Yellow Gold, White Gold, Rose Gold, Platinum","14K, 18K, N/A",BE22215_RENDER.glb,C:\brileent earth\22215_1_5mm-Quattro-Wedding-Ring-14K-Gold-BE22215\3d_model\BE22215_RENDER.glb,191.5,TRUE,https://www.brilliantearth.com/1.5mm-Quattro-Wedding-Ring-14K-Gold-BE22215/
22135,1.5mm Slim Profile Wedding Ring,1-5mm-slim-profile-wedding-ring,"Classic Collection,Modern Collection",Classic Collection,"Yellow Gold, White Gold, Rose Gold, Platinum","14K, 18K, N/A",BE22135_RENDER.glb,C:\brileent earth\22135_1_5mm-Slim-Profile-Wedding-Ring-14K-Gold-BE22135\3d_model\BE22135_RENDER.glb,164.5,TRUE,https://www.brilliantearth.com/1.5mm-Slim-Profile-Wedding-Ring-14K-Gold-BE22135/
2D5541,1.7mm Aimee Diamond Ring,1-7mm-aimee-diamond-ring,Modern Collection,Modern Collection,"Yellow Gold, White Gold, Rose Gold, Platinum","14K, 18K, N/A",BE2D5541_RENDER.glb,C:\brileent earth\2D5541_1_7mm-Aimee-Diamond-Ring-14K-White-Gold-BE2D5541\3d_model\BE2D5541_RENDER.glb,95.5,TRUE,https://www.brilliantearth.com/1.7mm-Aimee-Diamond-Ring-14K-White-Gold-BE2D5541/
2178,2.5mm Chevron Ring,2-5mm-chevron-ring,Modern Collection,Modern Collection,"Yellow Gold, White Gold, Rose Gold, Platinum","14K, 18K, N/A",BE2178_RENDER.glb,C:\brileent earth\2178_2_5mm-Chevron-Ring-14K-Gold-BE2178\3d_model\BE2178_RENDER.glb,92.8,TRUE,https://www.brilliantearth.com/2.5mm-Chevron-Ring-14K-Gold-BE2178/
2500,2.5mm Comfort Fit Wedding Ring,2-5mm-comfort-fit-wedding-ring,Classic Collection,Classic Collection,"Yellow Gold, White Gold, Rose Gold, Platinum","14K, 18K, N/A",BE2500_RENDER.glb,C:\brileent earth\2500_2_5mm-Comfort-Fit-Wedding-Ring-14K-Gold-BE2500\3d_model\BE2500_RENDER.glb,188.3,TRUE,https://www.brilliantearth.com/2.5mm-Comfort-Fit-Wedding-Ring-14K-Gold-BE2500/
2816,2.5mm Curved Wedding Ring,2-5mm-curved-wedding-ring,Modern Collection,Modern Collection,"Yellow Gold, White Gold, Rose Gold, Platinum","14K, 18K, N/A",BE2816_RENDER.glb,C:\brileent earth\2816_2_5mm-Curved-Wedding-Ring-14K-Gold-BE2816\3d_model\BE2816_RENDER.glb,230.2,TRUE,https://www.brilliantearth.com/2.5mm-Curved-Wedding-Ring-14K-Gold-BE2816/
201,2mm Comfort Fit Wedding Ring,2mm-comfort-fit-wedding-ring,"Classic Collection,Customer Favorites Collection",Classic Collection,"Yellow Gold, White Gold, Rose Gold, Platinum","14K, 18K, N/A",BE201_RENDER.glb,C:\brileent earth\201_2mm-Comfort-Fit-Wedding-Ring-14K-Gold-BE201\3d_model\BE201_RENDER.glb,243.1,TRUE,https://www.brilliantearth.com/2mm-Comfort-Fit-Wedding-Ring-14K-Gold-BE201/
2102,2mm Milgrain Wedding Ring,2mm-milgrain-wedding-ring,"Classic Collection,Antique Collection",Classic Collection,"Yellow Gold, White Gold, Rose Gold, Platinum","14K, 18K, N/A",BE2102_RENDER.glb,C:\brileent earth\2102_2mm-Milgrain-Wedding-Ring-14K-Gold-BE2102\3d_model\BE2102_RENDER.glb,499.2,TRUE,https://www.brilliantearth.com/2mm-Milgrain-Wedding-Ring-14K-Gold-BE2102/
2122,2mm Slim Profile Wedding Ring,2mm-slim-profile-wedding-ring,Classic Collection,Classic Collection,"Yellow Gold, White Gold, Rose Gold, Platinum","14K, 18K, N/A",BE2122_RENDER.glb,C:\brileent earth\2122_2mm-Slim-Profile-Wedding-Ring-14K-Gold-BE2122\3d_model\BE2122_RENDER.glb,142.6,TRUE,https://www.brilliantearth.com/2mm-Slim-Profile-Wedding-Ring-14K-Gold-BE2122/
2484,3.5mm Comfort Fit Wedding Ring,3-5mm-comfort-fit-wedding-ring,Classic Collection,Classic Collection,"Yellow Gold, White Gold, Rose Gold, Platinum","14K, 18K, N/A",BE2484_RENDER.glb,C:\brileent earth\2484_3_5mm-Comfort-Fit-Wedding-Ring-14K-Gold-BE2484\3d_model\BE2484_RENDER.glb,118.6,TRUE,https://www.brilliantearth.com/3.5mm-Comfort-Fit-Wedding-Ring-14K-Gold-BE2484/
207,3mm Comfort Fit Wedding Ring,3mm-comfort-fit-wedding-ring,"Classic Collection,Customer Favorites Collection",Classic Collection,"Yellow Gold, White Gold, Rose Gold, Platinum","14K, 18K, N/A",BE207_RENDER.glb,C:\brileent earth\207_3mm-Comfort-Fit-Wedding-Ring-14K-Gold-BE207\3d_model\BE207_RENDER.glb,108.6,TRUE,https://www.brilliantearth.com/3mm-Comfort-Fit-Wedding-Ring-14K-Gold-BE207/
2232,3mm Mojave Wedding Ring,3mm-mojave-wedding-ring,"Modern Collection,Plain Metal Collection",Modern Collection,"Yellow Gold, White Gold, Rose Gold, Platinum","14K, 18K, N/A",BE2232_RENDER.glb,C:\brileent earth\2232_3mm-Mojave-Wedding-Ring-Rose-Gold-BE2232\3d_model\BE2232_RENDER.glb,200.3,TRUE,https://www.brilliantearth.com/3mm-Mojave-Wedding-Ring-Rose-Gold-BE2232/
2123,3mm Slim Profile Wedding Ring,3mm-slim-profile-wedding-ring,Classic Collection,Classic Collection,"Yellow Gold, White Gold, Rose Gold, Platinum","14K, 18K, N/A",BE2123_RENDER.glb,C:\brileent earth\2123_3mm-Slim-Profile-Wedding-Ring-14K-Gold-BE2123\3d_model\BE2123_RENDER.glb,174.2,TRUE,https://www.brilliantearth.com/3mm-Slim-Profile-Wedding-Ring-14K-Gold-BE2123/
2D3861LC,Adelaide Curved Lab Diamond Ring (7/8 ct. tw.),adelaide-curved-lab-diamond-ring-7-8-ct-tw,Luxe Collection,Luxe Collection,"Yellow Gold, White Gold, Rose Gold, Platinum","14K, 18K, N/A",BE2D3861LC_RENDER.glb,C:\brileent earth\2D3861LC_Adelaide-Curved-Lab-Diamond-Ring-_7_8-ct_-tw_-14K-Gold-BE2D3861LC\3d_model\BE2D3861LC_RENDER.glb,394.4,TRUE,https://www.brilliantearth.com/Adelaide-Curved-Lab-Diamond-Ring-(7/8-ct.-tw.)-14K-Gold-BE2D3861LC/
2D595,Aimee Contour Diamond Ring,aimee-contour-diamond-ring,Modern Collection,Modern Collection,"Yellow Gold, White Gold, Rose Gold, Platinum","14K, 18K, N/A",BE2D595_RENDER.glb,C:\brileent earth\2D595_Aimee-Contour-Diamond-Ring-14K-Gold-BE2D595\3d_model\BE2D595_RENDER.glb,166.4,TRUE,https://www.brilliantearth.com/Aimee-Contour-Diamond-Ring-14K-Gold-BE2D595/
2D595LC,Aimee Contour Lab Diamond Ring,aimee-contour-lab-diamond-ring,Modern Collection,Modern Collection,"Yellow Gold, White Gold, Rose Gold, Platinum","14K, 18K, N/A",BE2D595LC_RENDER.glb,C:\brileent earth\2D595LC_Aimee-Contour-Lab-Diamond-Ring-14K-Gold-BE2D595LC\3d_model\BE2D595LC_RENDER.glb,166.4,TRUE,https://www.brilliantearth.com/Aimee-Contour-Lab-Diamond-Ring-14K-Gold-BE2D595LC/
2358,Aimee Wedding Ring,aimee-wedding-ring,Classic Collection,Classic Collection,"Yellow Gold, White Gold, Rose Gold, Platinum","14K, 18K, N/A",BE2358_RENDER.glb,C:\brileent earth\2358_Aimee-Wedding-Ring-14K-Gold-BE2358\3d_model\BE2358_RENDER.glb,166.5,TRUE,https://www.brilliantearth.com/Aimee-Wedding-Ring-14K-Gold-BE2358/
2D5642,Alina Double Band Diamond Ring,alina-double-band-diamond-ring,"Classic Collection,Modern Collection",Classic Collection,"Yellow Gold, White Gold, Rose Gold, Platinum","14K, 18K, N/A",BE2D5642_RENDER.glb,C:\brileent earth\2D5642_Alina-Double-Band-Diamond-Ring-14K-Gold-BE2D5642\3d_model\BE2D5642_RENDER.glb,420.9,TRUE,https://www.brilliantearth.com/Alina-Double-Band-Diamond-Ring-14K-Gold-BE2D5642/
2D3056,Alula Diamond Ring,alula-diamond-ring,"Modern Collection,Antique Collection",Modern Collection,"Yellow Gold, White Gold, Rose Gold, Platinum","14K, 18K, N/A",BE2D3056_RENDER.glb,C:\brileent earth\2D3056_Alula-Diamond-Ring-14K-Gold-BE2D3056\3d_model\BE2D3056_RENDER.glb,405.0,TRUE,https://www.brilliantearth.com/Alula-Diamond-Ring-14K-Gold-BE2D3056/
2D3056LC,Alula Lab Diamond Ring,alula-lab-diamond-ring,"Modern Collection,Antique Collection",Modern Collection,"Yellow Gold, White Gold, Rose Gold, Platinum","14K, 18K, N/A",BE2D3056LC_RENDER.glb,C:\brileent earth\2D3056LC_Alula-Lab-Diamond-Ring-14K-Gold-BE2D3056LC\3d_model\BE2D3056LC_RENDER.glb,405.0,TRUE,https://www.brilliantearth.com/Alula-Lab-Diamond-Ring-14K-Gold-BE2D3056LC/
2M1056,Amelie Diamond Ring (1/3 ct. tw.),amelie-diamond-ring-1-3-ct-tw,Classic Collection,Classic Collection,"Yellow Gold, White Gold, Rose Gold, Platinum","14K, 18K, N/A",BE2M1056_RENDER.glb,C:\brileent earth\2M1056_Amelie-Diamond-Ring-_1_3-ct_-tw_-14K-White-Gold-BE2M1056\3d_model\BE2M1056_RENDER.glb,314.4,TRUE,https://www.brilliantearth.com/Amelie-Diamond-Ring-(1/3-ct.-tw.)-14K-White-Gold-BE2M1056/
2M0155,Amelie Eternity Diamond Ring (2/3 ct. tw.),amelie-eternity-diamond-ring-2-3-ct-tw,Classic Collection,Classic Collection,"Yellow Gold, White Gold, Rose Gold, Platinum","14K, 18K, N/A",BE2M0155_RENDER.glb,C:\brileent earth\2M0155_Amelie-Eternity-Diamond-Ring-_2_3-ct_-tw_-14K-White-Gold-BE2M0155\3d_model\BE2M0155_RENDER.glb,445.4,TRUE,https://www.brilliantearth.com/Amelie-Eternity-Diamond-Ring-(2/3-ct.-tw.)-14K-White-Gold-BE2M0155/
2D2317,Amelie Three-Quarter Coverage Diamond Ring (1/2 ct. tw.),amelie-three-quarter-coverage-diamond-ring-1-2-ct-tw,Classic Collection,Classic Collection,"Yellow Gold, White Gold, Rose Gold, Platinum","14K, 18K, N/A",BE2D2317_RENDER.glb,C:\brileent earth\2D2317_Amelie-Three-Quarter-Coverage-Diamond-Ring-_1_2-ct_-tw_-14K-White-Gold-BE2D2317\3d_model\BE2D2317_RENDER.glb,399.3,TRUE,https://www.brilliantearth.com/Amelie-Three-Quarter-Coverage-Diamond-Ring-(1/2-ct.-tw.)-14K-White-Gold-BE2D2317/
2D1024,Anthology Diamond Open Ring,anthology-diamond-open-ring,"Luxe Collection,Open Collection",Luxe Collection,"Yellow Gold, White Gold, Rose Gold, Platinum","14K, 18K, N/A",BE2D1024_RENDER.glb,C:\brileent earth\2D1024_Anthology-Diamond-Open-Ring-14K-Gold-BE2D1024\3d_model\BE2D1024_RENDER.glb,340.5,TRUE,https://www.brilliantearth.com/Anthology-Diamond-Open-Ring-14K-Gold-BE2D1024/
2D1025E,Anthology Eternity Diamond Ring (1 1/3 ct. tw.),anthology-eternity-diamond-ring-1-1-3-ct-tw,"Classic Collection,Luxe Collection,Customer Favorites Collection",Classic Collection,"Yellow Gold, White Gold, Rose Gold, Platinum","14K, 18K, N/A",BE2D1025E_RENDER.glb,C:\brileent earth\2D1025E_Anthology-Eternity-Diamond-Ring-_1-1_3-ct_-tw_-14K-White-Gold-BE2D1025E\3d_model\BE2D1025E_RENDER.glb,508.6,TRUE,https://www.brilliantearth.com/Anthology-Eternity-Diamond-Ring-(1-1/3-ct.-tw.)-14K-White-Gold-BE2D1025E/
2D1025,Anthology Half Coverage Diamond Ring (2/3 ct. tw.),anthology-half-coverage-diamond-ring-2-3-ct-tw,"Classic Collection,Luxe Collection,Customer Favorites Collection",Classic Collection,"Yellow Gold, White Gold, Rose Gold, Platinum","14K, 18K, N/A",BE2D1025_RENDER.glb,C:\brileent earth\2D1025_Anthology-Half-Coverage-Diamond-Ring-_2_3-ct_-tw_-14K-Gold-BE2D1025\3d_model\BE2D1025_RENDER.glb,304.8,TRUE,https://www.brilliantearth.com/Anthology-Half-Coverage-Diamond-Ring-(2/3-ct.-tw.)-14K-Gold-BE2D1025/
2D1025LC,Anthology Half Coverage Lab Diamond Ring (2/3 ct. tw.),anthology-half-coverage-lab-diamond-ring-2-3-ct-tw,"Classic Collection,Luxe Collection,Customer Favorites Collection",Classic Collection,"Yellow Gold, White Gold, Rose Gold, Platinum","14K, 18K, N/A",BE2D1025LC_RENDER.glb,C:\brileent earth\2D1025LC_Anthology-Half-Coverage-Lab-Diamond-Ring-_2_3-ct_-tw_-14K-Gold-BE2D1025LC\3d_model\BE2D1025LC_RENDER.glb,195.2,TRUE,https://www.brilliantearth.com/Anthology-Half-Coverage-Lab-Diamond-Ring-(2/3-ct.-tw.)-14K-Gold-BE2D1025LC/
2D1026,Anthology Three-Quarter Coverage Diamond Ring,anthology-three-quarter-coverage-diamond-ring,"Classic Collection,Luxe Collection",Classic Collection,"Yellow Gold, White Gold, Rose Gold, Platinum","14K, 18K, N/A",BE2D1026_RENDER.glb,C:\brileent earth\2D1026_Anthology-Three-Quarter-Coverage-Diamond-Ring-14K-White-Gold-BE2D1026\3d_model\BE2D1026_RENDER.glb,345.3,TRUE,https://www.brilliantearth.com/Anthology-Three-Quarter-Coverage-Diamond-Ring-14K-White-Gold-BE2D1026/
2D1026LC,Anthology Three-Quarter Coverage Lab Diamond Ring,anthology-three-quarter-coverage-lab-diamond-ring,"Classic Collection,Luxe Collection",Classic Collection,"Yellow Gold, White Gold, Rose Gold, Platinum","14K, 18K, N/A",BE2D1026LC_RENDER.glb,C:\brileent earth\2D1026LC_Anthology-Three-Quarter-Coverage-Lab-Diamond-Ring-14K-White-Gold-BE2D1026LC\3d_model\BE2D1026LC_RENDER.glb,345.3,TRUE,https://www.brilliantearth.com/Anthology-Three-Quarter-Coverage-Lab-Diamond-Ring-14K-White-Gold-BE2D1026LC/
241,Antique Scroll Engraved Diamond Ring (1/15 ct. tw.),antique-scroll-engraved-diamond-ring-1-15-ct-tw,"Antique Collection,Customer Favorites Collection",Antique Collection,"Yellow Gold, White Gold, Rose Gold, Platinum","14K, 18K, N/A",BE241_RENDER.glb,C:\brileent earth\241_Antique-Scroll-Engraved-Diamond-Ring-_1_15-ct_-tw_-14K-White-Gold-BE241\3d_model\BE241_RENDER.glb,265.9,TRUE,https://www.brilliantearth.com/Antique-Scroll-Engraved-Diamond-Ring-(1/15-ct.-tw.)-14K-White-Gold-BE241/
241E,Antique Scroll Engraved Eternity Diamond Ring (2/5 ct. tw.),antique-scroll-engraved-eternity-diamond-ring-2-5-ct-tw,Antique Collection,Antique Collection,White Gold,18K,BE241E_RENDER.glb,C:\brileent earth\241E_Antique-Scroll-Engraved-Eternity-Diamond-Ring-_2_5-ct_-tw_-White-Gold-BE241E\3d_model\BE241E_RENDER.glb,486.3,TRUE,https://www.brilliantearth.com/Antique-Scroll-Engraved-Eternity-Diamond-Ring-(2/5-ct.-tw.)-White-Gold-BE241E/
2D232,Aria Contoured Diamond Ring (1/6 ct. tw.),aria-contoured-diamond-ring-1-6-ct-tw,"Classic Collection,Modern Collection",Classic Collection,"Yellow Gold, White Gold, Rose Gold, Platinum","14K, 18K, N/A",BE2D232_RENDER.glb,C:\brileent earth\2D232_Aria-Contoured-Diamond-Ring-_1_6-ct_-tw_-14K-Gold-BE2D232\3d_model\BE2D232_RENDER.glb,1465.6,TRUE,https://www.brilliantearth.com/Aria-Contoured-Diamond-Ring-(1/6-ct.-tw.)-14K-Gold-BE2D232/
2D232LC,Aria Contoured Lab Diamond Ring (1/6 ct. tw.),aria-contoured-lab-diamond-ring-1-6-ct-tw,"Classic Collection,Modern Collection",Classic Collection,"Yellow Gold, White Gold, Rose Gold, Platinum","14K, 18K, N/A",BE2D232LC_RENDER.glb,C:\brileent earth\2D232LC_Aria-Contoured-Lab-Diamond-Ring-_1_6-ct_-tw_-14K-Gold-BE2D232LC\3d_model\BE2D232LC_RENDER.glb,1465.6,TRUE,https://www.brilliantearth.com/Aria-Contoured-Lab-Diamond-Ring-(1/6-ct.-tw.)-14K-Gold-BE2D232LC/
2D130E,Arista Eternity Diamond Ring,arista-eternity-diamond-ring,"Classic Collection,Modern Collection,Luxe Collection,Statement Collection",Classic Collection,"Yellow Gold, White Gold","14K, 18K",BE2D130E_RENDER.glb,C:\brileent earth\2D130E_Arista-Eternity-Diamond-Ring-White-Gold-BE2D130E\3d_model\BE2D130E_RENDER.glb,1029.6,TRUE,https://www.brilliantearth.com/Arista-Eternity-Diamond-Ring-White-Gold-BE2D130E/
2D130ELC,Arista Eternity Lab Diamond Ring,arista-eternity-lab-diamond-ring,"Classic Collection,Luxe Collection,Modern Collection,Statement Collection",Classic Collection,"Yellow Gold, White Gold, Rose Gold, Platinum","14K, 18K, N/A",BE2D130ELC_RENDER.glb,C:\brileent earth\2D130ELC_Arista-Eternity-Lab-Diamond-Ring-White-Gold-BE2D130ELC\3d_model\BE2D130ELC_RENDER.glb,1029.6,TRUE,https://www.brilliantearth.com/Arista-Eternity-Lab-Diamond-Ring-White-Gold-BE2D130ELC/
2D1112,Astra 1.4mm Diamond Ring,astra-1-4mm-diamond-ring,"Modern Collection,Customer Favorites Collection",Modern Collection,"Yellow Gold, White Gold, Rose Gold, Platinum","14K, 18K, N/A",BE2D1112_RENDER.glb,C:\brileent earth\2D1112_Astra-1_4mm-Diamond-Ring-14K-Gold-BE2D1112\3d_model\BE2D1112_RENDER.glb,859.6,TRUE,https://www.brilliantearth.com/Astra-1.4mm-Diamond-Ring-14K-Gold-BE2D1112/
2D1112LC,Astra 1.4mm Lab Diamond Ring,astra-1-4mm-lab-diamond-ring,"Modern Collection,Customer Favorites Collection",Modern Collection,"Yellow Gold, White Gold, Rose Gold, Platinum","14K, 18K, N/A",BE2D1112LC_RENDER.glb,C:\brileent earth\2D1112LC_Astra-1_4mm-Lab-Diamond-Ring-14K-Gold-BE2D1112LC\3d_model\BE2D1112LC_RENDER.glb,366.8,TRUE,https://www.brilliantearth.com/Astra-1.4mm-Lab-Diamond-Ring-14K-Gold-BE2D1112LC/
2D1115,Astra 2.4mm Diamond Ring (1/4 ct. tw.),astra-2-4mm-diamond-ring-1-4-ct-tw,Modern Collection,Modern Collection,"Yellow Gold, White Gold, Rose Gold, Platinum","14K, 18K, N/A",BE2D1115_RENDER.glb,C:\brileent earth\2D1115_Astra-2_4mm-Diamond-Ring-_1_4-ct_-tw_-14K-Gold-BE2D1115\3d_model\BE2D1115_RENDER.glb,249.1,TRUE,https://www.brilliantearth.com/Astra-2.4mm-Diamond-Ring-(1/4-ct.-tw.)-14K-Gold-BE2D1115/
2D516,Astra 3.2mm Diamond Ring,astra-3-2mm-diamond-ring,Modern Collection,Modern Collection,"Yellow Gold, White Gold, Rose Gold, Platinum","14K, 18K, N/A",BE2D516_RENDER.glb,C:\brileent earth\2D516_Astra-3_2mm-Diamond-Ring-14K-Gold-BE2D516\3d_model\BE2D516_RENDER.glb,181.9,TRUE,https://www.brilliantearth.com/Astra-3.2mm-Diamond-Ring-14K-Gold-BE2D516/
2D1118,Astra Contour Diamond Ring,astra-contour-diamond-ring,Modern Collection,Modern Collection,"Yellow Gold, White Gold, Rose Gold, Platinum","14K, 18K, N/A",BE2D1118_RENDER.glb,C:\brileent earth\2D1118_Astra-Contour-Diamond-Ring-14K-Gold-BE2D1118\3d_model\BE2D1118_RENDER.glb,226.0,TRUE,https://www.brilliantearth.com/Astra-Contour-Diamond-Ring-14K-Gold-BE2D1118/
2D343,Aubrey Diamond Ring,aubrey-diamond-ring,"Classic Collection,Modern Collection",Classic Collection,"Yellow Gold, White Gold, Rose Gold, Platinum","14K, 18K, N/A",BE2D343_RENDER.glb,C:\brileent earth\2D343_Aubrey-Diamond-Ring-14K-White-Gold-BE2D343\3d_model\BE2D343_RENDER.glb,190.3,TRUE,https://www.brilliantearth.com/Aubrey-Diamond-Ring-14K-White-Gold-BE2D343/
2D3222,Aurora Contour Diamond Ring (1/2 ct. tw.),aurora-contour-diamond-ring-1-2-ct-tw,Classic Collection,Classic Collection,"Yellow Gold, White Gold, Rose Gold, Platinum","14K, 18K, N/A",BE2D3222_RENDER.glb,C:\brileent earth\2D3222_Aurora-Contour-Diamond-Ring-_1_2-ct_-tw_-Rose-Gold-BE2D3222\3d_model\BE2D3222_RENDER.glb,146.6,TRUE,https://www.brilliantearth.com/Aurora-Contour-Diamond-Ring-(1/2-ct.-tw.)-Rose-Gold-BE2D3222/
2D2713,Austin 3mm Diamond Ring,austin-3mm-diamond-ring,"Classic Collection,Modern Collection",Classic Collection,"Yellow Gold, White Gold, Rose Gold, Platinum","14K, 18K, N/A",BE2D2713_RENDER.glb,C:\brileent earth\2D2713_Austin-3mm-Diamond-Ring-14K-Gold-BE2D2713\3d_model\BE2D2713_RENDER.glb,200.9,TRUE,https://www.brilliantearth.com/Austin-3mm-Diamond-Ring-14K-Gold-BE2D2713/
2D474,Avalon Eternity Diamond 4mm Wedding Ring (1/3 ct. tw.),avalon-eternity-diamond-4mm-wedding-ring-1-3-ct-tw,"Classic Collection,Modern Collection",Classic Collection,"Yellow Gold, White Gold, Rose Gold, Platinum","14K, 18K, N/A",BE2D474_RENDER.glb,C:\brileent earth\2D474_Avalon-Eternity-Diamond-4mm-Wedding-Ring-_1_3-ct_-tw_-14K-Gold-BE2D474\3d_model\BE2D474_RENDER.glb,873.9,TRUE,https://www.brilliantearth.com/Avalon-Eternity-Diamond-4mm-Wedding-Ring-(1/3-ct.-tw.)-14K-Gold-BE2D474/
2D1823E,Ballad Eternity Diamond Ring (1/3 ct. tw.),ballad-eternity-diamond-ring-1-3-ct-tw,"Classic Collection,Customer Favorites Collection",Classic Collection,"Yellow Gold, White Gold, Rose Gold, Platinum","14K, 18K, N/A",BE2D1823E_RENDER.glb,C:\brileent earth\2D1823E_Ballad-Eternity-Diamond-Ring-_1_3-ct_-tw_-14K-White-Gold-BE2D1823E\3d_model\BE2D1823E_RENDER.glb,394.2,TRUE,https://www.brilliantearth.com/Ballad-Eternity-Diamond-Ring-(1/3-ct.-tw.)-14K-White-Gold-BE2D1823E/
2D1823ELC,Ballad Eternity Lab Diamond Ring (1/3 ct. tw.),ballad-eternity-lab-diamond-ring-1-3-ct-tw,"Classic Collection,Customer Favorites Collection",Classic Collection,"Yellow Gold, White Gold, Rose Gold, Platinum","14K, 18K, N/A",BE2D1823ELC_RENDER.glb,C:\brileent earth\2D1823ELC_Ballad-Eternity-Lab-Diamond-Ring-_1_3-ct_-tw_-14K-White-Gold-BE2D1823ELC\3d_model\BE2D1823ELC_RENDER.glb,394.2,TRUE,https://www.brilliantearth.com/Ballad-Eternity-Lab-Diamond-Ring-(1/3-ct.-tw.)-14K-White-Gold-BE2D1823ELC/
2D1823,Ballad Half Coverage Diamond Ring (1/6 ct. tw.),ballad-half-coverage-diamond-ring-1-6-ct-tw,"Classic Collection,Customer Favorites Collection",Classic Collection,"Yellow Gold, White Gold, Rose Gold, Platinum","14K, 18K, N/A",BE2D1823_RENDER.glb,C:\brileent earth\2D1823_Ballad-Half-Coverage-Diamond-Ring-_1_6-ct_-tw_-14K-White-Gold-BE2D1823\3d_model\BE2D1823_RENDER.glb,344.8,TRUE,https://www.brilliantearth.com/Ballad-Half-Coverage-Diamond-Ring-(1/6-ct.-tw.)-14K-White-Gold-BE2D1823/
2D012,Ballad One-Quarter Coverage Diamond Ring (1/10 ct. tw.),ballad-one-quarter-coverage-diamond-ring-1-10-ct-tw,Classic Collection,Classic Collection,"Yellow Gold, White Gold, Rose Gold, Platinum","14K, 18K, N/A",BE2D012_RENDER.glb,C:\brileent earth\2D012_Ballad-One-Quarter-Coverage-Diamond-Ring-_1_10-ct_-tw_-14K-Gold-BE2D012\3d_model\BE2D012_RENDER.glb,333.1,TRUE,https://www.brilliantearth.com/Ballad-One-Quarter-Coverage-Diamond-Ring-(1/10-ct.-tw.)-14K-Gold-BE2D012/
264,Ballad Three-Quarter Coverage Diamond Ring (1/4 ct. tw.),ballad-three-quarter-coverage-diamond-ring-1-4-ct-tw,"Classic Collection,Customer Favorites Collection",Classic Collection,"Yellow Gold, White Gold, Rose Gold, Platinum","14K, 18K, N/A",BE264_RENDER.glb,C:\brileent earth\264_Ballad-Three-Quarter-Coverage-Diamond-Ring-_1_4-ct_-tw_-14K-White-Gold-BE264\3d_model\BE264_RENDER.glb,400.2,TRUE,https://www.brilliantearth.com/Ballad-Three-Quarter-Coverage-Diamond-Ring-(1/4-ct.-tw.)-14K-White-Gold-BE264/
264LC,Ballad Three-Quarter Coverage Lab Diamond Ring (1/4 ct. tw.),ballad-three-quarter-coverage-lab-diamond-ring-1-4-ct-tw,"Classic Collection,Customer Favorites Collection",Classic Collection,"Yellow Gold, White Gold, Rose Gold, Platinum","14K, 18K, N/A",BE264LC_RENDER.glb,C:\brileent earth\264LC_Ballad-Three-Quarter-Coverage-Lab-Diamond-Ring-_1_4-ct_-tw_-14K-White-Gold-BE264LC\3d_model\BE264LC_RENDER.glb,434.3,TRUE,https://www.brilliantearth.com/Ballad-Three-Quarter-Coverage-Lab-Diamond-Ring-(1/4-ct.-tw.)-14K-White-Gold-BE264LC/
2D837,Bettina Contour Baguette Diamond Ring (1/4 ct. tw.),bettina-contour-baguette-diamond-ring-1-4-ct-tw,Modern Collection,Modern Collection,"Yellow Gold, White Gold, Rose Gold, Platinum","14K, 18K, N/A",BE2D837_RENDER.glb,C:\brileent earth\2D837_Bettina-Contour-Baguette-Diamond-Ring-_1_4-ct_-tw_-14K-Gold-BE2D837\3d_model\BE2D837_RENDER.glb,149.2,TRUE,https://www.brilliantearth.com/Bettina-Contour-Baguette-Diamond-Ring-(1/4-ct.-tw.)-14K-Gold-BE2D837/
2D837LC,Bettina Contour Baguette Lab Diamond Ring (1/4 ct. tw.),bettina-contour-baguette-lab-diamond-ring-1-4-ct-tw,Modern Collection,Modern Collection,"Yellow Gold, White Gold, Rose Gold, Platinum","14K, 18K, N/A",BE2D837LC_RENDER.glb,C:\brileent earth\2D837LC_Bettina-Contour-Baguette-Lab-Diamond-Ring-_1_4-ct_-tw_-14K-Gold-BE2D837LC\3d_model\BE2D837LC_RENDER.glb,149.4,TRUE,https://www.brilliantearth.com/Bettina-Contour-Baguette-Lab-Diamond-Ring-(1/4-ct.-tw.)-14K-Gold-BE2D837LC/
2D583,Bezel Baguette Eternity Diamond Ring (3/4 ct. tw.),bezel-baguette-eternity-diamond-ring-3-4-ct-tw,Modern Collection,Modern Collection,"Yellow Gold, White Gold, Rose Gold, Platinum","14K, 18K, N/A",BE2D583_RENDER.glb,C:\brileent earth\2D583_Bezel-Baguette-Eternity-Diamond-Ring-_3_4-ct_-tw_-14K-Gold-BE2D583\3d_model\BE2D583_RENDER.glb,218.3,TRUE,https://www.brilliantearth.com/Bezel-Baguette-Eternity-Diamond-Ring-(3/4-ct.-tw.)-14K-Gold-BE2D583/
2D583LC,Bezel Baguette Eternity Lab Diamond Ring (3/4 ct. tw.),bezel-baguette-eternity-lab-diamond-ring-3-4-ct-tw,Modern Collection,Modern Collection,"Yellow Gold, White Gold, Rose Gold, Platinum","14K, 18K, N/A",BE2D583LC_RENDER.glb,C:\brileent earth\2D583LC_Bezel-Baguette-Eternity-Lab-Diamond-Ring-_3_4-ct_-tw_-14K-Gold-BE2D583LC\3d_model\BE2D583LC_RENDER.glb,218.3,TRUE,https://www.brilliantearth.com/Bezel-Baguette-Eternity-Lab-Diamond-Ring-(3/4-ct.-tw.)-14K-Gold-BE2D583LC/
2DEB150E,Bezel Emerald Cut Eternity Diamond Ring (1 1/2 ct. tw.),bezel-emerald-cut-eternity-diamond-ring-1-1-2-ct-tw,"Classic Collection,Luxe Collection",Classic Collection,"Yellow Gold, White Gold, Rose Gold, Platinum","14K, 18K, N/A",BE2DEB150E_RENDER.glb,C:\brileent earth\2DEB150E_Bezel-Emerald-Cut-Eternity-Diamond-Ring-_1-1_2-ct_-tw_-14K-Gold-BE2DEB150E\3d_model\BE2DEB150E_RENDER.glb,276.2,TRUE,https://www.brilliantearth.com/Bezel-Emerald-Cut-Eternity-Diamond-Ring-(1-1/2-ct.-tw.)-14K-Gold-BE2DEB150E/
2DEB250ELC,Bezel Emerald Cut Eternity Lab Diamond Ring (2 1/2 ct. tw.),bezel-emerald-cut-eternity-lab-diamond-ring-2-1-2-ct-tw,Classic Collection,Classic Collection,"Yellow Gold, White Gold, Rose Gold, Platinum","14K, 18K, N/A",BE2DEB250ELC_RENDER.glb,C:\brileent earth\2DEB250ELC_Bezel-Emerald-Cut-Eternity-Lab-Diamond-Ring-_2-1_2-ct_-tw_-14K-Gold-BE2DEB250ELC\3d_model\BE2DEB250ELC_RENDER.glb,300.5,TRUE,https://www.brilliantearth.com/Bezel-Emerald-Cut-Eternity-Lab-Diamond-Ring-(2-1/2-ct.-tw.)-14K-Gold-BE2DEB250ELC/
2DB150LC,Bezel Emerald-Cut Lab Diamond Ring (1 1/2 ct. tw.),bezel-emerald-cut-lab-diamond-ring-1-1-2-ct-tw,Modern Collection,Modern Collection,"Yellow Gold, White Gold, Rose Gold, Platinum","14K, 18K, N/A",BE2DB150LC_RENDER.glb,C:\brileent earth\2DB150LC_Bezel-Emerald-Cut-Lab-Diamond-Ring-_1-1_2-ct_-tw_-Gold-BE2DB150LC\3d_model\BE2DB150LC_RENDER.glb,264.7,TRUE,https://www.brilliantearth.com/Bezel-Emerald-Cut-Lab-Diamond-Ring-(1-1/2-ct.-tw.)-Gold-BE2DB150LC/
2DEB150ELC,Bezel Emerald Cut Lab Eternity Diamond Ring (1 1/2 ct. tw.),bezel-emerald-cut-lab-eternity-diamond-ring-1-1-2-ct-tw,"Classic Collection,Luxe Collection",Classic Collection,"Yellow Gold, White Gold, Rose Gold, Platinum","14K, 18K, N/A",BE2DEB150ELC_RENDER.glb,C:\brileent earth\2DEB150ELC_Bezel-Emerald-Cut-Lab-Eternity-Diamond-Ring-_1-1_2-ct_-tw_-14K-Gold-BE2DEB150ELC\3d_model\BE2DEB150ELC_RENDER.glb,313.0,TRUE,https://www.brilliantearth.com/Bezel-Emerald-Cut-Lab-Eternity-Diamond-Ring-(1-1/2-ct.-tw.)-14K-Gold-BE2DEB150ELC/
2D883,Bezel Marquise Eternity Diamond Ring (3/4 ct. tw.),bezel-marquise-eternity-diamond-ring-3-4-ct-tw,Modern Collection,Modern Collection,"Yellow Gold, White Gold, Rose Gold, Platinum","14K, 18K, N/A",BE2D883_RENDER.glb,C:\brileent earth\2D883_Bezel-Marquise-Eternity-Diamond-Ring-_3_4-ct_-tw_-Gold-BE2D883\3d_model\BE2D883_RENDER.glb,247.2,TRUE,https://www.brilliantearth.com/Bezel-Marquise-Eternity-Diamond-Ring-(3/4-ct.-tw.)-Gold-BE2D883/
2D883LC,Bezel Marquise Eternity Lab Diamond Ring (3/4 ct. tw.),bezel-marquise-eternity-lab-diamond-ring-3-4-ct-tw,Modern Collection,Modern Collection,"Yellow Gold, White Gold, Rose Gold, Platinum","14K, 18K, N/A",BE2D883LC_RENDER.glb,C:\brileent earth\2D883LC_Bezel-Marquise-Eternity-Lab-Diamond-Ring-_3_4-ct_-tw_-Gold-BE2D883LC\3d_model\BE2D883LC_RENDER.glb,245.6,TRUE,https://www.brilliantearth.com/Bezel-Marquise-Eternity-Lab-Diamond-Ring-(3/4-ct.-tw.)-Gold-BE2D883LC/
2D238BELC,Bezel Oval Eternity Lab Diamond Ring,bezel-oval-eternity-lab-diamond-ring,Modern Collection,Modern Collection,"Yellow Gold, White Gold, Rose Gold, Platinum","14K, 18K, N/A",BE2D238BELC_RENDER.glb,C:\brileent earth\2D238BELC_Bezel-Oval-Eternity-Lab-Diamond-Ring-14K-Gold-BE2D238BELC\3d_model\BE2D238BELC_RENDER.glb,188.4,TRUE,https://www.brilliantearth.com/Bezel-Oval-Eternity-Lab-Diamond-Ring-14K-Gold-BE2D238BELC/
2DRB50E,Bezel Round Eternity Diamond Ring (1/2 ct. tw.),bezel-round-eternity-diamond-ring-1-2-ct-tw,"Classic Collection,Modern Collection",Classic Collection,"Yellow Gold, White Gold, Rose Gold, Platinum","14K, 18K, N/A",BE2DRB50E_RENDER.glb,C:\brileent earth\2DRB50E_Bezel-Round-Eternity-Diamond-Ring-_1_2-ct_-tw_-14K-Gold-BE2DRB50E\3d_model\BE2DRB50E_RENDER.glb,359.8,TRUE,https://www.brilliantearth.com/Bezel-Round-Eternity-Diamond-Ring-(1/2-ct.-tw.)-14K-Gold-BE2DRB50E/
2DRB100E,Bezel Round Eternity Diamond Ring (1 ct. tw.),bezel-round-eternity-diamond-ring-1-ct-tw,Classic Collection,Classic Collection,"Yellow Gold, White Gold, Rose Gold, Platinum","14K, 18K, N/A",BE2DRB100E_RENDER.glb,C:\brileent earth\2DRB100E_Bezel-Round-Eternity-Diamond-Ring-_1-ct_-tw_-14K-Gold-BE2DRB100E\3d_model\BE2DRB100E_RENDER.glb,365.0,TRUE,https://www.brilliantearth.com/Bezel-Round-Eternity-Diamond-Ring-(1-ct.-tw.)-14K-Gold-BE2DRB100E/
2DRB50ELC,Bezel Round Eternity Lab Diamond Ring (1/2 ct. tw.),bezel-round-eternity-lab-diamond-ring-1-2-ct-tw,"Classic Collection,Modern Collection",Classic Collection,"Yellow Gold, White Gold, Rose Gold, Platinum","14K, 18K, N/A",BE2DRB50ELC_RENDER.glb,C:\brileent earth\2DRB50ELC_Bezel-Round-Eternity-Lab-Diamond-Ring-_1_2-ct_-tw_-14K-Gold-BE2DRB50ELC\3d_model\BE2DRB50ELC_RENDER.glb,359.8,TRUE,https://www.brilliantearth.com/Bezel-Round-Eternity-Lab-Diamond-Ring-(1/2-ct.-tw.)-14K-Gold-BE2DRB50ELC/
2DRB100ELC,Bezel Round Eternity Lab Diamond Ring (1 ct. tw.),bezel-round-eternity-lab-diamond-ring-1-ct-tw,Classic Collection,Classic Collection,"Yellow Gold, White Gold, Rose Gold, Platinum","14K, 18K, N/A",BE2DRB100ELC_RENDER.glb,C:\brileent earth\2DRB100ELC_Bezel-Round-Eternity-Lab-Diamond-Ring-_1-ct_-tw_-14K-Gold-BE2DRB100ELC\3d_model\BE2DRB100ELC_RENDER.glb,365.0,TRUE,https://www.brilliantearth.com/Bezel-Round-Eternity-Lab-Diamond-Ring-(1-ct.-tw.)-14K-Gold-BE2DRB100ELC/
2990,Blake Chain Ring,blake-chain-ring,Modern Collection,Modern Collection,"Yellow Gold, White Gold, Rose Gold, Platinum","14K, N/A",BE2990_RENDER.glb,C:\brileent earth\2990_Blake-Chain-Ring-14K-Gold-BE2990\3d_model\BE2990_RENDER.glb,227.7,TRUE,https://www.brilliantearth.com/Blake-Chain-Ring-14K-Gold-BE2990/
2FPD14,Bliss Diamond Ring (1/5 ct. tw.),bliss-diamond-ring-1-5-ct-tw,"Classic Collection,Customer Favorites Collection",Classic Collection,"Yellow Gold, White Gold, Rose Gold, Platinum","14K, 18K, N/A",BE2FPD14_RENDER.glb,C:\brileent earth\2FPD14_Bliss-Diamond-Ring-_1_5-ct_-tw_-14K-White-Gold-BE2FPD14\3d_model\BE2FPD14_RENDER.glb,259.8,TRUE,https://www.brilliantearth.com/Bliss-Diamond-Ring-(1/5-ct.-tw.)-14K-White-Gold-BE2FPD14/
2FPD14E,Bliss Eternity Diamond Ring (1/2 ct. tw.),bliss-eternity-diamond-ring-1-2-ct-tw,Classic Collection,Classic Collection,"Yellow Gold, White Gold, Rose Gold, Platinum","14K, 18K, N/A",BE2FPD14E_RENDER.glb,C:\brileent earth\2FPD14E_Bliss-Eternity-Diamond-Ring-_1_2-ct_-tw_-14K-White-Gold-BE2FPD14E\3d_model\BE2FPD14E_RENDER.glb,589.8,TRUE,https://www.brilliantearth.com/Bliss-Eternity-Diamond-Ring-(1/2-ct.-tw.)-14K-White-Gold-BE2FPD14E/
2FPD14LC,Bliss Lab Diamond Ring (1/5 ct. tw.),bliss-lab-diamond-ring-1-5-ct-tw,"Classic Collection,Customer Favorites Collection",Classic Collection,"Yellow Gold, White Gold, Rose Gold, Platinum","14K, 18K, N/A",BE2FPD14LC_RENDER.glb,C:\brileent earth\2FPD14LC_Bliss-Lab-Diamond-Ring-_1_5-ct_-tw_-14K-White-Gold-BE2FPD14LC\3d_model\BE2FPD14LC_RENDER.glb,259.8,TRUE,https://www.brilliantearth.com/Bliss-Lab-Diamond-Ring-(1/5-ct.-tw.)-14K-White-Gold-BE2FPD14LC/
2D1427,Bliss Three-Quarter Coverage Diamond Ring (1/3 ct. tw.),bliss-three-quarter-coverage-diamond-ring-1-3-ct-tw,Classic Collection,Classic Collection,"Yellow Gold, White Gold, Rose Gold, Platinum","14K, 18K, N/A",BE2D1427_RENDER.glb,C:\brileent earth\2D1427_Bliss-Three-Quarter-Coverage-Diamond-Ring-_1_3-ct_-tw_-14K-White-Gold-BE2D1427\3d_model\BE2D1427_RENDER.glb,312.9,TRUE,https://www.brilliantearth.com/Bliss-Three-Quarter-Coverage-Diamond-Ring-(1/3-ct.-tw.)-14K-White-Gold-BE2D1427/
2D8315,Blooming Willow Diamond Ring (1/4 ct. tw.),blooming-willow-diamond-ring-1-4-ct-tw,"Nature Collection,Statement Collection",Nature Collection,"Yellow Gold, White Gold, Rose Gold, Platinum","14K, 18K, N/A",BE2D8315_RENDER.glb,C:\brileent earth\2D8315_Blooming-Willow-Diamond-Ring-_1_4-ct_-tw_-14K-White-Gold-BE2D8315\3d_model\BE2D8315_RENDER.glb,255.1,TRUE,https://www.brilliantearth.com/Blooming-Willow-Diamond-Ring-(1/4-ct.-tw.)-14K-White-Gold-BE2D8315/
2D2112,Bordeaux Shared Prong Diamond Ring (1/2 ct. tw.),bordeaux-shared-prong-diamond-ring-1-2-ct-tw,"Classic Collection,Modern Collection",Classic Collection,"Yellow Gold, White Gold",18K,BE2D2112_RENDER.glb,C:\brileent earth\2D2112_Bordeaux-Shared-Prong-Diamond-Ring-_1_2-ct_-tw_-Gold-BE2D2112\3d_model\BE2D2112_RENDER.glb,289.4,TRUE,https://www.brilliantearth.com/Bordeaux-Shared-Prong-Diamond-Ring-(1/2-ct.-tw.)-Gold-BE2D2112/
2884,Bowtie Wedding Ring,bowtie-wedding-ring,Modern Collection,Modern Collection,"Yellow Gold, White Gold, Rose Gold, Platinum","14K, 18K, N/A",BE2884_RENDER.glb,C:\brileent earth\2884_Bowtie-Wedding-Ring-Gold-BE2884\3d_model\BE2884_RENDER.glb,1319.5,TRUE,https://www.brilliantearth.com/Bowtie-Wedding-Ring-Gold-BE2884/
2D7948,Calypso Diamond Ring,calypso-diamond-ring,Modern Collection,Modern Collection,"Yellow Gold, White Gold, Rose Gold, Platinum","14K, 18K, N/A",BE2D7948_RENDER.glb,C:\brileent earth\2D7948_Calypso-Diamond-Ring-14K-White-Gold-BE2D7948\3d_model\BE2D7948_RENDER.glb,622.4,TRUE,https://www.brilliantearth.com/Calypso-Diamond-Ring-14K-White-Gold-BE2D7948/
2D1289,Camellia Eternity Diamond Ring,camellia-eternity-diamond-ring,"Luxe Collection,Nature Collection",Nature Collection,"Yellow Gold, White Gold, Rose Gold, Platinum","14K, 18K, N/A",BE2D1289_RENDER.glb,C:\brileent earth\2D1289_Camellia-Eternity-Diamond-Ring-14K-Gold-BE2D1289\3d_model\BE2D1289_RENDER.glb,274.3,TRUE,https://www.brilliantearth.com/Camellia-Eternity-Diamond-Ring-14K-Gold-BE2D1289/
2D1289LC,Camellia Eternity Lab Diamond Ring,camellia-eternity-lab-diamond-ring,"Luxe Collection,Nature Collection",Nature Collection,"Yellow Gold, White Gold, Rose Gold, Platinum","14K, 18K, N/A",BE2D1289LC_RENDER.glb,C:\brileent earth\2D1289LC_Camellia-Eternity-Lab-Diamond-Ring-14K-Gold-BE2D1289LC\3d_model\BE2D1289LC_RENDER.glb,274.3,TRUE,https://www.brilliantearth.com/Camellia-Eternity-Lab-Diamond-Ring-14K-Gold-BE2D1289LC/
2D9904,Camellia Milgrain 1.5mm Diamond Ring,camellia-milgrain-1-5mm-diamond-ring,"Nature Collection,Antique Collection",Nature Collection,"Yellow Gold, White Gold, Rose Gold, Platinum","14K, 18K, N/A",BE2D9904_RENDER.glb,C:\brileent earth\2D9904_Camellia-Milgrain-1_5mm-Diamond-Ring-14K-Gold-BE2D9904\3d_model\BE2D9904_RENDER.glb,811.1,TRUE,https://www.brilliantearth.com/Camellia-Milgrain-1.5mm-Diamond-Ring-14K-Gold-BE2D9904/
2D9905,Camellia Milgrain 2.5mm Diamond Ring (1/4 ct. tw.),camellia-milgrain-2-5mm-diamond-ring-1-4-ct-tw,Nature Collection,Nature Collection,"Yellow Gold, White Gold, Rose Gold, Platinum","14K, 18K, N/A",BE2D9905_RENDER.glb,C:\brileent earth\2D9905_Camellia-Milgrain-2_5mm-Diamond-Ring-_1_4-ct_-tw_-14K-Gold-BE2D9905\3d_model\BE2D9905_RENDER.glb,276.4,TRUE,https://www.brilliantearth.com/Camellia-Milgrain-2.5mm-Diamond-Ring-(1/4-ct.-tw.)-14K-Gold-BE2D9905/
2D784,Camellia Milgrain Contoured Diamond Ring,camellia-milgrain-contoured-diamond-ring,"Nature Collection,Antique Collection",Nature Collection,"Yellow Gold, White Gold, Rose Gold, Platinum","14K, 18K, N/A",BE2D784_RENDER.glb,C:\brileent earth\2D784_Camellia-Milgrain-Contoured-Diamond-Ring-14K-Gold-BE2D784\3d_model\BE2D784_RENDER.glb,210.5,TRUE,https://www.brilliantearth.com/Camellia-Milgrain-Contoured-Diamond-Ring-14K-Gold-BE2D784/
2D5714,Camellia Milgrain Diamond Open Ring,camellia-milgrain-diamond-open-ring,"Nature Collection,Antique Collection,Open Collection",Nature Collection,"Yellow Gold, White Gold, Rose Gold, Platinum","14K, 18K, N/A",BE2D5714_RENDER.glb,C:\brileent earth\2D5714_Camellia-Milgrain-Diamond-Open-Ring-14K-Gold-BE2D5714\3d_model\BE2D5714_RENDER.glb,190.0,TRUE,https://www.brilliantearth.com/Camellia-Milgrain-Diamond-Open-Ring-14K-Gold-BE2D5714/
2D249,Camellia Milgrain Marquise Diamond Ring (3/4 ct. tw.),camellia-milgrain-marquise-diamond-ring-3-4-ct-tw,Antique Collection,Antique Collection,"Yellow Gold, White Gold, Rose Gold, Platinum","14K, 18K, N/A",BE2D249_RENDER.glb,C:\brileent earth\2D249_Camellia-Milgrain-Marquise-Diamond-Ring-_3_4-ct_-tw_-Gold-BE2D249\3d_model\BE2D249_RENDER.glb,214.6,TRUE,https://www.brilliantearth.com/Camellia-Milgrain-Marquise-Diamond-Ring-(3/4-ct.-tw.)-Gold-BE2D249/
2D249LC,Camellia Milgrain Marquise Lab Diamond Ring (3/4 ct. tw.),camellia-milgrain-marquise-lab-diamond-ring-3-4-ct-tw,Antique Collection,Antique Collection,"Yellow Gold, White Gold, Rose Gold, Platinum","14K, 18K, N/A",BE2D249LC_RENDER.glb,C:\brileent earth\2D249LC_Camellia-Milgrain-Marquise-Lab-Diamond-Ring-_3_4-ct_-tw_-Gold-BE2D249LC\3d_model\BE2D249LC_RENDER.glb,214.6,TRUE,https://www.brilliantearth.com/Camellia-Milgrain-Marquise-Lab-Diamond-Ring-(3/4-ct.-tw.)-Gold-BE2D249LC/
26784,Camellia Wedding Ring,camellia-wedding-ring,"Nature Collection,Antique Collection",Nature Collection,"Yellow Gold, White Gold, Rose Gold, Platinum","14K, 18K, N/A",BE26784_RENDER.glb,C:\brileent earth\26784_Camellia-Wedding-Ring-14K-Gold-BE26784\3d_model\BE26784_RENDER.glb,139.8,TRUE,https://www.brilliantearth.com/Camellia-Wedding-Ring-14K-Gold-BE26784/
2D5139,Camille Contoured Diamond Ring (1/5 ct. tw.),camille-contoured-diamond-ring-1-5-ct-tw,"Classic Collection,Modern Collection",Classic Collection,"Yellow Gold, White Gold, Rose Gold, Platinum","14K, 18K, N/A",BE2D5139_RENDER.glb,C:\brileent earth\2D5139_Camille-Contoured-Diamond-Ring-_1_5-ct_-tw_-14K-Gold-BE2D5139\3d_model\BE2D5139_RENDER.glb,1538.3,TRUE,https://www.brilliantearth.com/Camille-Contoured-Diamond-Ring-(1/5-ct.-tw.)-14K-Gold-BE2D5139/
2D832,Camille Contoured Diamond Ring (3/4 ct. tw.),camille-contoured-diamond-ring-3-4-ct-tw,Classic Collection,Classic Collection,"Yellow Gold, White Gold, Rose Gold, Platinum","14K, 18K, N/A",BE2D832_RENDER.glb,C:\brileent earth\2D832_Camille-Contoured-Diamond-Ring-_3_4-ct_-tw_-14K-White-Gold-BE2D832\3d_model\BE2D832_RENDER.glb,145.0,TRUE,https://www.brilliantearth.com/Camille-Contoured-Diamond-Ring-(3/4-ct.-tw.)-14K-White-Gold-BE2D832/
2D4646LC,Cannes Curved Lab Diamond Ring (1 ct. tw.),cannes-curved-lab-diamond-ring-1-ct-tw,Luxe Collection,Luxe Collection,"Yellow Gold, White Gold, Rose Gold, Platinum","14K, 18K, N/A",BE2D4646LC_RENDER.glb,C:\brileent earth\2D4646LC_Cannes-Curved-Lab-Diamond-Ring-_1-ct_-tw_-14K-Gold-BE2D4646LC\3d_model\BE2D4646LC_RENDER.glb,147.9,TRUE,https://www.brilliantearth.com/Cannes-Curved-Lab-Diamond-Ring-(1-ct.-tw.)-14K-Gold-BE2D4646LC/
2D889,Canopy Pavé Diamond Contour Ring,canopy-pav-diamond-contour-ring,Nature Collection,Nature Collection,"Yellow Gold, White Gold",18K,BE2D889_RENDER.glb,C:\brileent earth\2D889_Canopy-Pav├⌐-Diamond-Contour-Ring-White-Gold-BE2D889\3d_model\BE2D889_RENDER.glb,346.4,TRUE,https://www.brilliantearth.com/Canopy-Pav├⌐-Diamond-Contour-Ring-White-Gold-BE2D889/
2D899,Canopy Pavé Eternity Diamond Ring,canopy-pav-eternity-diamond-ring,Nature Collection,Nature Collection,"Rose Gold, Yellow Gold, White Gold, Platinum","14K, 18K, N/A",BE2D899_RENDER.glb,C:\brileent earth\2D899_Canopy-Pav├⌐-Eternity-Diamond-Ring-Gold-BE2D899\3d_model\BE2D899_RENDER.glb,821.2,TRUE,https://www.brilliantearth.com/Canopy-Pav├⌐-Eternity-Diamond-Ring-Gold-BE2D899/
2D817LC,Cara Flush Set Eternity Lab Diamond Ring,cara-flush-set-eternity-lab-diamond-ring,"Modern Collection,Dome Collection",Modern Collection,"Yellow Gold, White Gold, Rose Gold, Platinum","14K, 18K, N/A",BE2D817LC_RENDER.glb,C:\brileent earth\2D817LC_Cara-Flush-Set-Eternity-Lab-Diamond-Ring-14K-Gold-BE2D817LC\3d_model\BE2D817LC_RENDER.glb,146.4,TRUE,https://www.brilliantearth.com/Cara-Flush-Set-Eternity-Lab-Diamond-Ring-14K-Gold-BE2D817LC/
2D8115,Caris Diamond Ring (1/10 ct. tw.),caris-diamond-ring-1-10-ct-tw,"Modern Collection,Antique Collection",Modern Collection,"Yellow Gold, White Gold, Rose Gold, Platinum","14K, 18K, N/A",BE2D8115_RENDER.glb,C:\brileent earth\2D8115_Caris-Diamond-Ring-_1_10-ct_-tw_-14K-Gold-BE2D8115\3d_model\BE2D8115_RENDER.glb,278.0,TRUE,https://www.brilliantearth.com/Caris-Diamond-Ring-(1/10-ct.-tw.)-14K-Gold-BE2D8115/
2D8115LC,Caris Lab Diamond Ring (1/10 ct. tw.),caris-lab-diamond-ring-1-10-ct-tw,"Modern Collection,Antique Collection",Modern Collection,"Yellow Gold, White Gold, Rose Gold, Platinum","14K, 18K, N/A",BE2D8115LC_RENDER.glb,C:\brileent earth\2D8115LC_Caris-Lab-Diamond-Ring-_1_10-ct_-tw_-14K-Gold-BE2D8115LC\3d_model\BE2D8115LC_RENDER.glb,278.0,TRUE,https://www.brilliantearth.com/Caris-Lab-Diamond-Ring-(1/10-ct.-tw.)-14K-Gold-BE2D8115LC/
2D5441,Celestia Milgrain Diamond Ring (1/3 ct. tw.),celestia-milgrain-diamond-ring-1-3-ct-tw,Antique Collection,Antique Collection,"Yellow Gold, White Gold",18K,BE2D5441_RENDER.glb,C:\brileent earth\2D5441_Celestia-Milgrain-Diamond-Ring-_1_3-ct_-tw_-Gold-BE2D5441\3d_model\BE2D5441_RENDER.glb,329.3,TRUE,https://www.brilliantearth.com/Celestia-Milgrain-Diamond-Ring-(1/3-ct.-tw.)-Gold-BE2D5441/
21131,Celtic Knot Contoured Ring,celtic-knot-contoured-ring,Antique Collection,Antique Collection,"Yellow Gold, White Gold, Rose Gold, Platinum","14K, 18K, N/A",BE21131_RENDER.glb,C:\brileent earth\21131_Celtic-Knot-Contoured-Ring-14K-Gold-BE21131\3d_model\BE21131_RENDER.glb,583.4,TRUE,https://www.brilliantearth.com/Celtic-Knot-Contoured-Ring-14K-Gold-BE21131/
2D519,Celtic Knot Diamond Ring,celtic-knot-diamond-ring,Antique Collection,Antique Collection,"Yellow Gold, White Gold, Rose Gold, Platinum","14K, 18K, N/A",BE2D519_RENDER.glb,C:\brileent earth\2D519_Celtic-Knot-Diamond-Ring-14K-White-Gold-BE2D519\3d_model\BE2D519_RENDER.glb,426.7,TRUE,https://www.brilliantearth.com/Celtic-Knot-Diamond-Ring-14K-White-Gold-BE2D519/
2D519LC,Celtic Knot Lab Diamond Ring,celtic-knot-lab-diamond-ring,Antique Collection,Antique Collection,"Yellow Gold, White Gold, Rose Gold, Platinum","14K, 18K, N/A",BE2D519LC_RENDER.glb,C:\brileent earth\2D519LC_Celtic-Knot-Lab-Diamond-Ring-14K-White-Gold-BE2D519LC\3d_model\BE2D519LC_RENDER.glb,426.7,TRUE,https://www.brilliantearth.com/Celtic-Knot-Lab-Diamond-Ring-14K-White-Gold-BE2D519LC/
2D289LC,Channel Set Baguette Eternity Lab Diamond Ring (1 1/2 ct. tw.),channel-set-baguette-eternity-lab-diamond-ring-1-1-2-ct-tw,Modern Collection,Modern Collection,"Yellow Gold, White Gold, Rose Gold, Platinum","14K, 18K, N/A",BE2D289LC_RENDER.glb,C:\brileent earth\2D289LC_Channel-Set-Baguette-Eternity-Lab-Diamond-Ring-_1-1_2-ct_-tw_-14K-Gold-BE2D289LC\3d_model\BE2D289LC_RENDER.glb,210.2,TRUE,https://www.brilliantearth.com/Channel-Set-Baguette-Eternity-Lab-Diamond-Ring-(1-1/2-ct.-tw.)-14K-Gold-BE2D289LC/
2D217LC,Channel Set Round Eternity Lab Diamond Ring,channel-set-round-eternity-lab-diamond-ring,"Luxe Collection,Modern Collection",Modern Collection,"Yellow Gold, White Gold, Rose Gold, Platinum","14K, 18K, N/A",BE2D217LC_RENDER.glb,C:\brileent earth\2D217LC_Channel-Set-Round-Eternity-Lab-Diamond-Ring-14K-Gold-BE2D217LC\3d_model\BE2D217LC_RENDER.glb,344.8,TRUE,https://www.brilliantearth.com/Channel-Set-Round-Eternity-Lab-Diamond-Ring-14K-Gold-BE2D217LC/
2119,Chevron Ring,chevron-ring,"Classic Collection,Modern Collection,Customer Favorites Collection",Classic Collection,"Yellow Gold, White Gold, Rose Gold, Platinum","14K, 18K, N/A",BE2119_RENDER.glb,C:\brileent earth\2119_Chevron-Ring-14K-Gold-BE2119\3d_model\BE2119_RENDER.glb,62.1,TRUE,https://www.brilliantearth.com/Chevron-Ring-14K-Gold-BE2119/
2D818LC,Chloe Flush Set Emerald Cut 3.2mm Lab Diamond Ring,chloe-flush-set-emerald-cut-3-2mm-lab-diamond-ring,Modern Collection,Modern Collection,"Yellow Gold, White Gold, Rose Gold, Platinum","14K, 18K, N/A",BE2D818LC_RENDER.glb,C:\brileent earth\2D818LC_Chloe-Flush-Set-Emerald-Cut-3_2mm-Lab-Diamond-Ring-14K-Gold-BE2D818LC\3d_model\BE2D818LC_RENDER.glb,392.0,TRUE,https://www.brilliantearth.com/Chloe-Flush-Set-Emerald-Cut-3.2mm-Lab-Diamond-Ring-14K-Gold-BE2D818LC/
2D581,Chloe Flush Set Emerald Cut 4.5mm Diamond Ring,chloe-flush-set-emerald-cut-4-5mm-diamond-ring,Modern Collection,Modern Collection,"Yellow Gold, White Gold, Rose Gold, Platinum","14K, 18K, N/A",BE2D581_RENDER.glb,C:\brileent earth\2D581_Chloe-Flush-Set-Emerald-Cut-4_5mm-Diamond-Ring-Gold-BE2D581\3d_model\BE2D581_RENDER.glb,617.3,TRUE,https://www.brilliantearth.com/Chloe-Flush-Set-Emerald-Cut-4.5mm-Diamond-Ring-Gold-BE2D581/
2D581LC,Chloe Flush Set Emerald Cut 4.5mm Lab Diamond Ring,chloe-flush-set-emerald-cut-4-5mm-lab-diamond-ring,Modern Collection,Modern Collection,"Yellow Gold, White Gold, Rose Gold, Platinum","14K, 18K, N/A",BE2D581LC_RENDER.glb,C:\brileent earth\2D581LC_Chloe-Flush-Set-Emerald-Cut-4_5mm-Lab-Diamond-Ring-Gold-BE2D581LC\3d_model\BE2D581LC_RENDER.glb,294.6,TRUE,https://www.brilliantearth.com/Chloe-Flush-Set-Emerald-Cut-4.5mm-Lab-Diamond-Ring-Gold-BE2D581LC/
2D1312,Clemente Eternity Diamond Ring,clemente-eternity-diamond-ring,"Nature Collection,Luxe Collection",Nature Collection,"Yellow Gold, White Gold",18K,BE2D1312_RENDER.glb,C:\brileent earth\2D1312_Clemente-Eternity-Diamond-Ring-Gold-BE2D1312\3d_model\BE2D1312_RENDER.glb,347.7,TRUE,https://www.brilliantearth.com/Clemente-Eternity-Diamond-Ring-Gold-BE2D1312/
2D052LC,Colette Lab Diamond Ring (1/2 ct. tw.),colette-lab-diamond-ring-1-2-ct-tw,Classic Collection,Classic Collection,"Yellow Gold, White Gold, Rose Gold","14K, 18K",BE2D052LC_RENDER.glb,C:\brileent earth\2D052LC_Colette-Lab-Diamond-Ring-_1_2-ct_-tw_-Gold-BE2D052LC\3d_model\BE2D052LC_RENDER.glb,833.3,TRUE,https://www.brilliantearth.com/Colette-Lab-Diamond-Ring-(1/2-ct.-tw.)-Gold-BE2D052LC/
2D053LC,Colette Lab Diamond Ring (1 ct. tw.),colette-lab-diamond-ring-1-ct-tw,Classic Collection,Classic Collection,"Yellow Gold, White Gold, Rose Gold","14K, 18K",BE2D053LC_RENDER.glb,C:\brileent earth\2D053LC_Colette-Lab-Diamond-Ring-_1-ct_-tw_-Gold-BE2D053LC\3d_model\BE2D053LC_RENDER.glb,169.3,TRUE,https://www.brilliantearth.com/Colette-Lab-Diamond-Ring-(1-ct.-tw.)-Gold-BE2D053LC/
206,Comfort Fit 4mm Wedding Ring,comfort-fit-4mm-wedding-ring,Classic Collection,Classic Collection,"Yellow Gold, White Gold, Rose Gold, Platinum","14K, 18K, N/A",BE206_RENDER.glb,C:\brileent earth\206_Comfort-Fit-4mm-Wedding-Ring-14K-Gold-BE206\3d_model\BE206_RENDER.glb,132.1,TRUE,https://www.brilliantearth.com/Comfort-Fit-4mm-Wedding-Ring-14K-Gold-BE206/
2D887,Corinne Contour Diamond Ring (1/3 ct. tw.),corinne-contour-diamond-ring-1-3-ct-tw,Modern Collection,Modern Collection,"Yellow Gold, White Gold, Rose Gold, Platinum","14K, 18K, N/A",BE2D887_RENDER.glb,C:\brileent earth\2D887_Corinne-Contour-Diamond-Ring-_1_3-ct_-tw_-14K-Gold-BE2D887\3d_model\BE2D887_RENDER.glb,327.5,TRUE,https://www.brilliantearth.com/Corinne-Contour-Diamond-Ring-(1/3-ct.-tw.)-14K-Gold-BE2D887/
2D213,Crescent Diamond Ring,crescent-diamond-ring,"Classic Collection,Modern Collection,Customer Favorites Collection",Classic Collection,"Yellow Gold, White Gold, Rose Gold, Platinum","14K, 18K, N/A",BE2D213_RENDER.glb,C:\brileent earth\2D213_Crescent-Diamond-Ring-14K-White-Gold-BE2D213\3d_model\BE2D213_RENDER.glb,187.2,TRUE,https://www.brilliantearth.com/Crescent-Diamond-Ring-14K-White-Gold-BE2D213/
2D3542P,Curved Ballad Diamond Ring (1/6 ct. tw.),curved-ballad-diamond-ring-1-6-ct-tw,Classic Collection,Classic Collection,"Yellow Gold, White Gold, Rose Gold, Platinum","14K, 18K, N/A",BE2D3542P_RENDER.glb,C:\brileent earth\2D3542P_Curved-Ballad-Diamond-Ring-_1_6-ct_-tw_-14K-White-Gold-BE2D3542P\3d_model\BE2D3542P_RENDER.glb,275.8,TRUE,https://www.brilliantearth.com/Curved-Ballad-Diamond-Ring-(1/6-ct.-tw.)-14K-White-Gold-BE2D3542P/
2D3542PLC,Curved Ballad Lab Diamond Ring (1/6 ct. tw.),curved-ballad-lab-diamond-ring-1-6-ct-tw,Classic Collection,Classic Collection,"Yellow Gold, White Gold, Rose Gold, Platinum","14K, 18K, N/A",BE2D3542PLC_RENDER.glb,C:\brileent earth\2D3542PLC_Curved-Ballad-Lab-Diamond-Ring-_1_6-ct_-tw_-14K-White-Gold-BE2D3542PLC\3d_model\BE2D3542PLC_RENDER.glb,275.8,TRUE,https://www.brilliantearth.com/Curved-Ballad-Lab-Diamond-Ring-(1/6-ct.-tw.)-14K-White-Gold-BE2D3542PLC/
2D3216,Curved Diamond Ring (1/6 ct. tw.),curved-diamond-ring-1-6-ct-tw,Classic Collection,Classic Collection,White Gold,18K,BE2D3216_RENDER.glb,C:\brileent earth\2D3216_Curved-Diamond-Ring-_1_6-ct_-tw_-White-Gold-BE2D3216\3d_model\BE2D3216_RENDER.glb,445.7,TRUE,https://www.brilliantearth.com/Curved-Diamond-Ring-(1/6-ct.-tw.)-White-Gold-BE2D3216/
2D7422,Curved Versailles Diamond Ring,curved-versailles-diamond-ring,"Classic Collection,Modern Collection",Classic Collection,"Yellow Gold, White Gold, Rose Gold, Platinum","14K, 18K, N/A",BE2D7422_RENDER.glb,C:\brileent earth\2D7422_Curved-Versailles-Diamond-Ring-14K-White-Gold-BE2D7422\3d_model\BE2D7422_RENDER.glb,446.3,TRUE,https://www.brilliantearth.com/Curved-Versailles-Diamond-Ring-14K-White-Gold-BE2D7422/
2D7422LC,Curved Versailles Lab Diamond Ring,curved-versailles-lab-diamond-ring,"Classic Collection,Modern Collection",Classic Collection,"Yellow Gold, White Gold, Rose Gold, Platinum","14K, 18K, N/A",BE2D7422LC_RENDER.glb,C:\brileent earth\2D7422LC_Curved-Versailles-Lab-Diamond-Ring-14K-White-Gold-BE2D7422LC\3d_model\BE2D7422LC_RENDER.glb,124.1,TRUE,https://www.brilliantearth.com/Curved-Versailles-Lab-Diamond-Ring-14K-White-Gold-BE2D7422LC/
2D1830,Danica Eternity Diamond Ring (1/4 ct. tw.),danica-eternity-diamond-ring-1-4-ct-tw,Modern Collection,Modern Collection,"Yellow Gold, White Gold",18K,BE2D1830_RENDER.glb,C:\brileent earth\2D1830_Danica-Eternity-Diamond-Ring-_1_4-ct_-tw_-Gold-BE2D1830\3d_model\BE2D1830_RENDER.glb,258.9,TRUE,https://www.brilliantearth.com/Danica-Eternity-Diamond-Ring-(1/4-ct.-tw.)-Gold-BE2D1830/
2D5689,Delicate Amelie Diamond Ring (1/5 ct. tw.),delicate-amelie-diamond-ring-1-5-ct-tw,Classic Collection,Classic Collection,Yellow Gold,18K,BE2D5689_RENDER.glb,C:\brileent earth\2D5689_Delicate-Amelie-Diamond-Ring-_1_5-ct_-tw_-Gold-BE2D5689\3d_model\BE2D5689_RENDER.glb,435.3,TRUE,https://www.brilliantearth.com/Delicate-Amelie-Diamond-Ring-(1/5-ct.-tw.)-Gold-BE2D5689/
2D3030,Delicate Gemma Baguette Diamond Ring (1/6 ct. tw.),delicate-gemma-baguette-diamond-ring-1-6-ct-tw,"Classic Collection,Modern Collection",Classic Collection,"Yellow Gold, White Gold, Rose Gold, Platinum","14K, 18K, N/A",BE2D3030_RENDER.glb,C:\brileent earth\2D3030_Delicate-Gemma-Baguette-Diamond-Ring-_1_6-ct_-tw_-14K-Gold-BE2D3030\3d_model\BE2D3030_RENDER.glb,221.3,TRUE,https://www.brilliantearth.com/Delicate-Gemma-Baguette-Diamond-Ring-(1/6-ct.-tw.)-14K-Gold-BE2D3030/
2D8009,Delicate Versailles Contour Diamond Ring (1/3 ct. tw.),delicate-versailles-contour-diamond-ring-1-3-ct-tw,"Classic Collection,Modern Collection",Classic Collection,"Yellow Gold, White Gold, Rose Gold, Platinum","14K, 18K, N/A",BE2D8009_RENDER.glb,C:\brileent earth\2D8009_Delicate-Versailles-Contour-Diamond-Ring-_1_3-ct_-tw_-14K-Gold-BE2D8009\3d_model\BE2D8009_RENDER.glb,210.9,TRUE,https://www.brilliantearth.com/Delicate-Versailles-Contour-Diamond-Ring-(1/3-ct.-tw.)-14K-Gold-BE2D8009/
2D8009LC,Delicate Versailles Contour Lab Diamond Ring (1/3 ct. tw.),delicate-versailles-contour-lab-diamond-ring-1-3-ct-tw,"Classic Collection,Modern Collection",Classic Collection,"Yellow Gold, White Gold, Rose Gold, Platinum","14K, 18K, N/A",BE2D8009LC_RENDER.glb,C:\brileent earth\2D8009LC_Delicate-Versailles-Contour-Lab-Diamond-Ring-_1_3-ct_-tw_-14K-Gold-BE2D8009LC\3d_model\BE2D8009LC_RENDER.glb,210.9,TRUE,https://www.brilliantearth.com/Delicate-Versailles-Contour-Lab-Diamond-Ring-(1/3-ct.-tw.)-14K-Gold-BE2D8009LC/
2D3515,Delicate Versailles Diamond Ring (1/4 ct. tw.),delicate-versailles-diamond-ring-1-4-ct-tw,"Classic Collection,Modern Collection",Classic Collection,"Yellow Gold, White Gold, Rose Gold, Platinum","14K, 18K, N/A",BE2D3515_RENDER.glb,C:\brileent earth\2D3515_Delicate-Versailles-Diamond-Ring-_1_4-ct_-tw_-14K-Gold-BE2D3515\3d_model\BE2D3515_RENDER.glb,199.2,TRUE,https://www.brilliantearth.com/Delicate-Versailles-Diamond-Ring-(1/4-ct.-tw.)-14K-Gold-BE2D3515/
2D9372,Delicate Versailles Eternity Diamond Ring (1/2 ct. tw.),delicate-versailles-eternity-diamond-ring-1-2-ct-tw,Classic Collection,Classic Collection,"Yellow Gold, White Gold, Rose Gold, Platinum","14K, 18K, N/A",BE2D9372_RENDER.glb,C:\brileent earth\2D9372_Delicate-Versailles-Eternity-Diamond-Ring-_1_2-ct_-tw_-14K-White-Gold-BE2D9372\3d_model\BE2D9372_RENDER.glb,326.9,TRUE,https://www.brilliantearth.com/Delicate-Versailles-Eternity-Diamond-Ring-(1/2-ct.-tw.)-14K-White-Gold-BE2D9372/
2D3515LC,Delicate Versailles Lab Diamond Ring (1/4 ct. tw.),delicate-versailles-lab-diamond-ring-1-4-ct-tw,"Classic Collection,Modern Collection",Classic Collection,"Yellow Gold, White Gold, Rose Gold, Platinum","14K, 18K, N/A",BE2D3515LC_RENDER.glb,C:\brileent earth\2D3515LC_Delicate-Versailles-Lab-Diamond-Ring-_1_4-ct_-tw_-14K-Gold-BE2D3515LC\3d_model\BE2D3515LC_RENDER.glb,367.3,TRUE,https://www.brilliantearth.com/Delicate-Versailles-Lab-Diamond-Ring-(1/4-ct.-tw.)-14K-Gold-BE2D3515LC/
2523,Dezi Herringbone 3mm Ring,dezi-herringbone-3mm-ring,"Modern Collection,Plain Metal Collection",Modern Collection,"Yellow Gold, White Gold, Rose Gold, Platinum","14K, 18K, N/A",BE2523_RENDER.glb,C:\brileent earth\2523_Dezi-Herringbone-3mm-Ring-14K-Gold-BE2523\3d_model\BE2523_RENDER.glb,141.1,TRUE,https://www.brilliantearth.com/Dezi-Herringbone-3mm-Ring-14K-Gold-BE2523/
2D5314,Diana Diamond Ring,diana-diamond-ring,Modern Collection,Modern Collection,"Yellow Gold, White Gold, Rose Gold, Platinum","14K, 18K, N/A",BE2D5314_RENDER.glb,C:\brileent earth\2D5314_Diana-Diamond-Ring-14K-Gold-BE2D5314\3d_model\BE2D5314_RENDER.glb,164.1,TRUE,https://www.brilliantearth.com/Diana-Diamond-Ring-14K-Gold-BE2D5314/
2D1646,East-West Bezel Emerald Cut Eternity Diamond Ring (1 1/2 ct. tw.),east-west-bezel-emerald-cut-eternity-diamond-ring-1-1-2-ct-tw,"Classic Collection,Luxe Collection",Classic Collection,"Yellow Gold, White Gold, Rose Gold, Platinum","14K, 18K, N/A",BE2D1646_RENDER.glb,C:\brileent earth\2D1646_East-West-Bezel-Emerald-Cut-Eternity-Diamond-Ring-_1-1_2-ct_-tw_-White-Gold-BE2D1646\3d_model\BE2D1646_RENDER.glb,624.2,TRUE,https://www.brilliantearth.com/East-West-Bezel-Emerald-Cut-Eternity-Diamond-Ring-(1-1/2-ct.-tw.)-White-Gold-BE2D1646/
2D1646LC,East-West Bezel Emerald Cut Eternity Lab Diamond Ring (1 1/2 ct. tw.),east-west-bezel-emerald-cut-eternity-lab-diamond-ring-1-1-2-ct-tw,"Classic Collection,Luxe Collection",Classic Collection,"Yellow Gold, White Gold, Rose Gold, Platinum","14K, 18K, N/A",BE2D1646LC_RENDER.glb,C:\brileent earth\2D1646LC_East-West-Bezel-Emerald-Cut-Eternity-Lab-Diamond-Ring-_1-1_2-ct_-tw_-14K-Gold-BE2D1646LC\3d_model\BE2D1646LC_RENDER.glb,482.7,TRUE,https://www.brilliantearth.com/East-West-Bezel-Emerald-Cut-Eternity-Lab-Diamond-Ring-(1-1/2-ct.-tw.)-14K-Gold-BE2D1646LC/
2D210BELC,East-West Bezel Oval Eternity Lab Diamond Ring,east-west-bezel-oval-eternity-lab-diamond-ring,Modern Collection,Modern Collection,"Yellow Gold, White Gold, Rose Gold, Platinum","14K, 18K, N/A",BE2D210BELC_RENDER.glb,C:\brileent earth\2D210BELC_East-West-Bezel-Oval-Eternity-Lab-Diamond-Ring-Rose-Gold-BE2D210BELC\3d_model\BE2D210BELC_RENDER.glb,188.1,TRUE,https://www.brilliantearth.com/East-West-Bezel-Oval-Eternity-Lab-Diamond-Ring-Rose-Gold-BE2D210BELC/
2D209BELC,East-West Bezel Pear Eternity Lab Diamond Ring,east-west-bezel-pear-eternity-lab-diamond-ring,Modern Collection,Modern Collection,"Yellow Gold, White Gold, Rose Gold, Platinum","14K, 18K, N/A",BE2D209BELC_RENDER.glb,C:\brileent earth\2D209BELC_East-West-Bezel-Pear-Eternity-Lab-Diamond-Ring-14K-Gold-BE2D209BELC\3d_model\BE2D209BELC_RENDER.glb,166.1,TRUE,https://www.brilliantearth.com/East-West-Bezel-Pear-Eternity-Lab-Diamond-Ring-14K-Gold-BE2D209BELC/
2D359,Elara 2mm Diamond Ring,elara-2mm-diamond-ring,"Modern Collection,Antique Collection",Modern Collection,"Yellow Gold, White Gold, Rose Gold, Platinum","14K, 18K, N/A",BE2D359_RENDER.glb,C:\brileent earth\2D359_Elara-2mm-Diamond-Ring-14K-Gold-BE2D359\3d_model\BE2D359_RENDER.glb,661.0,TRUE,https://www.brilliantearth.com/Elara-2mm-Diamond-Ring-14K-Gold-BE2D359/
2D1111,Elara 3mm Diamond Ring,elara-3mm-diamond-ring,"Modern Collection,Antique Collection",Modern Collection,"Yellow Gold, White Gold, Rose Gold, Platinum","14K, 18K, N/A",BE2D1111_RENDER.glb,C:\brileent earth\2D1111_Elara-3mm-Diamond-Ring-14K-Gold-BE2D1111\3d_model\BE2D1111_RENDER.glb,411.8,TRUE,https://www.brilliantearth.com/Elara-3mm-Diamond-Ring-14K-Gold-BE2D1111/
2D1397,Elise Emerald Cut and Round Eternity Diamond Ring,elise-emerald-cut-and-round-eternity-diamond-ring,"Modern Collection,Luxe Collection",Modern Collection,Yellow Gold,18K,BE2D1397_RENDER.glb,C:\brileent earth\2D1397_Elise-Emerald-Cut-and-Round-Eternity-Diamond-Ring-Gold-BE2D1397\3d_model\BE2D1397_RENDER.glb,438.2,TRUE,https://www.brilliantearth.com/Elise-Emerald-Cut-and-Round-Eternity-Diamond-Ring-Gold-BE2D1397/
2D896,Ellipse Oval Diamond Ring,ellipse-oval-diamond-ring,"Classic Collection,Luxe Collection,Modern Collection",Classic Collection,"Yellow Gold, White Gold, Rose Gold, Platinum","14K, 18K, N/A",BE2D896_RENDER.glb,C:\brileent earth\2D896_Ellipse-Oval-Diamond-Ring-14K-Gold-BE2D896\3d_model\BE2D896_RENDER.glb,126.2,TRUE,https://www.brilliantearth.com/Ellipse-Oval-Diamond-Ring-14K-Gold-BE2D896/
2D8395LC,Ellipse Oval Lab Diamond Ring (1 1/2 ct. tw.),ellipse-oval-lab-diamond-ring-1-1-2-ct-tw,Classic Collection,Classic Collection,"Yellow Gold, White Gold, Rose Gold, Platinum","14K, 18K, N/A",BE2D8395LC_RENDER.glb,C:\brileent earth\2D8395LC_Ellipse-Oval-Lab-Diamond-Ring-_1-1_2-ct_-tw_-14K-Gold-BE2D8395LC\3d_model\BE2D8395LC_RENDER.glb,165.9,TRUE,https://www.brilliantearth.com/Ellipse-Oval-Lab-Diamond-Ring-(1-1/2-ct.-tw.)-14K-Gold-BE2D8395LC/
2D2811ET,Ellora Eternity Diamond Ring (1 3/4 ct. tw.),ellora-eternity-diamond-ring-1-3-4-ct-tw,"Classic Collection,Luxe Collection",Classic Collection,"Yellow Gold, White Gold, Rose Gold, Platinum","14K, 18K, N/A",BE2D2811ET_RENDER.glb,C:\brileent earth\2D2811ET_Ellora-Eternity-Diamond-Ring-_1-3_4-ct_-tw_-14K-Gold-BE2D2811ET\3d_model\BE2D2811ET_RENDER.glb,432.4,TRUE,https://www.brilliantearth.com/Ellora-Eternity-Diamond-Ring-(1-3/4-ct.-tw.)-14K-Gold-BE2D2811ET/
2D2811ETLC,Ellora Eternity Lab Diamond Ring (1 3/4 ct. tw.),ellora-eternity-lab-diamond-ring-1-3-4-ct-tw,"Classic Collection,Luxe Collection",Classic Collection,"Yellow Gold, White Gold, Rose Gold, Platinum","14K, 18K, N/A",BE2D2811ETLC_RENDER.glb,C:\brileent earth\2D2811ETLC_Ellora-Eternity-Lab-Diamond-Ring-_1-3_4-ct_-tw_-14K-Gold-BE2D2811ETLC\3d_model\BE2D2811ETLC_RENDER.glb,432.4,TRUE,https://www.brilliantearth.com/Ellora-Eternity-Lab-Diamond-Ring-(1-3/4-ct.-tw.)-14K-Gold-BE2D2811ETLC/
2M2811,Ellora Half Coverage Diamond Ring (7/8 ct. tw.),ellora-half-coverage-diamond-ring-7-8-ct-tw,"Classic Collection,Luxe Collection,Customer Favorites Collection",Classic Collection,"Yellow Gold, White Gold, Rose Gold, Platinum","14K, 18K, N/A",BE2M2811_RENDER.glb,C:\brileent earth\2M2811_Ellora-Half-Coverage-Diamond-Ring-_7_8-ct_-tw_-14K-White-Gold-BE2M2811\3d_model\BE2M2811_RENDER.glb,669.2,TRUE,https://www.brilliantearth.com/Ellora-Half-Coverage-Diamond-Ring-(7/8-ct.-tw.)-14K-White-Gold-BE2M2811/
2M2811LC,Ellora Half Coverage Lab Diamond Ring (7/8 ct. tw.),ellora-half-coverage-lab-diamond-ring-7-8-ct-tw,"Classic Collection,Luxe Collection,Customer Favorites Collection",Classic Collection,"Yellow Gold, White Gold, Rose Gold, Platinum","14K, 18K, N/A",BE2M2811LC_RENDER.glb,C:\brileent earth\2M2811LC_Ellora-Half-Coverage-Lab-Diamond-Ring-_7_8-ct_-tw_-14K-White-Gold-BE2M2811LC\3d_model\BE2M2811LC_RENDER.glb,319.3,TRUE,https://www.brilliantearth.com/Ellora-Half-Coverage-Lab-Diamond-Ring-(7/8-ct.-tw.)-14K-White-Gold-BE2M2811LC/
2D8721P,Ellora Three-Quarter Coverage Diamond Ring (1 2/5 ct. tw.),ellora-three-quarter-coverage-diamond-ring-1-2-5-ct-tw,"Classic Collection,Luxe Collection",Classic Collection,"Yellow Gold, White Gold, Rose Gold, Platinum","14K, 18K, N/A",BE2D8721P_RENDER.glb,C:\brileent earth\2D8721P_Ellora-Three-Quarter-Coverage-Diamond-Ring-_1-2_5-ct_-tw_-14K-White-Gold-BE2D8721P\3d_model\BE2D8721P_RENDER.glb,448.3,TRUE,https://www.brilliantearth.com/Ellora-Three-Quarter-Coverage-Diamond-Ring-(1-2/5-ct.-tw.)-14K-White-Gold-BE2D8721P/
2D8721PLC,Ellora Three-Quarter Coverage Lab Diamond Ring (1 2/5 ct. tw.),ellora-three-quarter-coverage-lab-diamond-ring-1-2-5-ct-tw,"Classic Collection,Luxe Collection",Classic Collection,"Yellow Gold, White Gold, Rose Gold, Platinum","14K, 18K, N/A",BE2D8721PLC_RENDER.glb,C:\brileent earth\2D8721PLC_Ellora-Three-Quarter-Coverage-Lab-Diamond-Ring-_1-2_5-ct_-tw_-14K-White-Gold-BE2D8721PLC\3d_model\BE2D8721PLC_RENDER.glb,478.7,TRUE,https://www.brilliantearth.com/Ellora-Three-Quarter-Coverage-Lab-Diamond-Ring-(1-2/5-ct.-tw.)-14K-White-Gold-BE2D8721PLC/
2D1126LC,Elodie Eternity Lab Diamond Ring (1 ct. tw.),elodie-eternity-lab-diamond-ring-1-ct-tw,"Classic Collection,Luxe Collection",Classic Collection,"Yellow Gold, White Gold, Rose Gold, Platinum","14K, 18K, N/A",BE2D1126LC_RENDER.glb,C:\brileent earth\2D1126LC_Elodie-Eternity-Lab-Diamond-Ring-_1-ct_-tw_-14K-Gold-BE2D1126LC\3d_model\BE2D1126LC_RENDER.glb,310.6,TRUE,https://www.brilliantearth.com/Elodie-Eternity-Lab-Diamond-Ring-(1-ct.-tw.)-14K-Gold-BE2D1126LC/
2D1127LC,Elodie Eternity Lab Diamond Ring (2 ct. tw.),elodie-eternity-lab-diamond-ring-2-ct-tw,"Classic Collection,Luxe Collection",Classic Collection,"Yellow Gold, White Gold, Rose Gold, Platinum","14K, 18K, N/A",BE2D1127LC_RENDER.glb,C:\brileent earth\2D1127LC_Elodie-Eternity-Lab-Diamond-Ring-_2-ct_-tw_-14K-Gold-BE2D1127LC\3d_model\BE2D1127LC_RENDER.glb,731.2,TRUE,https://www.brilliantearth.com/Elodie-Eternity-Lab-Diamond-Ring-(2-ct.-tw.)-14K-Gold-BE2D1127LC/
2D1746,Elongated Chiara Diamond Ring (1/3 ct. tw.),elongated-chiara-diamond-ring-1-3-ct-tw,Antique Collection,Antique Collection,White Gold,18K,BE2D1746_RENDER.glb,C:\brileent earth\2D1746_Elongated-Chiara-Diamond-Ring-_1_3-ct_-tw_-White-Gold-BE2D1746\3d_model\BE2D1746_RENDER.glb,348.2,TRUE,https://www.brilliantearth.com/Elongated-Chiara-Diamond-Ring-(1/3-ct.-tw.)-White-Gold-BE2D1746/
2320,Elongated Flair Diamond Ring,elongated-flair-diamond-ring,"Classic Collection,Modern Collection",Classic Collection,"Yellow Gold, White Gold, Rose Gold, Platinum","14K, 18K, N/A",BE2320_RENDER.glb,C:\brileent earth\2320_Elongated-Flair-Diamond-Ring-14K-White-Gold-BE2320\3d_model\BE2320_RENDER.glb,268.5,TRUE,https://www.brilliantearth.com/Elongated-Flair-Diamond-Ring-14K-White-Gold-BE2320/
2D2320LC,Elongated Flair Lab Diamond Ring,elongated-flair-lab-diamond-ring,"Classic Collection,Modern Collection",Classic Collection,"Yellow Gold, White Gold, Rose Gold, Platinum","14K, 18K, N/A",BE2D2320LC_RENDER.glb,C:\brileent earth\2D2320LC_Elongated-Flair-Lab-Diamond-Ring-14K-Gold-BE2D2320LC\3d_model\BE2D2320LC_RENDER.glb,268.5,TRUE,https://www.brilliantearth.com/Elongated-Flair-Lab-Diamond-Ring-14K-Gold-BE2D2320LC/
2D333,Elongated Lunette Diamond Ring (1/8 ct. tw.),elongated-lunette-diamond-ring-1-8-ct-tw,"Classic Collection,Antique Collection",Classic Collection,"Yellow Gold, White Gold, Rose Gold, Platinum","14K, 18K, N/A",BE2D333_RENDER.glb,C:\brileent earth\2D333_Elongated-Lunette-Diamond-Ring-_1_8-ct_-tw_-14K-Gold-BE2D333\3d_model\BE2D333_RENDER.glb,222.7,TRUE,https://www.brilliantearth.com/Elongated-Lunette-Diamond-Ring-(1/8-ct.-tw.)-14K-Gold-BE2D333/
2D6381LC,Elowen Lab Diamond Ring (1 ct. tw.),elowen-lab-diamond-ring-1-ct-tw,"Modern Collection,Nature Collection",Modern Collection,"Yellow Gold, White Gold, Rose Gold, Platinum","14K, 18K, N/A",BE2D6381LC_RENDER.glb,C:\brileent earth\2D6381LC_Elowen-Lab-Diamond-Ring-_1-ct_-tw_-14K-Gold-BE2D6381LC\3d_model\BE2D6381LC_RENDER.glb,478.4,TRUE,https://www.brilliantearth.com/Elowen-Lab-Diamond-Ring-(1-ct.-tw.)-14K-Gold-BE2D6381LC/
21336,Elsie Hand Engraved Ring,elsie-hand-engraved-ring,"Antique Collection,Plain Metal Collection",Antique Collection,"Yellow Gold, White Gold, Rose Gold, Platinum","14K, 18K, N/A",BE21336_RENDER.glb,C:\brileent earth\21336_Elsie-Hand-Engraved-Ring-14K-White-Gold-BE21336\3d_model\BE21336_RENDER.glb,543.7,TRUE,https://www.brilliantearth.com/Elsie-Hand-Engraved-Ring-14K-White-Gold-BE21336/
2D3634,Emerald Diamond Toi Et Moi Nesting Ring (1 ct. tw.),emerald-diamond-toi-et-moi-nesting-ring-1-ct-tw,"Modern Collection,Toi et Moi",Modern Collection,"Yellow Gold, White Gold, Rose Gold, Platinum","14K, 18K, N/A",BE2D3634_RENDER.glb,C:\brileent earth\2D3634_Emerald-Diamond-Toi-Et-Moi-Nesting-Ring-_1-ct_-tw_-Gold-BE2D3634\3d_model\BE2D3634_RENDER.glb,109.0,TRUE,https://www.brilliantearth.com/Emerald-Diamond-Toi-Et-Moi-Nesting-Ring-(1-ct.-tw.)-Gold-BE2D3634/
2DEM200E,Emerald Eternity Diamond Ring (2 ct. tw.),emerald-eternity-diamond-ring-2-ct-tw,"Classic Collection,Luxe Collection",Classic Collection,"Yellow Gold, White Gold, Rose Gold, Platinum","14K, 18K, N/A",BE2DEM200E_RENDER.glb,C:\brileent earth\2DEM200E_Emerald-Eternity-Diamond-Ring-_2-ct_-tw_-14K-Gold-BE2DEM200E\3d_model\BE2DEM200E_RENDER.glb,343.6,TRUE,https://www.brilliantearth.com/Emerald-Eternity-Diamond-Ring-(2-ct.-tw.)-14K-Gold-BE2DEM200E/
2DEM300E,Emerald Eternity Diamond Ring (3 ct. tw.),emerald-eternity-diamond-ring-3-ct-tw,"Classic Collection,Luxe Collection",Classic Collection,"Yellow Gold, White Gold, Rose Gold, Platinum","14K, 18K, N/A",BE2DEM300E_RENDER.glb,C:\brileent earth\2DEM300E_Emerald-Eternity-Diamond-Ring-_3-ct_-tw_-14K-Gold-BE2DEM300E\3d_model\BE2DEM300E_RENDER.glb,328.6,TRUE,https://www.brilliantearth.com/Emerald-Eternity-Diamond-Ring-(3-ct.-tw.)-14K-Gold-BE2DEM300E/
2DEM400E,Emerald Eternity Diamond Ring (4 ct. tw.),emerald-eternity-diamond-ring-4-ct-tw,"Classic Collection,Luxe Collection",Classic Collection,"Yellow Gold, White Gold, Rose Gold, Platinum","14K, 18K, N/A",BE2DEM400E_RENDER.glb,C:\brileent earth\2DEM400E_Emerald-Eternity-Diamond-Ring-_4-ct_-tw_-14K-White-Gold-BE2DEM400E\3d_model\BE2DEM400E_RENDER.glb,282.7,TRUE,https://www.brilliantearth.com/Emerald-Eternity-Diamond-Ring-(4-ct.-tw.)-14K-White-Gold-BE2DEM400E/
2DEM500E,Emerald Eternity Diamond Ring (5 ct. tw.),emerald-eternity-diamond-ring-5-ct-tw,"Classic Collection,Luxe Collection",Classic Collection,"Yellow Gold, White Gold, Rose Gold, Platinum","14K, 18K, N/A",BE2DEM500E_RENDER.glb,C:\brileent earth\2DEM500E_Emerald-Eternity-Diamond-Ring-_5-ct_-tw_-14K-White-Gold-BE2DEM500E\3d_model\BE2DEM500E_RENDER.glb,222.5,TRUE,https://www.brilliantearth.com/Emerald-Eternity-Diamond-Ring-(5-ct.-tw.)-14K-White-Gold-BE2DEM500E/
2DEM600E,Emerald Eternity Diamond Ring (6 ct. tw.),emerald-eternity-diamond-ring-6-ct-tw,"Classic Collection,Luxe Collection",Classic Collection,"Yellow Gold, White Gold, Rose Gold, Platinum","14K, 18K, N/A",BE2DEM600E_RENDER.glb,C:\brileent earth\2DEM600E_Emerald-Eternity-Diamond-Ring-_6-ct_-tw_-14K-White-Gold-BE2DEM600E\3d_model\BE2DEM600E_RENDER.glb,300.0,TRUE,https://www.brilliantearth.com/Emerald-Eternity-Diamond-Ring-(6-ct.-tw.)-14K-White-Gold-BE2DEM600E/
2DEM800E,Emerald Eternity Diamond Ring (8 ct. tw.),emerald-eternity-diamond-ring-8-ct-tw,Classic Collection,Classic Collection,"Yellow Gold, White Gold, Rose Gold, Platinum","14K, 18K, N/A",BE2DEM800E_RENDER.glb,C:\brileent earth\2DEM800E_Emerald-Eternity-Diamond-Ring-_8-ct_-tw_-14K-White-Gold-BE2DEM800E\3d_model\BE2DEM800E_RENDER.glb,245.4,TRUE,https://www.brilliantearth.com/Emerald-Eternity-Diamond-Ring-(8-ct.-tw.)-14K-White-Gold-BE2DEM800E/
2DEM200ELC,Emerald Eternity Lab Diamond Ring (2 ct. tw.),emerald-eternity-lab-diamond-ring-2-ct-tw,"Classic Collection,Luxe Collection",Classic Collection,"Yellow Gold, White Gold, Rose Gold, Platinum","14K, 18K, N/A",BE2DEM200ELC_RENDER.glb,C:\brileent earth\2DEM200ELC_Emerald-Eternity-Lab-Diamond-Ring-_2-ct_-tw_-14K-Gold-BE2DEM200ELC\3d_model\BE2DEM200ELC_RENDER.glb,477.5,TRUE,https://www.brilliantearth.com/Emerald-Eternity-Lab-Diamond-Ring-(2-ct.-tw.)-14K-Gold-BE2DEM200ELC/
2DEM300ELC,Emerald Eternity Lab Diamond Ring (3 ct. tw.),emerald-eternity-lab-diamond-ring-3-ct-tw,"Classic Collection,Luxe Collection",Classic Collection,"Yellow Gold, White Gold, Rose Gold, Platinum","14K, 18K, N/A",BE2DEM300ELC_RENDER.glb,C:\brileent earth\2DEM300ELC_Emerald-Eternity-Lab-Diamond-Ring-_3-ct_-tw_-14K-Gold-BE2DEM300ELC\3d_model\BE2DEM300ELC_RENDER.glb,286.2,TRUE,https://www.brilliantearth.com/Emerald-Eternity-Lab-Diamond-Ring-(3-ct.-tw.)-14K-Gold-BE2DEM300ELC/
2DEM400ELC,Emerald Eternity Lab Diamond Ring (4 ct. tw.),emerald-eternity-lab-diamond-ring-4-ct-tw,"Classic Collection,Luxe Collection",Classic Collection,"Yellow Gold, White Gold, Rose Gold, Platinum","14K, 18K, N/A",BE2DEM400ELC_RENDER.glb,C:\brileent earth\2DEM400ELC_Emerald-Eternity-Lab-Diamond-Ring-_4-ct_-tw_-14K-White-Gold-BE2DEM400ELC\3d_model\BE2DEM400ELC_RENDER.glb,282.5,TRUE,https://www.brilliantearth.com/Emerald-Eternity-Lab-Diamond-Ring-(4-ct.-tw.)-14K-White-Gold-BE2DEM400ELC/
2DEM500ELC,Emerald Eternity Lab Diamond Ring (5 ct. tw.),emerald-eternity-lab-diamond-ring-5-ct-tw,"Classic Collection,Luxe Collection",Classic Collection,"Yellow Gold, White Gold, Rose Gold, Platinum","14K, 18K, N/A",BE2DEM500ELC_RENDER.glb,C:\brileent earth\2DEM500ELC_Emerald-Eternity-Lab-Diamond-Ring-_5-ct_-tw_-14K-White-Gold-BE2DEM500ELC\3d_model\BE2DEM500ELC_RENDER.glb,272.7,TRUE,https://www.brilliantearth.com/Emerald-Eternity-Lab-Diamond-Ring-(5-ct.-tw.)-14K-White-Gold-BE2DEM500ELC/
2DEM600ELC,Emerald Eternity Lab Diamond Ring (6 ct. tw.),emerald-eternity-lab-diamond-ring-6-ct-tw,"Classic Collection,Luxe Collection",Classic Collection,"Yellow Gold, White Gold, Rose Gold, Platinum","14K, 18K, N/A",BE2DEM600ELC_RENDER.glb,C:\brileent earth\2DEM600ELC_Emerald-Eternity-Lab-Diamond-Ring-_6-ct_-tw_-14K-White-Gold-BE2DEM600ELC\3d_model\BE2DEM600ELC_RENDER.glb,270.2,TRUE,https://www.brilliantearth.com/Emerald-Eternity-Lab-Diamond-Ring-(6-ct.-tw.)-14K-White-Gold-BE2DEM600ELC/
2DEM800ELC,Emerald Eternity Lab Diamond Ring (8 ct. tw.),emerald-eternity-lab-diamond-ring-8-ct-tw,Classic Collection,Classic Collection,"Yellow Gold, White Gold, Rose Gold, Platinum","14K, 18K, N/A",BE2DEM800ELC_RENDER.glb,C:\brileent earth\2DEM800ELC_Emerald-Eternity-Lab-Diamond-Ring-_8-ct_-tw_-14K-White-Gold-BE2DEM800ELC\3d_model\BE2DEM800ELC_RENDER.glb,245.4,TRUE,https://www.brilliantearth.com/Emerald-Eternity-Lab-Diamond-Ring-(8-ct.-tw.)-14K-White-Gold-BE2DEM800ELC/
2D3634LC,Emerald Lab Diamond Toi Et Moi Nesting Ring (1 ct. tw.),emerald-lab-diamond-toi-et-moi-nesting-ring-1-ct-tw,"Modern Collection,Toi et Moi",Modern Collection,"Yellow Gold, White Gold, Rose Gold, Platinum","14K, 18K, N/A",BE2D3634LC_RENDER.glb,C:\brileent earth\2D3634LC_Emerald-Lab-Diamond-Toi-Et-Moi-Nesting-Ring-_1-ct_-tw_-Gold-BE2D3634LC\3d_model\BE2D3634LC_RENDER.glb,109.0,TRUE,https://www.brilliantearth.com/Emerald-Lab-Diamond-Toi-Et-Moi-Nesting-Ring-(1-ct.-tw.)-Gold-BE2D3634LC/
2D186LC,Emerald Three-Quarter Coverage Lab Diamond Ring (1 1/2 ct. tw.),emerald-three-quarter-coverage-lab-diamond-ring-1-1-2-ct-tw,Classic Collection,Classic Collection,"Yellow Gold, White Gold, Rose Gold, Platinum","14K, 18K, N/A",BE2D186LC_RENDER.glb,C:\brileent earth\2D186LC_Emerald-Three-Quarter-Coverage-Lab-Diamond-Ring-_1-1_2-ct_-tw_-14K-White-Gold-BE2D186LC\3d_model\BE2D186LC_RENDER.glb,134.8,TRUE,https://www.brilliantearth.com/Emerald-Three-Quarter-Coverage-Lab-Diamond-Ring-(1-1/2-ct.-tw.)-14K-White-Gold-BE2D186LC/
2D5603,Emilie Seven Stone Contour Diamond Ring (1/2 ct. tw.),emilie-seven-stone-contour-diamond-ring-1-2-ct-tw,"Classic Collection,Luxe Collection,Modern Collection",Classic Collection,"Yellow Gold, White Gold, Rose Gold, Platinum","14K, 18K, N/A",BE2D5603_RENDER.glb,C:\brileent earth\2D5603_Emilie-Seven-Stone-Contour-Diamond-Ring-_1_2-ct_-tw_-14K-White-Gold-BE2D5603\3d_model\BE2D5603_RENDER.glb,270.0,TRUE,https://www.brilliantearth.com/Emilie-Seven-Stone-Contour-Diamond-Ring-(1/2-ct.-tw.)-14K-White-Gold-BE2D5603/
2D1816,Entwined Contour Diamond Ring (1/5 ct. tw.),entwined-contour-diamond-ring-1-5-ct-tw,Classic Collection,Classic Collection,"Yellow Gold, White Gold",18K,BE2D1816_RENDER.glb,C:\brileent earth\2D1816_Entwined-Contour-Diamond-Ring-_1_5-ct_-tw_-Gold-BE2D1816\3d_model\BE2D1816_RENDER.glb,415.2,TRUE,https://www.brilliantearth.com/Entwined-Contour-Diamond-Ring-(1/5-ct.-tw.)-Gold-BE2D1816/
21842,Entwined Contour Ring,entwined-contour-ring,Modern Collection,Modern Collection,"Yellow Gold, White Gold",18K,BE21842_RENDER.glb,C:\brileent earth\21842_Entwined-Contour-Ring-White-Gold-BE21842\3d_model\BE21842_RENDER.glb,249.6,TRUE,https://www.brilliantearth.com/Entwined-Contour-Ring-White-Gold-BE21842/
2D1661,Espira Eternity Diamond Ring (1/3 ct. tw.),espira-eternity-diamond-ring-1-3-ct-tw,Modern Collection,Modern Collection,White Gold,18K,BE2D1661_RENDER.glb,C:\brileent earth\2D1661_Espira-Eternity-Diamond-Ring-_1_3-ct_-tw_-White-Gold-BE2D1661\3d_model\BE2D1661_RENDER.glb,411.2,TRUE,https://www.brilliantearth.com/Espira-Eternity-Diamond-Ring-(1/3-ct.-tw.)-White-Gold-BE2D1661/
2D849LC,Esther Lab Diamond Ring (1 ct. tw.),esther-lab-diamond-ring-1-ct-tw,"Classic Collection,Luxe Collection,Modern Collection",Classic Collection,"Yellow Gold, White Gold, Rose Gold, Platinum","14K, 18K, N/A",BE2D849LC_RENDER.glb,C:\brileent earth\2D849LC_Esther-Lab-Diamond-Ring-_1-ct_-tw_-14K-Gold-BE2D849LC\3d_model\BE2D849LC_RENDER.glb,343.2,TRUE,https://www.brilliantearth.com/Esther-Lab-Diamond-Ring-(1-ct.-tw.)-14K-Gold-BE2D849LC/
2D1463LC,Esther Lab Diamond Ring (2 1/8 ct. tw.),esther-lab-diamond-ring-2-1-8-ct-tw,Classic Collection,Classic Collection,"Yellow Gold, White Gold, Rose Gold, Platinum","14K, 18K, N/A",BE2D1463LC_RENDER.glb,C:\brileent earth\2D1463LC_Esther-Lab-Diamond-Ring-_2-1_8-ct_-tw_-14K-Gold-BE2D1463LC\3d_model\BE2D1463LC_RENDER.glb,411.5,TRUE,https://www.brilliantearth.com/Esther-Lab-Diamond-Ring-(2-1/8-ct.-tw.)-14K-Gold-BE2D1463LC/
2SD24R144,Eternity Diamond Ring (1 1/3 ct. tw.),eternity-diamond-ring-1-1-3-ct-tw,"Classic Collection,Luxe Collection,Customer Favorites Collection",Classic Collection,"Yellow Gold, White Gold, Rose Gold, Platinum","14K, 18K, N/A",BE2SD24R144_RENDER.glb,C:\brileent earth\2SD24R144_Eternity-Diamond-Ring-_1-1_3-ct_-tw_-14K-White-Gold-BE2SD24R144\3d_model\BE2SD24R144_RENDER.glb,284.2,TRUE,https://www.brilliantearth.com/Eternity-Diamond-Ring-(1-1/3-ct.-tw.)-14K-White-Gold-BE2SD24R144/
2U10D3,Eternity Diamond Ring (2 ct. tw.),eternity-diamond-ring-2-ct-tw,"Classic Collection,Luxe Collection",Classic Collection,"Yellow Gold, White Gold, Rose Gold, Platinum","14K, 18K, N/A",BE2U10D3_RENDER.glb,C:\brileent earth\2U10D3_Eternity-Diamond-Ring-_2-ct_-tw_-14K-White-Gold-BE2U10D3\3d_model\BE2U10D3_RENDER.glb,329.7,TRUE,https://www.brilliantearth.com/Eternity-Diamond-Ring-(2-ct.-tw.)-14K-White-Gold-BE2U10D3/
2SD20R3,Eternity Diamond Ring (3 ct. tw.),eternity-diamond-ring-3-ct-tw,"Classic Collection,Luxe Collection",Classic Collection,"Yellow Gold, White Gold, Rose Gold, Platinum","14K, 18K, N/A",BE2SD20R3_RENDER.glb,C:\brileent earth\2SD20R3_Eternity-Diamond-Ring-_3-ct_-tw_-14K-Gold-BE2SD20R3\3d_model\BE2SD20R3_RENDER.glb,274.3,TRUE,https://www.brilliantearth.com/Eternity-Diamond-Ring-(3-ct.-tw.)-14K-Gold-BE2SD20R3/
2SD14R4,Eternity Diamond Ring (4 ct. tw.),eternity-diamond-ring-4-ct-tw,"Classic Collection,Luxe Collection",Classic Collection,"Yellow Gold, White Gold, Rose Gold, Platinum","14K, 18K, N/A",BE2SD14R4_RENDER.glb,C:\brileent earth\2SD14R4_Eternity-Diamond-Ring-_4-ct_-tw_-14K-Gold-BE2SD14R4\3d_model\BE2SD14R4_RENDER.glb,344.2,TRUE,https://www.brilliantearth.com/Eternity-Diamond-Ring-(4-ct.-tw.)-14K-Gold-BE2SD14R4/
2U30D43,Eternity Diamond Ring (5 ct. tw.),eternity-diamond-ring-5-ct-tw,"Classic Collection,Luxe Collection",Classic Collection,"Yellow Gold, White Gold, Rose Gold, Platinum","14K, 18K, N/A",BE2U30D43_RENDER.glb,C:\brileent earth\2U30D43_Eternity-Diamond-Ring-_5-ct_-tw_-14K-White-Gold-BE2U30D43\3d_model\BE2U30D43_RENDER.glb,248.0,TRUE,https://www.brilliantearth.com/Eternity-Diamond-Ring-(5-ct.-tw.)-14K-White-Gold-BE2U30D43/
2SD24R144LC,Eternity Lab Diamond Ring (1 1/3 ct. tw.),eternity-lab-diamond-ring-1-1-3-ct-tw,"Classic Collection,Luxe Collection,Customer Favorites Collection",Classic Collection,"Yellow Gold, White Gold, Rose Gold, Platinum","14K, 18K, N/A",BE2SD24R144LC_RENDER.glb,C:\brileent earth\2SD24R144LC_Eternity-Lab-Diamond-Ring-_1-1_3-ct_-tw_-14K-White-Gold-BE2SD24R144LC\3d_model\BE2SD24R144LC_RENDER.glb,305.7,TRUE,https://www.brilliantearth.com/Eternity-Lab-Diamond-Ring-(1-1/3-ct.-tw.)-14K-White-Gold-BE2SD24R144LC/
2U10D3LC,Eternity Lab Diamond Ring (2 ct. tw.),eternity-lab-diamond-ring-2-ct-tw,"Classic Collection,Luxe Collection",Classic Collection,"Yellow Gold, White Gold, Rose Gold, Platinum","14K, 18K, N/A",BE2U10D3LC_RENDER.glb,C:\brileent earth\2U10D3LC_Eternity-Lab-Diamond-Ring-_2-ct_-tw_-14K-White-Gold-BE2U10D3LC\3d_model\BE2U10D3LC_RENDER.glb,329.7,TRUE,https://www.brilliantearth.com/Eternity-Lab-Diamond-Ring-(2-ct.-tw.)-14K-White-Gold-BE2U10D3LC/
2SD20R3LC,Eternity Lab Diamond Ring (3 ct. tw.),eternity-lab-diamond-ring-3-ct-tw,"Classic Collection,Luxe Collection",Classic Collection,"Yellow Gold, White Gold, Rose Gold, Platinum","14K, 18K, N/A",BE2SD20R3LC_RENDER.glb,C:\brileent earth\2SD20R3LC_Eternity-Lab-Diamond-Ring-_3-ct_-tw_-14K-Gold-BE2SD20R3LC\3d_model\BE2SD20R3LC_RENDER.glb,274.3,TRUE,https://www.brilliantearth.com/Eternity-Lab-Diamond-Ring-(3-ct.-tw.)-14K-Gold-BE2SD20R3LC/
2SD14R4LC,Eternity Lab Diamond Ring (4 ct. tw.),eternity-lab-diamond-ring-4-ct-tw,"Classic Collection,Luxe Collection",Classic Collection,"Yellow Gold, White Gold, Rose Gold, Platinum","14K, 18K, N/A",BE2SD14R4LC_RENDER.glb,C:\brileent earth\2SD14R4LC_Eternity-Lab-Diamond-Ring-_4-ct_-tw_-14K-Gold-BE2SD14R4LC\3d_model\BE2SD14R4LC_RENDER.glb,344.2,TRUE,https://www.brilliantearth.com/Eternity-Lab-Diamond-Ring-(4-ct.-tw.)-14K-Gold-BE2SD14R4LC/
2U30D43LC,Eternity Lab Diamond Ring (5 ct. tw.),eternity-lab-diamond-ring-5-ct-tw,"Classic Collection,Luxe Collection",Classic Collection,"Yellow Gold, White Gold, Rose Gold, Platinum","14K, 18K, N/A",BE2U30D43LC_RENDER.glb,C:\brileent earth\2U30D43LC_Eternity-Lab-Diamond-Ring-_5-ct_-tw_-14K-White-Gold-BE2U30D43LC\3d_model\BE2U30D43LC_RENDER.glb,248.0,TRUE,https://www.brilliantearth.com/Eternity-Lab-Diamond-Ring-(5-ct.-tw.)-14K-White-Gold-BE2U30D43LC/
2D309LC,Eternity Lab Diamond Ring (6 ct. tw.),eternity-lab-diamond-ring-6-ct-tw,Luxe Collection,Luxe Collection,"Yellow Gold, White Gold, Rose Gold, Platinum","14K, 18K, N/A",BE2D309LC_RENDER.glb,C:\brileent earth\2D309LC_Eternity-Lab-Diamond-Ring-_6-ct_-tw_-14K-Gold-BE2D309LC\3d_model\BE2D309LC_RENDER.glb,254.4,TRUE,https://www.brilliantearth.com/Eternity-Lab-Diamond-Ring-(6-ct.-tw.)-14K-Gold-BE2D309LC/
2D459,Evening Star Eternity 3mm Diamond Ring (1/10 ct. tw.),evening-star-eternity-3mm-diamond-ring-1-10-ct-tw,"Modern Collection,Nature Collection,Antique Collection",Modern Collection,"Yellow Gold, White Gold, Rose Gold, Platinum","14K, 18K, N/A",BE2D459_RENDER.glb,C:\brileent earth\2D459_Evening-Star-Eternity-3mm-Diamond-Ring-_1_10-ct_-tw_-14K-Gold-BE2D459\3d_model\BE2D459_RENDER.glb,163.7,TRUE,https://www.brilliantearth.com/Evening-Star-Eternity-3mm-Diamond-Ring-(1/10-ct.-tw.)-14K-Gold-BE2D459/
2D459LC,Evening Star Eternity 3mm Lab Diamond Ring (1/10 ct. tw.),evening-star-eternity-3mm-lab-diamond-ring-1-10-ct-tw,"Modern Collection,Nature Collection,Antique Collection",Modern Collection,"Yellow Gold, White Gold, Rose Gold, Platinum","14K, 18K, N/A",BE2D459LC_RENDER.glb,C:\brileent earth\2D459LC_Evening-Star-Eternity-3mm-Lab-Diamond-Ring-_1_10-ct_-tw_-14K-Gold-BE2D459LC\3d_model\BE2D459LC_RENDER.glb,163.7,TRUE,https://www.brilliantearth.com/Evening-Star-Eternity-3mm-Lab-Diamond-Ring-(1/10-ct.-tw.)-14K-Gold-BE2D459LC/
2D6284,Evening Star Eternity Diamond Ring,evening-star-eternity-diamond-ring,"Modern Collection,Nature Collection,Antique Collection",Modern Collection,"Yellow Gold, White Gold, Rose Gold, Platinum","14K, 18K, N/A",BE2D6284_RENDER.glb,C:\brileent earth\2D6284_Evening-Star-Eternity-Diamond-Ring-14K-Gold-BE2D6284\3d_model\BE2D6284_RENDER.glb,421.3,TRUE,https://www.brilliantearth.com/Evening-Star-Eternity-Diamond-Ring-14K-Gold-BE2D6284/
2FM99,Fairmined 1.5mm Comfort Fit Wedding Ring,fairmined-1-5mm-comfort-fit-wedding-ring,Classic Collection,Classic Collection,"Yellow Gold, White Gold",18K,BE2FM99_RENDER.glb,C:\brileent earth\2FM99_Fairmined-1_5mm-Comfort-Fit-Wedding-Ring-Gold-BE2FM99\3d_model\BE2FM99_RENDER.glb,218.9,TRUE,https://www.brilliantearth.com/Fairmined-1.5mm-Comfort-Fit-Wedding-Ring-Gold-BE2FM99/
2FM201,Fairmined Comfort Fit 2mm Wedding Ring,fairmined-comfort-fit-2mm-wedding-ring,Classic Collection,Classic Collection,"Yellow Gold, White Gold",18K,BE2FM201_RENDER.glb,C:\brileent earth\2FM201_Fairmined-Comfort-Fit-2mm-Wedding-Ring-Gold-BE2FM201\3d_model\BE2FM201_RENDER.glb,193.6,TRUE,https://www.brilliantearth.com/Fairmined-Comfort-Fit-2mm-Wedding-Ring-Gold-BE2FM201/
2FM07,Fairmined Comfort Fit 3mm Wedding Ring,fairmined-comfort-fit-3mm-wedding-ring,Classic Collection,Classic Collection,"Yellow Gold, White Gold",18K,BE2FM07_RENDER.glb,C:\brileent earth\2FM07_Fairmined-Comfort-Fit-3mm-Wedding-Ring-Gold-BE2FM07\3d_model\BE2FM07_RENDER.glb,122.6,TRUE,https://www.brilliantearth.com/Fairmined-Comfort-Fit-3mm-Wedding-Ring-Gold-BE2FM07/
2D864LC,Five Stone Contour Lab Diamond Ring (1 ct. tw.),five-stone-contour-lab-diamond-ring-1-ct-tw,Luxe Collection,Luxe Collection,"Yellow Gold, White Gold, Rose Gold, Platinum","14K, 18K, N/A",BE2D864LC_RENDER.glb,C:\brileent earth\2D864LC_Five-Stone-Contour-Lab-Diamond-Ring-_1-ct_-tw_-14K-White-Gold-BE2D864LC\3d_model\BE2D864LC_RENDER.glb,152.0,TRUE,https://www.brilliantearth.com/Five-Stone-Contour-Lab-Diamond-Ring-(1-ct.-tw.)-14K-White-Gold-BE2D864LC/
2D1938,Flair Diamond Ring (1/3 ct. tw.),flair-diamond-ring-1-3-ct-tw,"Classic Collection,Modern Collection,Customer Favorites Collection",Classic Collection,"Yellow Gold, White Gold, Rose Gold, Platinum","14K, 18K, N/A",BE2D1938_RENDER.glb,C:\brileent earth\2D1938_Flair-Diamond-Ring-_1_3-ct_-tw_-14K-White-Gold-BE2D1938\3d_model\BE2D1938_RENDER.glb,1488.1,TRUE,https://www.brilliantearth.com/Flair-Diamond-Ring-(1/3-ct.-tw.)-14K-White-Gold-BE2D1938/
2D1812,Flair Diamond Ring (1/6 ct. tw.),flair-diamond-ring-1-6-ct-tw,"Classic Collection,Modern Collection,Customer Favorites Collection",Classic Collection,"Yellow Gold, White Gold, Rose Gold, Platinum","14K, 18K, N/A",BE2D1812_RENDER.glb,C:\brileent earth\2D1812_Flair-Diamond-Ring-_1_6-ct_-tw_-14K-White-Gold-BE2D1812\3d_model\BE2D1812_RENDER.glb,498.3,TRUE,https://www.brilliantearth.com/Flair-Diamond-Ring-(1/6-ct.-tw.)-14K-White-Gold-BE2D1812/
2D1940,Flair Diamond Ring (2/5 ct. tw.),flair-diamond-ring-2-5-ct-tw,"Classic Collection,Luxe Collection",Classic Collection,"Yellow Gold, White Gold, Rose Gold, Platinum","14K, 18K, N/A",BE2D1940_RENDER.glb,C:\brileent earth\2D1940_Flair-Diamond-Ring-_2_5-ct_-tw_-14K-White-Gold-BE2D1940\3d_model\BE2D1940_RENDER.glb,280.4,TRUE,https://www.brilliantearth.com/Flair-Diamond-Ring-(2/5-ct.-tw.)-14K-White-Gold-BE2D1940/
2D527,Flair Diamond Ring Jacket (1/3 ct. tw.),flair-diamond-ring-jacket-1-3-ct-tw,Modern Collection,Modern Collection,"Yellow Gold, White Gold, Rose Gold, Platinum","14K, 18K, N/A",BE2D527_RENDER.glb,C:\brileent earth\2D527_Flair-Diamond-Ring-Jacket-_1_3-ct_-tw_-14K-White-Gold-BE2D527\3d_model\BE2D527_RENDER.glb,386.7,TRUE,https://www.brilliantearth.com/Flair-Diamond-Ring-Jacket-(1/3-ct.-tw.)-14K-White-Gold-BE2D527/
2D1938LC,Flair Lab Diamond Ring (1/3 ct. tw.),flair-lab-diamond-ring-1-3-ct-tw,"Classic Collection,Modern Collection,Customer Favorites Collection",Classic Collection,"Yellow Gold, White Gold, Rose Gold, Platinum","14K, 18K, N/A",BE2D1938LC_RENDER.glb,C:\brileent earth\2D1938LC_Flair-Lab-Diamond-Ring-_1_3-ct_-tw_-14K-White-Gold-BE2D1938LC\3d_model\BE2D1938LC_RENDER.glb,1488.1,TRUE,https://www.brilliantearth.com/Flair-Lab-Diamond-Ring-(1/3-ct.-tw.)-14K-White-Gold-BE2D1938LC/
2D1940LC,Flair Lab Diamond Ring (2/5 ct. tw.),flair-lab-diamond-ring-2-5-ct-tw,"Classic Collection,Luxe Collection",Classic Collection,"Yellow Gold, White Gold, Rose Gold, Platinum","14K, 18K, N/A",BE2D1940LC_RENDER.glb,C:\brileent earth\2D1940LC_Flair-Lab-Diamond-Ring-_2_5-ct_-tw_-14K-White-Gold-BE2D1940LC\3d_model\BE2D1940LC_RENDER.glb,280.4,TRUE,https://www.brilliantearth.com/Flair-Lab-Diamond-Ring-(2/5-ct.-tw.)-14K-White-Gold-BE2D1940LC/
2D0282,Floriana Contoured Diamond Ring,floriana-contoured-diamond-ring,"Nature Collection,Luxe Collection",Nature Collection,"Yellow Gold, Platinum","18K, N/A",BE2D0282_RENDER.glb,C:\brileent earth\2D0282_Floriana-Contoured-Diamond-Ring-Gold-BE2D0282\3d_model\BE2D0282_RENDER.glb,201.5,TRUE,https://www.brilliantearth.com/Floriana-Contoured-Diamond-Ring-Gold-BE2D0282/
2D6388LC,Frances Eternity Lab Diamond Ring,frances-eternity-lab-diamond-ring,"Luxe Collection,Modern Collection",Modern Collection,"Yellow Gold, White Gold, Rose Gold, Platinum","14K, 18K, N/A",BE2D6388LC_RENDER.glb,C:\brileent earth\2D6388LC_Frances-Eternity-Lab-Diamond-Ring-14K-Gold-BE2D6388LC\3d_model\BE2D6388LC_RENDER.glb,323.0,TRUE,https://www.brilliantearth.com/Frances-Eternity-Lab-Diamond-Ring-14K-Gold-BE2D6388LC/
2D6378LC,Frances Lab Diamond Ring (1 1/2 ct. tw.),frances-lab-diamond-ring-1-1-2-ct-tw,"Luxe Collection,Modern Collection",Modern Collection,"Yellow Gold, White Gold, Rose Gold, Platinum","14K, 18K, N/A",BE2D6378LC_RENDER.glb,C:\brileent earth\2D6378LC_Frances-Lab-Diamond-Ring-_1-1_2-ct_-tw_-14K-Gold-BE2D6378LC\3d_model\BE2D6378LC_RENDER.glb,201.0,TRUE,https://www.brilliantearth.com/Frances-Lab-Diamond-Ring-(1-1/2-ct.-tw.)-14K-Gold-BE2D6378LC/
2D4980E,French Pavé Eternity Diamond Ring (1 ct. tw.),french-pav-eternity-diamond-ring-1-ct-tw,"Classic Collection,Luxe Collection",Classic Collection,"Yellow Gold, White Gold, Rose Gold, Platinum","14K, 18K, N/A",BE2D4980E_RENDER.glb,C:\brileent earth\2D4980E_French-Pav├⌐-Eternity-Diamond-Ring-_1-ct_-tw_-14K-White-Gold-BE2D4980E\3d_model\BE2D4980E_RENDER.glb,368.0,TRUE,https://www.brilliantearth.com/French-Pav├⌐-Eternity-Diamond-Ring-(1-ct.-tw.)-14K-White-Gold-BE2D4980E/
2D4981E,French Pavé Eternity Diamond Ring (2 ct. tw.),french-pav-eternity-diamond-ring-2-ct-tw,"Classic Collection,Luxe Collection",Classic Collection,"Yellow Gold, White Gold, Rose Gold, Platinum","14K, 18K, N/A",BE2D4981E_RENDER.glb,C:\brileent earth\2D4981E_French-Pav├⌐-Eternity-Diamond-Ring-_2-ct_-tw_-14K-White-Gold-BE2D4981E\3d_model\BE2D4981E_RENDER.glb,604.9,TRUE,https://www.brilliantearth.com/French-Pav├⌐-Eternity-Diamond-Ring-(2-ct.-tw.)-14K-White-Gold-BE2D4981E/
2D4986E,French Pavé Eternity Diamond Ring (3 ct. tw.),french-pav-eternity-diamond-ring-3-ct-tw,"Classic Collection,Luxe Collection",Classic Collection,"Yellow Gold, White Gold, Rose Gold, Platinum","14K, 18K, N/A",BE2D4986E_RENDER.glb,C:\brileent earth\2D4986E_French-Pav├⌐-Eternity-Diamond-Ring-_3-ct_-tw_-14K-White-Gold-BE2D4986E\3d_model\BE2D4986E_RENDER.glb,363.4,TRUE,https://www.brilliantearth.com/French-Pav├⌐-Eternity-Diamond-Ring-(3-ct.-tw.)-14K-White-Gold-BE2D4986E/
2D4989E,French Pavé Eternity Diamond Ring (4 ct. tw.),french-pav-eternity-diamond-ring-4-ct-tw,"Classic Collection,Luxe Collection",Classic Collection,"Yellow Gold, White Gold, Rose Gold, Platinum","14K, 18K, N/A",BE2D4989E_RENDER.glb,C:\brileent earth\2D4989E_French-Pav├⌐-Eternity-Diamond-Ring-_4-ct_-tw_-14K-White-Gold-BE2D4989E\3d_model\BE2D4989E_RENDER.glb,590.6,TRUE,https://www.brilliantearth.com/French-Pav├⌐-Eternity-Diamond-Ring-(4-ct.-tw.)-14K-White-Gold-BE2D4989E/
2D4988E,French Pavé Eternity Diamond Ring (5 ct. tw.),french-pav-eternity-diamond-ring-5-ct-tw,"Classic Collection,Luxe Collection",Classic Collection,"Yellow Gold, White Gold, Rose Gold, Platinum","14K, 18K, N/A",BE2D4988E_RENDER.glb,C:\brileent earth\2D4988E_French-Pav├⌐-Eternity-Diamond-Ring-_5-ct_-tw_-14K-White-Gold-BE2D4988E\3d_model\BE2D4988E_RENDER.glb,202.1,TRUE,https://www.brilliantearth.com/French-Pav├⌐-Eternity-Diamond-Ring-(5-ct.-tw.)-14K-White-Gold-BE2D4988E/
2D4987E,French Pavé Eternity Diamond Ring (6 ct. tw.),french-pav-eternity-diamond-ring-6-ct-tw,"Classic Collection,Luxe Collection",Classic Collection,"Yellow Gold, White Gold, Rose Gold, Platinum","14K, 18K, N/A",BE2D4987E_RENDER.glb,C:\brileent earth\2D4987E_French-Pav├⌐-Eternity-Diamond-Ring-_6-ct_-tw_-White-Gold-BE2D4987E\3d_model\BE2D4987E_RENDER.glb,345.5,TRUE,https://www.brilliantearth.com/French-Pav├⌐-Eternity-Diamond-Ring-(6-ct.-tw.)-White-Gold-BE2D4987E/
2D4980ELC,French Pavé Eternity Lab Diamond Ring (1 ct. tw.),french-pav-eternity-lab-diamond-ring-1-ct-tw,"Classic Collection,Luxe Collection",Classic Collection,"Yellow Gold, White Gold, Rose Gold, Platinum","14K, 18K, N/A",BE2D4980ELC_RENDER.glb,C:\brileent earth\2D4980ELC_French-Pav├⌐-Eternity-Lab-Diamond-Ring-_1-ct_-tw_-14K-White-Gold-BE2D4980ELC\3d_model\BE2D4980ELC_RENDER.glb,368.0,TRUE,https://www.brilliantearth.com/French-Pav├⌐-Eternity-Lab-Diamond-Ring-(1-ct.-tw.)-14K-White-Gold-BE2D4980ELC/
2D4981ELC,French Pavé Eternity Lab Diamond Ring (2 ct. tw.),french-pav-eternity-lab-diamond-ring-2-ct-tw,"Classic Collection,Luxe Collection",Classic Collection,"Yellow Gold, White Gold, Rose Gold, Platinum","14K, 18K, N/A",BE2D4981ELC_RENDER.glb,C:\brileent earth\2D4981ELC_French-Pav├⌐-Eternity-Lab-Diamond-Ring-_2-ct_-tw_-14K-White-Gold-BE2D4981ELC\3d_model\BE2D4981ELC_RENDER.glb,604.9,TRUE,https://www.brilliantearth.com/French-Pav├⌐-Eternity-Lab-Diamond-Ring-(2-ct.-tw.)-14K-White-Gold-BE2D4981ELC/
2D4986ELC,French Pavé Eternity Lab Diamond Ring (3 ct. tw.),french-pav-eternity-lab-diamond-ring-3-ct-tw,"Classic Collection,Luxe Collection",Classic Collection,"Yellow Gold, White Gold, Rose Gold, Platinum","14K, 18K, N/A",BE2D4986ELC_RENDER.glb,C:\brileent earth\2D4986ELC_French-Pav├⌐-Eternity-Lab-Diamond-Ring-_3-ct_-tw_-14K-White-Gold-BE2D4986ELC\3d_model\BE2D4986ELC_RENDER.glb,710.6,TRUE,https://www.brilliantearth.com/French-Pav├⌐-Eternity-Lab-Diamond-Ring-(3-ct.-tw.)-14K-White-Gold-BE2D4986ELC/
2D4989ELC,French Pavé Eternity Lab Diamond Ring (4 ct. tw.),french-pav-eternity-lab-diamond-ring-4-ct-tw,"Classic Collection,Luxe Collection",Classic Collection,"Yellow Gold, White Gold, Rose Gold, Platinum","14K, 18K, N/A",BE2D4989ELC_RENDER.glb,C:\brileent earth\2D4989ELC_French-Pav├⌐-Eternity-Lab-Diamond-Ring-_4-ct_-tw_-14K-White-Gold-BE2D4989ELC\3d_model\BE2D4989ELC_RENDER.glb,590.6,TRUE,https://www.brilliantearth.com/French-Pav├⌐-Eternity-Lab-Diamond-Ring-(4-ct.-tw.)-14K-White-Gold-BE2D4989ELC/
2D4988ELC,French Pavé Eternity Lab Diamond Ring (5 ct. tw.),french-pav-eternity-lab-diamond-ring-5-ct-tw,"Classic Collection,Luxe Collection",Classic Collection,"Yellow Gold, White Gold, Rose Gold, Platinum","14K, 18K, N/A",BE2D4988ELC_RENDER.glb,C:\brileent earth\2D4988ELC_French-Pav├⌐-Eternity-Lab-Diamond-Ring-_5-ct_-tw_-14K-White-Gold-BE2D4988ELC\3d_model\BE2D4988ELC_RENDER.glb,202.1,TRUE,https://www.brilliantearth.com/French-Pav├⌐-Eternity-Lab-Diamond-Ring-(5-ct.-tw.)-14K-White-Gold-BE2D4988ELC/
2D4987ELC,French Pavé Eternity Lab Diamond Ring (6 ct. tw.),french-pav-eternity-lab-diamond-ring-6-ct-tw,"Classic Collection,Luxe Collection",Classic Collection,"Yellow Gold, White Gold, Rose Gold, Platinum","14K, 18K, N/A",BE2D4987ELC_RENDER.glb,C:\brileent earth\2D4987ELC_French-Pav├⌐-Eternity-Lab-Diamond-Ring-_6-ct_-tw_-White-Gold-BE2D4987ELC\3d_model\BE2D4987ELC_RENDER.glb,681.3,TRUE,https://www.brilliantearth.com/French-Pav├⌐-Eternity-Lab-Diamond-Ring-(6-ct.-tw.)-White-Gold-BE2D4987ELC/
2D483,Gemma Baguette Diamond Open Ring,gemma-baguette-diamond-open-ring,"Modern Collection,Open Collection",Modern Collection,"Yellow Gold, White Gold, Rose Gold, Platinum","14K, 18K, N/A",BE2D483_RENDER.glb,C:\brileent earth\2D483_Gemma-Baguette-Diamond-Open-Ring-14K-Gold-BE2D483\3d_model\BE2D483_RENDER.glb,145.8,TRUE,https://www.brilliantearth.com/Gemma-Baguette-Diamond-Open-Ring-14K-Gold-BE2D483/
2D084B,Gemma Baguette Diamond Ring (1/2 ct. tw.),gemma-baguette-diamond-ring-1-2-ct-tw,"Classic Collection,Modern Collection",Classic Collection,"Yellow Gold, White Gold, Rose Gold, Platinum","14K, 18K, N/A",BE2D084B_RENDER.glb,C:\brileent earth\2D084B_Gemma-Baguette-Diamond-Ring-_1_2-ct_-tw_-14K-Gold-BE2D084B\3d_model\BE2D084B_RENDER.glb,279.2,TRUE,https://www.brilliantearth.com/Gemma-Baguette-Diamond-Ring-(1/2-ct.-tw.)-14K-Gold-BE2D084B/
2D084BLC,Gemma Baguette Lab Diamond Ring (1/2 ct. tw.),gemma-baguette-lab-diamond-ring-1-2-ct-tw,"Classic Collection,Modern Collection",Classic Collection,"Yellow Gold, White Gold, Rose Gold, Platinum","14K, 18K, N/A",BE2D084BLC_RENDER.glb,C:\brileent earth\2D084BLC_Gemma-Baguette-Lab-Diamond-Ring-_1_2-ct_-tw_-14K-Gold-BE2D084BLC\3d_model\BE2D084BLC_RENDER.glb,279.2,TRUE,https://www.brilliantearth.com/Gemma-Baguette-Lab-Diamond-Ring-(1/2-ct.-tw.)-14K-Gold-BE2D084BLC/
2D533,Genevieve Contoured Diamond Ring,genevieve-contoured-diamond-ring,"Classic Collection,Luxe Collection,Modern Collection",Classic Collection,"Yellow Gold, White Gold, Rose Gold, Platinum","14K, 18K, N/A",BE2D533_RENDER.glb,C:\brileent earth\2D533_Genevieve-Contoured-Diamond-Ring-Gold-BE2D533\3d_model\BE2D533_RENDER.glb,202.2,TRUE,https://www.brilliantearth.com/Genevieve-Contoured-Diamond-Ring-Gold-BE2D533/
2D533LC,Genevieve Contoured Lab Diamond Ring,genevieve-contoured-lab-diamond-ring,"Classic Collection,Luxe Collection,Modern Collection",Classic Collection,"Yellow Gold, White Gold, Rose Gold, Platinum","14K, 18K, N/A",BE2D533LC_RENDER.glb,C:\brileent earth\2D533LC_Genevieve-Contoured-Lab-Diamond-Ring-Gold-BE2D533LC\3d_model\BE2D533LC_RENDER.glb,202.2,TRUE,https://www.brilliantearth.com/Genevieve-Contoured-Lab-Diamond-Ring-Gold-BE2D533LC/
2D5001,Gianna Pavé Diamond Ring (1 1/3 ct. tw.),gianna-pav-diamond-ring-1-1-3-ct-tw,"Classic Collection,Luxe Collection",Classic Collection,"Yellow Gold, White Gold, Rose Gold, Platinum","14K, 18K, N/A",BE2D5001_RENDER.glb,C:\brileent earth\2D5001_Gianna-Pav├⌐-Diamond-Ring-_1-1_3-ct_-tw_-14K-Gold-BE2D5001\3d_model\BE2D5001_RENDER.glb,348.8,TRUE,https://www.brilliantearth.com/Gianna-Pav├⌐-Diamond-Ring-(1-1/3-ct.-tw.)-14K-Gold-BE2D5001/
2D5001LC,Gianna Pavé Lab Diamond Ring (1 1/3 ct. tw.),gianna-pav-lab-diamond-ring-1-1-3-ct-tw,"Classic Collection,Luxe Collection",Classic Collection,"Yellow Gold, White Gold, Rose Gold, Platinum","14K, 18K, N/A",BE2D5001LC_RENDER.glb,C:\brileent earth\2D5001LC_Gianna-Pav├⌐-Lab-Diamond-Ring-_1-1_3-ct_-tw_-14K-Gold-BE2D5001LC\3d_model\BE2D5001LC_RENDER.glb,348.8,TRUE,https://www.brilliantearth.com/Gianna-Pav├⌐-Lab-Diamond-Ring-(1-1/3-ct.-tw.)-14K-Gold-BE2D5001LC/
2D4914,Grace Seven Stone East-West Emerald Diamond Ring (1 ct. tw.),grace-seven-stone-east-west-emerald-diamond-ring-1-ct-tw,Classic Collection,Classic Collection,"Yellow Gold, White Gold, Rose Gold, Platinum","14K, 18K, N/A",BE2D4914_RENDER.glb,C:\brileent earth\2D4914_Grace-Seven-Stone-East-West-Emerald-Diamond-Ring-_1-ct_-tw_-14K-White-Gold-BE2D4914\3d_model\BE2D4914_RENDER.glb,268.4,TRUE,https://www.brilliantearth.com/Grace-Seven-Stone-East-West-Emerald-Diamond-Ring-(1-ct.-tw.)-14K-White-Gold-BE2D4914/
2D4914LC,Grace Seven Stone East-West Emerald Lab Diamond Ring (1 ct. tw.),grace-seven-stone-east-west-emerald-lab-diamond-ring-1-ct-tw,Classic Collection,Classic Collection,"Yellow Gold, White Gold, Rose Gold, Platinum","14K, 18K, N/A",BE2D4914LC_RENDER.glb,C:\brileent earth\2D4914LC_Grace-Seven-Stone-East-West-Emerald-Lab-Diamond-Ring-_1-ct_-tw_-14K-White-Gold-BE2D4914LC\3d_model\BE2D4914LC_RENDER.glb,268.6,TRUE,https://www.brilliantearth.com/Grace-Seven-Stone-East-West-Emerald-Lab-Diamond-Ring-(1-ct.-tw.)-14K-White-Gold-BE2D4914LC/
2D4803,Grace Seven Stone Emerald Diamond Ring (1 ct. tw.),grace-seven-stone-emerald-diamond-ring-1-ct-tw,Classic Collection,Classic Collection,"Yellow Gold, White Gold, Rose Gold, Platinum","14K, 18K, N/A",BE2D4803_RENDER.glb,C:\brileent earth\2D4803_Grace-Seven-Stone-Emerald-Diamond-Ring-_1-ct_-tw_-14K-Gold-BE2D4803\3d_model\BE2D4803_RENDER.glb,683.0,TRUE,https://www.brilliantearth.com/Grace-Seven-Stone-Emerald-Diamond-Ring-(1-ct.-tw.)-14K-Gold-BE2D4803/
2D4803LC,Grace Seven Stone Emerald Lab Diamond Ring (1 ct. tw.),grace-seven-stone-emerald-lab-diamond-ring-1-ct-tw,Classic Collection,Classic Collection,"Yellow Gold, White Gold, Rose Gold, Platinum","14K, 18K, N/A",BE2D4803LC_RENDER.glb,C:\brileent earth\2D4803LC_Grace-Seven-Stone-Emerald-Lab-Diamond-Ring-_1-ct_-tw_-14K-Gold-BE2D4803LC\3d_model\BE2D4803LC_RENDER.glb,266.6,TRUE,https://www.brilliantearth.com/Grace-Seven-Stone-Emerald-Lab-Diamond-Ring-(1-ct.-tw.)-14K-Gold-BE2D4803LC/
2D4922,Grace Seven Stone Oval Diamond Ring (1 ct. tw.),grace-seven-stone-oval-diamond-ring-1-ct-tw,Classic Collection,Classic Collection,"Yellow Gold, White Gold, Rose Gold, Platinum","14K, 18K, N/A",BE2D4922_RENDER.glb,C:\brileent earth\2D4922_Grace-Seven-Stone-Oval-Diamond-Ring-_1-ct_-tw_-14K-White-Gold-BE2D4922\3d_model\BE2D4922_RENDER.glb,224.3,TRUE,https://www.brilliantearth.com/Grace-Seven-Stone-Oval-Diamond-Ring-(1-ct.-tw.)-14K-White-Gold-BE2D4922/
2D4922LC,Grace Seven Stone Oval Lab Diamond Ring (1 ct. tw.),grace-seven-stone-oval-lab-diamond-ring-1-ct-tw,Classic Collection,Classic Collection,"Yellow Gold, White Gold, Rose Gold, Platinum","14K, 18K, N/A",BE2D4922LC_RENDER.glb,C:\brileent earth\2D4922LC_Grace-Seven-Stone-Oval-Lab-Diamond-Ring-_1-ct_-tw_-14K-White-Gold-BE2D4922LC\3d_model\BE2D4922LC_RENDER.glb,460.0,TRUE,https://www.brilliantearth.com/Grace-Seven-Stone-Oval-Lab-Diamond-Ring-(1-ct.-tw.)-14K-White-Gold-BE2D4922LC/
2D4802LC,Grace Seven Stone Radiant Lab Diamond Ring (1 ct. tw.),grace-seven-stone-radiant-lab-diamond-ring-1-ct-tw,Classic Collection,Classic Collection,"Yellow Gold, White Gold, Rose Gold, Platinum","14K, 18K, N/A",BE2D4802LC_RENDER.glb,C:\brileent earth\2D4802LC_Grace-Seven-Stone-Radiant-Lab-Diamond-Ring-_1-ct_-tw_-14K-Gold-BE2D4802LC\3d_model\BE2D4802LC_RENDER.glb,278.0,TRUE,https://www.brilliantearth.com/Grace-Seven-Stone-Radiant-Lab-Diamond-Ring-(1-ct.-tw.)-14K-Gold-BE2D4802LC/
2D9987,Grand Olivetta Eternity Diamond Ring,grand-olivetta-eternity-diamond-ring,"Luxe Collection,Nature Collection",Nature Collection,"Yellow Gold, White Gold, Rose Gold, Platinum","14K, 18K, N/A",BE2D9987_RENDER.glb,C:\brileent earth\2D9987_Grand-Olivetta-Eternity-Diamond-Ring-14K-Gold-BE2D9987\3d_model\BE2D9987_RENDER.glb,422.5,TRUE,https://www.brilliantearth.com/Grand-Olivetta-Eternity-Diamond-Ring-14K-Gold-BE2D9987/
2D9987LC,Grand Olivetta Eternity Lab Diamond Ring,grand-olivetta-eternity-lab-diamond-ring,"Luxe Collection,Nature Collection",Nature Collection,"Yellow Gold, White Gold, Rose Gold, Platinum","14K, 18K, N/A",BE2D9987LC_RENDER.glb,C:\brileent earth\2D9987LC_Grand-Olivetta-Eternity-Lab-Diamond-Ring-14K-Gold-BE2D9987LC\3d_model\BE2D9987LC_RENDER.glb,422.5,TRUE,https://www.brilliantearth.com/Grand-Olivetta-Eternity-Lab-Diamond-Ring-14K-Gold-BE2D9987LC/
2D3390,Grand Versailles Diamond Ring (1 ct. tw.),grand-versailles-diamond-ring-1-ct-tw,"Classic Collection,Luxe Collection,Modern Collection",Classic Collection,"Yellow Gold, White Gold, Rose Gold, Platinum","14K, 18K, N/A",BE2D3390_RENDER.glb,C:\brileent earth\2D3390_Grand-Versailles-Diamond-Ring-_1-ct_-tw_-14K-Gold-BE2D3390\3d_model\BE2D3390_RENDER.glb,180.5,TRUE,https://www.brilliantearth.com/Grand-Versailles-Diamond-Ring-(1-ct.-tw.)-14K-Gold-BE2D3390/
2D3391,Grand Versailles Eternity Diamond Ring,grand-versailles-eternity-diamond-ring,Luxe Collection,Luxe Collection,"Yellow Gold, White Gold, Rose Gold, Platinum","14K, 18K, N/A",BE2D3391_RENDER.glb,C:\brileent earth\2D3391_Grand-Versailles-Eternity-Diamond-Ring-14K-White-Gold-BE2D3391\3d_model\BE2D3391_RENDER.glb,234.5,TRUE,https://www.brilliantearth.com/Grand-Versailles-Eternity-Diamond-Ring-14K-White-Gold-BE2D3391/
2D3391LC,Grand Versailles Eternity Lab Diamond Ring,grand-versailles-eternity-lab-diamond-ring,Luxe Collection,Luxe Collection,"Yellow Gold, White Gold, Rose Gold, Platinum","14K, 18K, N/A",BE2D3391LC_RENDER.glb,C:\brileent earth\2D3391LC_Grand-Versailles-Eternity-Lab-Diamond-Ring-14K-White-Gold-BE2D3391LC\3d_model\BE2D3391LC_RENDER.glb,220.3,TRUE,https://www.brilliantearth.com/Grand-Versailles-Eternity-Lab-Diamond-Ring-14K-White-Gold-BE2D3391LC/
2D4390LC,Grand Versailles Lab Diamond Ring (2 1/4 ct. tw.),grand-versailles-lab-diamond-ring-2-1-4-ct-tw,"Classic Collection,Luxe Collection,Modern Collection",Classic Collection,"Yellow Gold, White Gold, Rose Gold, Platinum","14K, 18K, N/A",BE2D4390LC_RENDER.glb,C:\brileent earth\2D4390LC_Grand-Versailles-Lab-Diamond-Ring-_2-1_4-ct_-tw_-14K-White-Gold-BE2D4390LC\3d_model\BE2D4390LC_RENDER.glb,178.0,TRUE,https://www.brilliantearth.com/Grand-Versailles-Lab-Diamond-Ring-(2-1/4-ct.-tw.)-14K-White-Gold-BE2D4390LC/
2D3642,Half Moon Diamond Trio Stacking Ring (1 ct. tw.),half-moon-diamond-trio-stacking-ring-1-ct-tw,Modern Collection,Modern Collection,"Yellow Gold, White Gold, Rose Gold, Platinum","14K, 18K, N/A",BE2D3642_RENDER.glb,C:\brileent earth\2D3642_Half-Moon-Diamond-Trio-Stacking-Ring-_1-ct_-tw_-White-Gold-BE2D3642\3d_model\BE2D3642_RENDER.glb,97.7,TRUE,https://www.brilliantearth.com/Half-Moon-Diamond-Trio-Stacking-Ring-(1-ct.-tw.)-White-Gold-BE2D3642/
2D3642LC,Half Moon Lab Diamond Trio Stacking Ring (1 ct. tw.),half-moon-lab-diamond-trio-stacking-ring-1-ct-tw,Modern Collection,Modern Collection,"Yellow Gold, White Gold, Rose Gold, Platinum","14K, 18K, N/A",BE2D3642LC_RENDER.glb,C:\brileent earth\2D3642LC_Half-Moon-Lab-Diamond-Trio-Stacking-Ring-_1-ct_-tw_-White-Gold-BE2D3642LC\3d_model\BE2D3642LC_RENDER.glb,97.7,TRUE,https://www.brilliantearth.com/Half-Moon-Lab-Diamond-Trio-Stacking-Ring-(1-ct.-tw.)-White-Gold-BE2D3642LC/
2DHRT300ELC,Heart Shaped Eternity Lab Diamond Ring (3 ct. tw.),heart-shaped-eternity-lab-diamond-ring-3-ct-tw,"Luxe Collection,Modern Collection",Modern Collection,"Yellow Gold, White Gold, Rose Gold, Platinum","14K, 18K, N/A",BE2DHRT300ELC_RENDER.glb,C:\brileent earth\2DHRT300ELC_Heart-Shaped-Eternity-Lab-Diamond-Ring-_3-ct_-tw_-14K-Gold-BE2DHRT300ELC\3d_model\BE2DHRT300ELC_RENDER.glb,599.5,TRUE,https://www.brilliantearth.com/Heart-Shaped-Eternity-Lab-Diamond-Ring-(3-ct.-tw.)-14K-Gold-BE2DHRT300ELC/
25678,Hudson Engraved Contour Ring,hudson-engraved-contour-ring,Antique Collection,Antique Collection,"Yellow Gold, White Gold, Rose Gold, Platinum","14K, 18K, N/A",BE25678_RENDER.glb,C:\brileent earth\25678_Hudson-Engraved-Contour-Ring-14K-Gold-BE25678\3d_model\BE25678_RENDER.glb,722.4,TRUE,https://www.brilliantearth.com/Hudson-Engraved-Contour-Ring-14K-Gold-BE25678/
232,Hudson Engraved Ring,hudson-engraved-ring,"Antique Collection,Customer Favorites Collection",Antique Collection,"Yellow Gold, White Gold, Rose Gold, Platinum","14K, 18K, N/A",BE232_RENDER.glb,C:\brileent earth\232_Hudson-Engraved-Ring-14K-Gold-BE232\3d_model\BE232_RENDER.glb,700.8,TRUE,https://www.brilliantearth.com/Hudson-Engraved-Ring-14K-Gold-BE232/
2D843,Jacqueline Contour Diamond Ring,jacqueline-contour-diamond-ring,"Modern Collection,Antique Collection",Modern Collection,"Yellow Gold, White Gold, Rose Gold, Platinum","14K, 18K, N/A",BE2D843_RENDER.glb,C:\brileent earth\2D843_Jacqueline-Contour-Diamond-Ring-14K-Gold-BE2D843\3d_model\BE2D843_RENDER.glb,166.7,TRUE,https://www.brilliantearth.com/Jacqueline-Contour-Diamond-Ring-14K-Gold-BE2D843/
2D185,Jardiniere Diamond Contour Ring (1/2 ct. tw.),jardiniere-diamond-contour-ring-1-2-ct-tw,Nature Collection,Nature Collection,"Yellow Gold, White Gold, Rose Gold, Platinum","14K, 18K, N/A",BE2D185_RENDER.glb,C:\brileent earth\2D185_Jardiniere-Diamond-Contour-Ring-_1_2-ct_-tw_-Rose-Gold-BE2D185\3d_model\BE2D185_RENDER.glb,362.8,TRUE,https://www.brilliantearth.com/Jardiniere-Diamond-Contour-Ring-(1/2-ct.-tw.)-Rose-Gold-BE2D185/
2D835,Jardiniere Diamond Ring,jardiniere-diamond-ring,"Nature Collection,Customer Favorites Collection",Nature Collection,"Yellow Gold, White Gold, Rose Gold, Platinum","14K, 18K, N/A",BE2D835_RENDER.glb,C:\brileent earth\2D835_Jardiniere-Diamond-Ring-14K-Gold-BE2D835\3d_model\BE2D835_RENDER.glb,440.3,TRUE,https://www.brilliantearth.com/Jardiniere-Diamond-Ring-14K-Gold-BE2D835/
2D836LC,Jardiniere Eternity Lab Diamond Ring,jardiniere-eternity-lab-diamond-ring,Nature Collection,Nature Collection,"Yellow Gold, White Gold, Rose Gold, Platinum","14K, 18K, N/A",BE2D836LC_RENDER.glb,C:\brileent earth\2D836LC_Jardiniere-Eternity-Lab-Diamond-Ring-14K-Gold-BE2D836LC\3d_model\BE2D836LC_RENDER.glb,698.9,TRUE,https://www.brilliantearth.com/Jardiniere-Eternity-Lab-Diamond-Ring-14K-Gold-BE2D836LC/
2D873,Joelle Diamond Ring,joelle-diamond-ring,"Classic Collection,Modern Collection",Classic Collection,"Yellow Gold, White Gold, Rose Gold, Platinum","14K, 18K, N/A",BE2D873_RENDER.glb,C:\brileent earth\2D873_Joelle-Diamond-Ring-14K-Gold-BE2D873\3d_model\BE2D873_RENDER.glb,142.7,TRUE,https://www.brilliantearth.com/Joelle-Diamond-Ring-14K-Gold-BE2D873/
2D758,Kaia Contour Diamond Ring (1/4 ct. tw.),kaia-contour-diamond-ring-1-4-ct-tw,Modern Collection,Modern Collection,"Yellow Gold, White Gold, Rose Gold, Platinum","14K, 18K, N/A",BE2D758_RENDER.glb,C:\brileent earth\2D758_Kaia-Contour-Diamond-Ring-_1_4-ct_-tw_-14K-Gold-BE2D758\3d_model\BE2D758_RENDER.glb,267.8,TRUE,https://www.brilliantearth.com/Kaia-Contour-Diamond-Ring-(1/4-ct.-tw.)-14K-Gold-BE2D758/
2724,Kaia Contour Ring,kaia-contour-ring,"Modern Collection,Plain Metal Collection",Modern Collection,"Yellow Gold, White Gold, Rose Gold, Platinum","14K, 18K, N/A",BE2724_RENDER.glb,C:\brileent earth\2724_Kaia-Contour-Ring-Rose-Gold-BE2724\3d_model\BE2724_RENDER.glb,115.9,TRUE,https://www.brilliantearth.com/Kaia-Contour-Ring-Rose-Gold-BE2724/
2D812LC,Kelly Baguette Eternity Lab Diamond Ring,kelly-baguette-eternity-lab-diamond-ring,"Luxe Collection,Modern Collection",Modern Collection,"Yellow Gold, White Gold, Rose Gold, Platinum","14K, 18K, N/A",BE2D812LC_RENDER.glb,C:\brileent earth\2D812LC_Kelly-Baguette-Eternity-Lab-Diamond-Ring-14K-Gold-BE2D812LC\3d_model\BE2D812LC_RENDER.glb,173.1,TRUE,https://www.brilliantearth.com/Kelly-Baguette-Eternity-Lab-Diamond-Ring-14K-Gold-BE2D812LC/
2D8310,Kensington Emerald Cut and Round Diamond Open Ring (1/2 ct. tw.),kensington-emerald-cut-and-round-diamond-open-ring-1-2-ct-tw,"Classic Collection,Open Collection",Classic Collection,"Yellow Gold, White Gold, Rose Gold, Platinum","14K, 18K, N/A",BE2D8310_RENDER.glb,C:\brileent earth\2D8310_Kensington-Emerald-Cut-and-Round-Diamond-Open-Ring-_1_2-ct_-tw_-Gold-BE2D8310\3d_model\BE2D8310_RENDER.glb,482.4,TRUE,https://www.brilliantearth.com/Kensington-Emerald-Cut-and-Round-Diamond-Open-Ring-(1/2-ct.-tw.)-Gold-BE2D8310/
2D721,Kensington Emerald Cut and Round Diamond Ring (1/2 ct. tw.),kensington-emerald-cut-and-round-diamond-ring-1-2-ct-tw,Classic Collection,Classic Collection,"Yellow Gold, White Gold, Rose Gold, Platinum","14K, 18K, N/A",BE2D721_RENDER.glb,C:\brileent earth\2D721_Kensington-Emerald-Cut-and-Round-Diamond-Ring-_1_2-ct_-tw_-Gold-BE2D721\3d_model\BE2D721_RENDER.glb,495.6,TRUE,https://www.brilliantearth.com/Kensington-Emerald-Cut-and-Round-Diamond-Ring-(1/2-ct.-tw.)-Gold-BE2D721/
2D450,Kensington Emerald Cut and Round Eternity Diamond Ring (1 ct. tw.),kensington-emerald-cut-and-round-eternity-diamond-ring-1-ct-tw,Classic Collection,Classic Collection,"Yellow Gold, White Gold, Rose Gold, Platinum","14K, 18K, N/A",BE2D450_RENDER.glb,C:\brileent earth\2D450_Kensington-Emerald-Cut-and-Round-Eternity-Diamond-Ring-_1-ct_-tw_-Gold-BE2D450\3d_model\BE2D450_RENDER.glb,295.4,TRUE,https://www.brilliantearth.com/Kensington-Emerald-Cut-and-Round-Eternity-Diamond-Ring-(1-ct.-tw.)-Gold-BE2D450/
2D450LC,Kensington Emerald Cut and Round Eternity Lab Diamond Ring (1 ct. tw.),kensington-emerald-cut-and-round-eternity-lab-diamond-ring-1-ct-tw,Classic Collection,Classic Collection,"Yellow Gold, White Gold, Rose Gold, Platinum","14K, 18K, N/A",BE2D450LC_RENDER.glb,C:\brileent earth\2D450LC_Kensington-Emerald-Cut-and-Round-Eternity-Lab-Diamond-Ring-_1-ct_-tw_-Gold-BE2D450LC\3d_model\BE2D450LC_RENDER.glb,422.4,TRUE,https://www.brilliantearth.com/Kensington-Emerald-Cut-and-Round-Eternity-Lab-Diamond-Ring-(1-ct.-tw.)-Gold-BE2D450LC/
2D8310LC,Kensington Emerald Cut and Round Lab Diamond Open Ring (1/2 ct. tw.),kensington-emerald-cut-and-round-lab-diamond-open-ring-1-2-ct-tw,"Classic Collection,Open Collection",Classic Collection,"Yellow Gold, White Gold, Rose Gold, Platinum","14K, 18K, N/A",BE2D8310LC_RENDER.glb,C:\brileent earth\2D8310LC_Kensington-Emerald-Cut-and-Round-Lab-Diamond-Open-Ring-_1_2-ct_-tw_-Gold-BE2D8310LC\3d_model\BE2D8310LC_RENDER.glb,151.6,TRUE,https://www.brilliantearth.com/Kensington-Emerald-Cut-and-Round-Lab-Diamond-Open-Ring-(1/2-ct.-tw.)-Gold-BE2D8310LC/
2D721LC,Kensington Emerald Cut and Round Lab Diamond Ring (1/2 ct. tw.),kensington-emerald-cut-and-round-lab-diamond-ring-1-2-ct-tw,Classic Collection,Classic Collection,"Yellow Gold, White Gold, Rose Gold, Platinum","14K, 18K, N/A",BE2D721LC_RENDER.glb,C:\brileent earth\2D721LC_Kensington-Emerald-Cut-and-Round-Lab-Diamond-Ring-_1_2-ct_-tw_-Gold-BE2D721LC\3d_model\BE2D721LC_RENDER.glb,240.2,TRUE,https://www.brilliantearth.com/Kensington-Emerald-Cut-and-Round-Lab-Diamond-Ring-(1/2-ct.-tw.)-Gold-BE2D721LC/
2D5147,Lane Baguette Diamond Ring,lane-baguette-diamond-ring,"Classic Collection,Modern Collection,Antique Collection",Classic Collection,White Gold,18K,BE2D5147_RENDER.glb,C:\brileent earth\2D5147_Lane-Baguette-Diamond-Ring-White-Gold-BE2D5147\3d_model\BE2D5147_RENDER.glb,159.2,TRUE,https://www.brilliantearth.com/Lane-Baguette-Diamond-Ring-White-Gold-BE2D5147/
2D2589,Lark Diamond Ring,lark-diamond-ring,"Classic Collection,Modern Collection",Classic Collection,"Yellow Gold, White Gold, Rose Gold, Platinum","14K, 18K, N/A",BE2D2589_RENDER.glb,C:\brileent earth\2D2589_Lark-Diamond-Ring-14K-Gold-BE2D2589\3d_model\BE2D2589_RENDER.glb,113.2,TRUE,https://www.brilliantearth.com/Lark-Diamond-Ring-14K-Gold-BE2D2589/
2D2589LC,Lark Lab Diamond Ring,lark-lab-diamond-ring,"Classic Collection,Modern Collection",Classic Collection,"Yellow Gold, White Gold, Rose Gold, Platinum","14K, 18K, N/A",BE2D2589LC_RENDER.glb,C:\brileent earth\2D2589LC_Lark-Lab-Diamond-Ring-14K-Gold-BE2D2589LC\3d_model\BE2D2589LC_RENDER.glb,113.2,TRUE,https://www.brilliantearth.com/Lark-Lab-Diamond-Ring-14K-Gold-BE2D2589LC/
2D1728,Leona Diamond Ring (1/3 ct. tw.),leona-diamond-ring-1-3-ct-tw,"Classic Collection,Antique Collection,Customer Favorites Collection",Classic Collection,"Yellow Gold, White Gold, Rose Gold, Platinum","14K, 18K, N/A",BE2D1728_RENDER.glb,C:\brileent earth\2D1728_Leona-Diamond-Ring-_1_3-ct_-tw_-14K-White-Gold-BE2D1728\3d_model\BE2D1728_RENDER.glb,206.2,TRUE,https://www.brilliantearth.com/Leona-Diamond-Ring-(1/3-ct.-tw.)-14K-White-Gold-BE2D1728/
2D1729,Leona Diamond Ring (5/8 ct. tw.),leona-diamond-ring-5-8-ct-tw,"Classic Collection,Luxe Collection",Classic Collection,"Yellow Gold, White Gold, Rose Gold, Platinum","14K, 18K, N/A",BE2D1729_RENDER.glb,C:\brileent earth\2D1729_Leona-Diamond-Ring-_5_8-ct_-tw_-14K-White-Gold-BE2D1729\3d_model\BE2D1729_RENDER.glb,207.8,TRUE,https://www.brilliantearth.com/Leona-Diamond-Ring-(5/8-ct.-tw.)-14K-White-Gold-BE2D1729/
2D3038,Lina Baguette Diamond Ring (1 7/8 ct. tw.),lina-baguette-diamond-ring-1-7-8-ct-tw,"Classic Collection,Luxe Collection,Modern Collection,Antique Collection",Classic Collection,White Gold,18K,BE2D3038_RENDER.glb,C:\brileent earth\2D3038_Lina-Baguette-Diamond-Ring-_1-7_8-ct_-tw_-White-Gold-BE2D3038\3d_model\BE2D3038_RENDER.glb,240.3,TRUE,https://www.brilliantearth.com/Lina-Baguette-Diamond-Ring-(1-7/8-ct.-tw.)-White-Gold-BE2D3038/
27345,Liv 1.4mm Open Ring,liv-1-4mm-open-ring,"Modern Collection,Open Collection",Modern Collection,"Yellow Gold, White Gold, Rose Gold, Platinum","14K, 18K, N/A",BE27345_RENDER.glb,C:\brileent earth\27345_Liv-1_4mm-Open-Ring-14K-Gold-BE27345\3d_model\BE27345_RENDER.glb,115.5,TRUE,https://www.brilliantearth.com/Liv-1.4mm-Open-Ring-14K-Gold-BE27345/
2353,Liv 2mm Open Ring,liv-2mm-open-ring,Open Collection,Open Collection,"Yellow Gold, White Gold, Rose Gold, Platinum","14K, 18K, N/A",BE2353_RENDER.glb,C:\brileent earth\2353_Liv-2mm-Open-Ring-14K-Gold-BE2353\3d_model\BE2353_RENDER.glb,63.2,TRUE,https://www.brilliantearth.com/Liv-2mm-Open-Ring-14K-Gold-BE2353/
2120LC,London Lab Diamond Ring,london-lab-diamond-ring,Modern Collection,Modern Collection,"Yellow Gold, White Gold, Rose Gold, Platinum","14K, 18K, N/A",BE2120LC_RENDER.glb,C:\brileent earth\2120LC_London-Lab-Diamond-Ring-14K-White-Gold-BE2120LC\3d_model\BE2120LC_RENDER.glb,238.0,TRUE,https://www.brilliantearth.com/London-Lab-Diamond-Ring-14K-White-Gold-BE2120LC/
2D7253E,Low Profile Emerald Eternity Diamond Ring (2 ct. tw.),low-profile-emerald-eternity-diamond-ring-2-ct-tw,Classic Collection,Classic Collection,"Yellow Gold, White Gold, Rose Gold, Platinum","14K, 18K, N/A",BE2D7253E_RENDER.glb,C:\brileent earth\2D7253E_Low-Profile-Emerald-Eternity-Diamond-Ring-_2-ct_-tw_-Gold-BE2D7253E\3d_model\BE2D7253E_RENDER.glb,738.0,TRUE,https://www.brilliantearth.com/Low-Profile-Emerald-Eternity-Diamond-Ring-(2-ct.-tw.)-Gold-BE2D7253E/
2D7253ELC,Low Profile Emerald Eternity Lab Diamond Ring (2 ct. tw.),low-profile-emerald-eternity-lab-diamond-ring-2-ct-tw,Classic Collection,Classic Collection,"Yellow Gold, White Gold, Rose Gold, Platinum","14K, 18K, N/A",BE2D7253ELC_RENDER.glb,C:\brileent earth\2D7253ELC_Low-Profile-Emerald-Eternity-Lab-Diamond-Ring-_2-ct_-tw_-Gold-BE2D7253ELC\3d_model\BE2D7253ELC_RENDER.glb,738.0,TRUE,https://www.brilliantearth.com/Low-Profile-Emerald-Eternity-Lab-Diamond-Ring-(2-ct.-tw.)-Gold-BE2D7253ELC/
2D2754E,Low Profile Oval Eternity Diamond Ring (2 ct. tw.),low-profile-oval-eternity-diamond-ring-2-ct-tw,Classic Collection,Classic Collection,"Yellow Gold, White Gold, Rose Gold, Platinum","14K, 18K, N/A",BE2D2754E_RENDER.glb,C:\brileent earth\2D2754E_Low-Profile-Oval-Eternity-Diamond-Ring-_2-ct_-tw_-Gold-BE2D2754E\3d_model\BE2D2754E_RENDER.glb,342.2,TRUE,https://www.brilliantearth.com/Low-Profile-Oval-Eternity-Diamond-Ring-(2-ct.-tw.)-Gold-BE2D2754E/
2D2754ELC,Low Profile Oval Eternity Lab Diamond Ring (2 ct. tw.),low-profile-oval-eternity-lab-diamond-ring-2-ct-tw,Classic Collection,Classic Collection,"Yellow Gold, White Gold, Rose Gold, Platinum","14K, 18K, N/A",BE2D2754ELC_RENDER.glb,C:\brileent earth\2D2754ELC_Low-Profile-Oval-Eternity-Lab-Diamond-Ring-_2-ct_-tw_-Gold-BE2D2754ELC\3d_model\BE2D2754ELC_RENDER.glb,342.1,TRUE,https://www.brilliantearth.com/Low-Profile-Oval-Eternity-Lab-Diamond-Ring-(2-ct.-tw.)-Gold-BE2D2754ELC/
2D7268E,Low Profile Round Eternity Diamond Ring (2 ct. tw.),low-profile-round-eternity-diamond-ring-2-ct-tw,Classic Collection,Classic Collection,"Yellow Gold, White Gold, Rose Gold, Platinum","14K, 18K, N/A",BE2D7268E_RENDER.glb,C:\brileent earth\2D7268E_Low-Profile-Round-Eternity-Diamond-Ring-_2-ct_-tw_-Gold-BE2D7268E\3d_model\BE2D7268E_RENDER.glb,409.5,TRUE,https://www.brilliantearth.com/Low-Profile-Round-Eternity-Diamond-Ring-(2-ct.-tw.)-Gold-BE2D7268E/
2D7268ELC,Low Profile Round Eternity Lab Diamond Ring (2 ct. tw.),low-profile-round-eternity-lab-diamond-ring-2-ct-tw,Classic Collection,Classic Collection,"Yellow Gold, White Gold, Rose Gold, Platinum","14K, 18K, N/A",BE2D7268ELC_RENDER.glb,C:\brileent earth\2D7268ELC_Low-Profile-Round-Eternity-Lab-Diamond-Ring-_2-ct_-tw_-Gold-BE2D7268ELC\3d_model\BE2D7268ELC_RENDER.glb,409.5,TRUE,https://www.brilliantearth.com/Low-Profile-Round-Eternity-Lab-Diamond-Ring-(2-ct.-tw.)-Gold-BE2D7268ELC/
2D745,Lunette Contour Round Diamond Ring,lunette-contour-round-diamond-ring,Modern Collection,Modern Collection,"Yellow Gold, White Gold, Rose Gold, Platinum","14K, 18K, N/A",BE2D745_RENDER.glb,C:\brileent earth\2D745_Lunette-Contour-Round-Diamond-Ring-14K-Gold-BE2D745\3d_model\BE2D745_RENDER.glb,133.3,TRUE,https://www.brilliantearth.com/Lunette-Contour-Round-Diamond-Ring-14K-Gold-BE2D745/
2D062,Lunette Diamond Ring (1/10 ct. tw.),lunette-diamond-ring-1-10-ct-tw,"Classic Collection,Antique Collection,Customer Favorites Collection",Classic Collection,"Yellow Gold, White Gold, Rose Gold, Platinum","14K, 18K, N/A",BE2D062_RENDER.glb,C:\brileent earth\2D062_Lunette-Diamond-Ring-_1_10-ct_-tw_-14K-Gold-BE2D062\3d_model\BE2D062_RENDER.glb,377.0,TRUE,https://www.brilliantearth.com/Lunette-Diamond-Ring-(1/10-ct.-tw.)-14K-Gold-BE2D062/
2D594,Lunette Diamond Ring (1/5 ct. tw.),lunette-diamond-ring-1-5-ct-tw,Luxe Collection,Luxe Collection,"Yellow Gold, White Gold, Rose Gold, Platinum","14K, 18K, N/A",BE2D594_RENDER.glb,C:\brileent earth\2D594_Lunette-Diamond-Ring-_1_5-ct_-tw_-14K-Gold-BE2D594\3d_model\BE2D594_RENDER.glb,266.7,TRUE,https://www.brilliantearth.com/Lunette-Diamond-Ring-(1/5-ct.-tw.)-14K-Gold-BE2D594/
2D4112,Lunette Diamond Ring (3/8 ct. tw.),lunette-diamond-ring-3-8-ct-tw,"Classic Collection,Luxe Collection",Classic Collection,"Yellow Gold, White Gold, Rose Gold, Platinum","14K, 18K, N/A",BE2D4112_RENDER.glb,C:\brileent earth\2D4112_Lunette-Diamond-Ring-_3_8-ct_-tw_-14K-Gold-BE2D4112\3d_model\BE2D4112_RENDER.glb,107.4,TRUE,https://www.brilliantearth.com/Lunette-Diamond-Ring-(3/8-ct.-tw.)-14K-Gold-BE2D4112/
2D834,Lunette Diamond Ring Jacket (1/5 ct. tw.),lunette-diamond-ring-jacket-1-5-ct-tw,Classic Collection,Classic Collection,"Yellow Gold, White Gold, Rose Gold, Platinum","14K, 18K, N/A",BE2D834_RENDER.glb,C:\brileent earth\2D834_Lunette-Diamond-Ring-Jacket-_1_5-ct_-tw_-14K-Gold-BE2D834\3d_model\BE2D834_RENDER.glb,150.4,TRUE,https://www.brilliantearth.com/Lunette-Diamond-Ring-Jacket-(1/5-ct.-tw.)-14K-Gold-BE2D834/
2D062LC,Lunette Lab Diamond Ring (1/10 ct. tw.),lunette-lab-diamond-ring-1-10-ct-tw,"Classic Collection,Antique Collection,Customer Favorites Collection",Classic Collection,"Yellow Gold, White Gold, Rose Gold, Platinum","14K, 18K, N/A",BE2D062LC_RENDER.glb,C:\brileent earth\2D062LC_Lunette-Lab-Diamond-Ring-_1_10-ct_-tw_-14K-Gold-BE2D062LC\3d_model\BE2D062LC_RENDER.glb,377.0,TRUE,https://www.brilliantearth.com/Lunette-Lab-Diamond-Ring-(1/10-ct.-tw.)-14K-Gold-BE2D062LC/
2D594LC,Lunette Lab Diamond Ring (1/5 ct. tw.),lunette-lab-diamond-ring-1-5-ct-tw,Luxe Collection,Luxe Collection,"Yellow Gold, White Gold, Rose Gold, Platinum","14K, 18K, N/A",BE2D594LC_RENDER.glb,C:\brileent earth\2D594LC_Lunette-Lab-Diamond-Ring-_1_5-ct_-tw_-14K-Gold-BE2D594LC\3d_model\BE2D594LC_RENDER.glb,266.7,TRUE,https://www.brilliantearth.com/Lunette-Lab-Diamond-Ring-(1/5-ct.-tw.)-14K-Gold-BE2D594LC/
2D5103,Luxe Aria Contoured Diamond Ring (1/4 ct. tw.),luxe-aria-contoured-diamond-ring-1-4-ct-tw,"Classic Collection,Modern Collection",Classic Collection,"Yellow Gold, White Gold, Rose Gold, Platinum","14K, 18K, N/A",BE2D5103_RENDER.glb,C:\brileent earth\2D5103_Luxe-Aria-Contoured-Diamond-Ring-_1_4-ct_-tw_-14K-White-Gold-BE2D5103\3d_model\BE2D5103_RENDER.glb,396.7,TRUE,https://www.brilliantearth.com/Luxe-Aria-Contoured-Diamond-Ring-(1/4-ct.-tw.)-14K-White-Gold-BE2D5103/
2D1462,Luxe Elongated Lunette Diamond Ring (1/4 ct. tw.),luxe-elongated-lunette-diamond-ring-1-4-ct-tw,"Classic Collection,Antique Collection",Classic Collection,"Rose Gold, Platinum","14K, N/A",BE2D1462_RENDER.glb,C:\brileent earth\2D1462_Luxe-Elongated-Lunette-Diamond-Ring-_1_4-ct_-tw_-Rose-Gold-BE2D1462\3d_model\BE2D1462_RENDER.glb,343.0,TRUE,https://www.brilliantearth.com/Luxe-Elongated-Lunette-Diamond-Ring-(1/4-ct.-tw.)-Rose-Gold-BE2D1462/
2D064,Luxe Lunette Diamond Ring (1/2 ct. tw.),luxe-lunette-diamond-ring-1-2-ct-tw,"Classic Collection,Luxe Collection,Antique Collection",Classic Collection,"Yellow Gold, White Gold, Rose Gold, Platinum","14K, 18K, N/A",BE2D064_RENDER.glb,C:\brileent earth\2D064_Luxe-Lunette-Diamond-Ring-_1_2-ct_-tw_-14K-White-Gold-BE2D064\3d_model\BE2D064_RENDER.glb,234.5,TRUE,https://www.brilliantearth.com/Luxe-Lunette-Diamond-Ring-(1/2-ct.-tw.)-14K-White-Gold-BE2D064/
2D6532,Luxe Lunette Diamond Ring (1/3 ct. tw.),luxe-lunette-diamond-ring-1-3-ct-tw,Antique Collection,Antique Collection,"Yellow Gold, White Gold, Rose Gold, Platinum","14K, 18K, N/A",BE2D6532_RENDER.glb,C:\brileent earth\2D6532_Luxe-Lunette-Diamond-Ring-_1_3-ct_-tw_-14K-White-Gold-BE2D6532\3d_model\BE2D6532_RENDER.glb,667.2,TRUE,https://www.brilliantearth.com/Luxe-Lunette-Diamond-Ring-(1/3-ct.-tw.)-14K-White-Gold-BE2D6532/
2D064LC,Luxe Lunette Lab Diamond Ring (1/2 ct. tw.),luxe-lunette-lab-diamond-ring-1-2-ct-tw,"Classic Collection,Luxe Collection,Antique Collection",Classic Collection,"Yellow Gold, White Gold, Rose Gold, Platinum","14K, 18K, N/A",BE2D064LC_RENDER.glb,C:\brileent earth\2D064LC_Luxe-Lunette-Lab-Diamond-Ring-_1_2-ct_-tw_-14K-White-Gold-BE2D064LC\3d_model\BE2D064LC_RENDER.glb,234.5,TRUE,https://www.brilliantearth.com/Luxe-Lunette-Lab-Diamond-Ring-(1/2-ct.-tw.)-14K-White-Gold-BE2D064LC/
2D6532LC,Luxe Lunette Lab Diamond Ring (1/3 ct. tw.),luxe-lunette-lab-diamond-ring-1-3-ct-tw,Antique Collection,Antique Collection,"Yellow Gold, White Gold, Rose Gold, Platinum","14K, 18K, N/A",BE2D6532LC_RENDER.glb,C:\brileent earth\2D6532LC_Luxe-Lunette-Lab-Diamond-Ring-_1_3-ct_-tw_-14K-White-Gold-BE2D6532LC\3d_model\BE2D6532LC_RENDER.glb,243.8,TRUE,https://www.brilliantearth.com/Luxe-Lunette-Lab-Diamond-Ring-(1/3-ct.-tw.)-14K-White-Gold-BE2D6532LC/
2D6013,Luxe Nadia Contoured Diamond Ring,luxe-nadia-contoured-diamond-ring,"Modern Collection,Nature Collection",Modern Collection,"Yellow Gold, White Gold",18K,BE2D6013_RENDER.glb,C:\brileent earth\2D6013_Luxe-Nadia-Contoured-Diamond-Ring-Gold-BE2D6013\3d_model\BE2D6013_RENDER.glb,140.6,TRUE,https://www.brilliantearth.com/Luxe-Nadia-Contoured-Diamond-Ring-Gold-BE2D6013/
2D327,Luxe Secret Garden Diamond Ring,luxe-secret-garden-diamond-ring,Nature Collection,Nature Collection,"Yellow Gold, White Gold, Rose Gold, Platinum","14K, 18K, N/A",BE2D327_RENDER.glb,C:\brileent earth\2D327_Luxe-Secret-Garden-Diamond-Ring-14K-Gold-BE2D327\3d_model\BE2D327_RENDER.glb,182.5,TRUE,https://www.brilliantearth.com/Luxe-Secret-Garden-Diamond-Ring-14K-Gold-BE2D327/
2D669,Luxe Veranda Diamond Ring,luxe-veranda-diamond-ring,Nature Collection,Nature Collection,"Yellow Gold, White Gold, Rose Gold, Platinum","14K, 18K, N/A",BE2D669_RENDER.glb,C:\brileent earth\2D669_Luxe-Veranda-Diamond-Ring-14K-White-Gold-BE2D669\3d_model\BE2D669_RENDER.glb,513.5,TRUE,https://www.brilliantearth.com/Luxe-Veranda-Diamond-Ring-14K-White-Gold-BE2D669/
2D204,Luxe Willow Curved Diamond Ring,luxe-willow-curved-diamond-ring,Nature Collection,Nature Collection,"Yellow Gold, White Gold, Rose Gold, Platinum","14K, 18K, N/A",BE2D204_RENDER.glb,C:\brileent earth\2D204_Luxe-Willow-Curved-Diamond-Ring-14K-Gold-BE2D204\3d_model\BE2D204_RENDER.glb,223.9,TRUE,https://www.brilliantearth.com/Luxe-Willow-Curved-Diamond-Ring-14K-Gold-BE2D204/
2564LD,Luxe Winding Willow Diamond Ring (1/4 ct. tw.),luxe-winding-willow-diamond-ring-1-4-ct-tw,"Nature Collection,Customer Favorites Collection",Nature Collection,"Yellow Gold, White Gold, Rose Gold, Platinum","14K, 18K, N/A",BE2564LD_RENDER.glb,C:\brileent earth\2564LD_Luxe-Winding-Willow-Diamond-Ring-_1_4-ct_-tw_-14K-White-Gold-BE2564LD\3d_model\BE2564LD_RENDER.glb,347.1,TRUE,https://www.brilliantearth.com/Luxe-Winding-Willow-Diamond-Ring-(1/4-ct.-tw.)-14K-White-Gold-BE2564LD/
2D2565,Luxe Winding Willow Eternity Diamond Ring (1/2 ct. tw.),luxe-winding-willow-eternity-diamond-ring-1-2-ct-tw,Nature Collection,Nature Collection,"Yellow Gold, White Gold, Rose Gold, Platinum","14K, 18K, N/A",BE2D2565_RENDER.glb,C:\brileent earth\2D2565_Luxe-Winding-Willow-Eternity-Diamond-Ring-_1_2-ct_-tw_-14K-White-Gold-BE2D2565\3d_model\BE2D2565_RENDER.glb,627.9,TRUE,https://www.brilliantearth.com/Luxe-Winding-Willow-Eternity-Diamond-Ring-(1/2-ct.-tw.)-14K-White-Gold-BE2D2565/
2D383,Luxe Wren Diamond Open Ring,luxe-wren-diamond-open-ring,"Luxe Collection,Nature Collection,Open Collection",Nature Collection,"Yellow Gold, White Gold, Rose Gold, Platinum","14K, 18K, N/A",BE2D383_RENDER.glb,C:\brileent earth\2D383_Luxe-Wren-Diamond-Open-Ring-14K-Gold-BE2D383\3d_model\BE2D383_RENDER.glb,65.9,TRUE,https://www.brilliantearth.com/Luxe-Wren-Diamond-Open-Ring-14K-Gold-BE2D383/
2D2850,Lyric Diamond Open Ring (3/4 ct. tw.),lyric-diamond-open-ring-3-4-ct-tw,"Classic Collection,Modern Collection,Luxe Collection,Open Collection",Classic Collection,"Rose Gold, Yellow Gold, White Gold, Platinum","14K, 18K, N/A",BE2D2850_RENDER.glb,C:\brileent earth\2D2850_Lyric-Diamond-Open-Ring-_3_4-ct_-tw_-White-Gold-BE2D2850\3d_model\BE2D2850_RENDER.glb,235.9,TRUE,https://www.brilliantearth.com/Lyric-Diamond-Open-Ring-(3/4-ct.-tw.)-White-Gold-BE2D2850/
2D1833,Lyric Scalloped Pavé Diamond Ring,lyric-scalloped-pav-diamond-ring,"Classic Collection,Luxe Collection",Classic Collection,"Yellow Gold, White Gold",18K,BE2D1833_RENDER.glb,C:\brileent earth\2D1833_Lyric-Scalloped-Pav├⌐-Diamond-Ring-White-Gold-BE2D1833\3d_model\BE2D1833_RENDER.glb,133.3,TRUE,https://www.brilliantearth.com/Lyric-Scalloped-Pav├⌐-Diamond-Ring-White-Gold-BE2D1833/
2D5894,Mara Double Contoured Diamond Ring,mara-double-contoured-diamond-ring,"Classic Collection,Modern Collection",Classic Collection,"Yellow Gold, White Gold, Rose Gold, Platinum","14K, 18K, N/A",BE2D5894_RENDER.glb,C:\brileent earth\2D5894_Mara-Double-Contoured-Diamond-Ring-14K-Gold-BE2D5894\3d_model\BE2D5894_RENDER.glb,281.0,TRUE,https://www.brilliantearth.com/Mara-Double-Contoured-Diamond-Ring-14K-Gold-BE2D5894/
2D2110,Marseille Half Coverage Diamond Ring (1/3 ct. tw.),marseille-half-coverage-diamond-ring-1-3-ct-tw,"Classic Collection,Modern Collection,Customer Favorites Collection",Classic Collection,"Yellow Gold, White Gold, Rose Gold, Platinum","14K, 18K, N/A",BE2D2110_RENDER.glb,C:\brileent earth\2D2110_Marseille-Half-Coverage-Diamond-Ring-_1_3-ct_-tw_-14K-Gold-BE2D2110\3d_model\BE2D2110_RENDER.glb,195.9,TRUE,https://www.brilliantearth.com/Marseille-Half-Coverage-Diamond-Ring-(1/3-ct.-tw.)-14K-Gold-BE2D2110/
2D2110LC,Marseille Half Coverage Lab Diamond Ring (1/3 ct. tw.),marseille-half-coverage-lab-diamond-ring-1-3-ct-tw,"Classic Collection,Modern Collection,Customer Favorites Collection",Classic Collection,"Yellow Gold, White Gold, Rose Gold, Platinum","14K, 18K, N/A",BE2D2110LC_RENDER.glb,C:\brileent earth\2D2110LC_Marseille-Half-Coverage-Lab-Diamond-Ring-_1_3-ct_-tw_-14K-Gold-BE2D2110LC\3d_model\BE2D2110LC_RENDER.glb,195.9,TRUE,https://www.brilliantearth.com/Marseille-Half-Coverage-Lab-Diamond-Ring-(1/3-ct.-tw.)-14K-Gold-BE2D2110LC/
2D2774,Marseille Three-Quarter Coverage Diamond Ring (1/2 ct. tw.),marseille-three-quarter-coverage-diamond-ring-1-2-ct-tw,"Classic Collection,Modern Collection",Classic Collection,"Yellow Gold, White Gold, Rose Gold, Platinum","14K, 18K, N/A",BE2D2774_RENDER.glb,C:\brileent earth\2D2774_Marseille-Three-Quarter-Coverage-Diamond-Ring-_1_2-ct_-tw_-14K-Gold-BE2D2774\3d_model\BE2D2774_RENDER.glb,401.0,TRUE,https://www.brilliantearth.com/Marseille-Three-Quarter-Coverage-Diamond-Ring-(1/2-ct.-tw.)-14K-Gold-BE2D2774/
2D419,Melange Aimee Eternity Diamond Ring,melange-aimee-eternity-diamond-ring,Modern Collection,Modern Collection,"Yellow Gold, White Gold, Rose Gold, Platinum","14K, 18K, N/A",BE2D419_RENDER.glb,C:\brileent earth\2D419_Melange-Aimee-Eternity-Diamond-Ring-14K-Gold-BE2D419\3d_model\BE2D419_RENDER.glb,246.7,TRUE,https://www.brilliantearth.com/Melange-Aimee-Eternity-Diamond-Ring-14K-Gold-BE2D419/
2D419LC,Melange Aimee Eternity Lab Diamond Ring,melange-aimee-eternity-lab-diamond-ring,Modern Collection,Modern Collection,"Yellow Gold, White Gold, Rose Gold, Platinum","14K, 18K, N/A",BE2D419LC_RENDER.glb,C:\brileent earth\2D419LC_Melange-Aimee-Eternity-Lab-Diamond-Ring-14K-Gold-BE2D419LC\3d_model\BE2D419LC_RENDER.glb,246.7,TRUE,https://www.brilliantearth.com/Melange-Aimee-Eternity-Lab-Diamond-Ring-14K-Gold-BE2D419LC/
2D063,Mel Mixed Shape Contour Diamond Ring,mel-mixed-shape-contour-diamond-ring,Modern Collection,Modern Collection,"Yellow Gold, White Gold",18K,BE2D063_RENDER.glb,C:\brileent earth\2D063_Mel-Mixed-Shape-Contour-Diamond-Ring-Gold-BE2D063\3d_model\BE2D063_RENDER.glb,109.0,TRUE,https://www.brilliantearth.com/Mel-Mixed-Shape-Contour-Diamond-Ring-Gold-BE2D063/
2D943,Melody Contoured Diamond Ring (1/6 ct. tw.),melody-contoured-diamond-ring-1-6-ct-tw,"Classic Collection,Modern Collection",Classic Collection,"Yellow Gold, White Gold, Rose Gold, Platinum","14K, 18K, N/A",BE2D943_RENDER.glb,C:\brileent earth\2D943_Melody-Contoured-Diamond-Ring-_1_6-ct_-tw_-White-Gold-BE2D943\3d_model\BE2D943_RENDER.glb,246.1,TRUE,https://www.brilliantearth.com/Melody-Contoured-Diamond-Ring-(1/6-ct.-tw.)-White-Gold-BE2D943/
2D6273,Melody Contoured Diamond Ring (1/8 ct. tw.),melody-contoured-diamond-ring-1-8-ct-tw,Nature Collection,Nature Collection,"Yellow Gold, White Gold, Rose Gold, Platinum","14K, 18K, N/A",BE2D6273_RENDER.glb,C:\brileent earth\2D6273_Melody-Contoured-Diamond-Ring-_1_8-ct_-tw_-14K-White-Gold-BE2D6273\3d_model\BE2D6273_RENDER.glb,173.0,TRUE,https://www.brilliantearth.com/Melody-Contoured-Diamond-Ring-(1/8-ct.-tw.)-14K-White-Gold-BE2D6273/
2D943LC,Melody Contoured Lab Diamond Ring (1/6 ct. tw.),melody-contoured-lab-diamond-ring-1-6-ct-tw,"Classic Collection,Modern Collection",Classic Collection,"Yellow Gold, White Gold, Rose Gold, Platinum","14K, 18K, N/A",BE2D943LC_RENDER.glb,C:\brileent earth\2D943LC_Melody-Contoured-Lab-Diamond-Ring-_1_6-ct_-tw_-White-Gold-BE2D943LC\3d_model\BE2D943LC_RENDER.glb,246.1,TRUE,https://www.brilliantearth.com/Melody-Contoured-Lab-Diamond-Ring-(1/6-ct.-tw.)-White-Gold-BE2D943LC/
2D642,Memoir Baguette Diamond Ring (3/4 ct. tw.),memoir-baguette-diamond-ring-3-4-ct-tw,"Classic Collection,Modern Collection",Classic Collection,White Gold,18K,BE2D642_RENDER.glb,C:\brileent earth\2D642_Memoir-Baguette-Diamond-Ring-_3_4-ct_-tw_-White-Gold-BE2D642\3d_model\BE2D642_RENDER.glb,205.0,TRUE,https://www.brilliantearth.com/Memoir-Baguette-Diamond-Ring-(3/4-ct.-tw.)-White-Gold-BE2D642/
2D6161,Meredith Graduated Diamond Ring (1 ct. tw.),meredith-graduated-diamond-ring-1-ct-tw,"Classic Collection,Luxe Collection",Classic Collection,"Yellow Gold, White Gold",18K,BE2D6161_RENDER.glb,C:\brileent earth\2D6161_Meredith-Graduated-Diamond-Ring-_1-ct_-tw_-Gold-BE2D6161\3d_model\BE2D6161_RENDER.glb,187.5,TRUE,https://www.brilliantearth.com/Meredith-Graduated-Diamond-Ring-(1-ct.-tw.)-Gold-BE2D6161/
2D51210,Milan Diamond Ring (1/5 ct. tw.),milan-diamond-ring-1-5-ct-tw,"Classic Collection,Modern Collection",Classic Collection,"Yellow Gold, White Gold, Rose Gold, Platinum","14K, 18K, N/A",BE2D51210_RENDER.glb,C:\brileent earth\2D51210_Milan-Diamond-Ring-_1_5-ct_-tw_-14K-Gold-BE2D51210\3d_model\BE2D51210_RENDER.glb,297.8,TRUE,https://www.brilliantearth.com/Milan-Diamond-Ring-(1/5-ct.-tw.)-14K-Gold-BE2D51210/
2D51211,Milan Eternity Diamond Ring (1/3 ct. tw.),milan-eternity-diamond-ring-1-3-ct-tw,"Classic Collection,Modern Collection",Classic Collection,"Yellow Gold, White Gold",18K,BE2D51211_RENDER.glb,C:\brileent earth\2D51211_Milan-Eternity-Diamond-Ring-_1_3-ct_-tw_-Gold-BE2D51211\3d_model\BE2D51211_RENDER.glb,460.0,TRUE,https://www.brilliantearth.com/Milan-Eternity-Diamond-Ring-(1/3-ct.-tw.)-Gold-BE2D51211/
2D7159,Mixed Metal Yvette Diamond Ring,mixed-metal-yvette-diamond-ring,Nature Collection,Nature Collection,"Rose Gold, Yellow Gold","14K, 18K",BE2D7159_RENDER.glb,C:\brileent earth\2D7159_Mixed-Metal-Yvette-Diamond-Ring-Rose-Gold-BE2D7159\3d_model\BE2D7159_RENDER.glb,293.8,TRUE,https://www.brilliantearth.com/Mixed-Metal-Yvette-Diamond-Ring-Rose-Gold-BE2D7159/
2D829,Monaco Diamond Ring (3/4 ct. tw.),monaco-diamond-ring-3-4-ct-tw,"Classic Collection,Luxe Collection,Modern Collection",Classic Collection,"Yellow Gold, White Gold, Rose Gold, Platinum","14K, 18K, N/A",BE2D829_RENDER.glb,C:\brileent earth\2D829_Monaco-Diamond-Ring-_3_4-ct_-tw_-14K-Gold-BE2D829\3d_model\BE2D829_RENDER.glb,132.5,TRUE,https://www.brilliantearth.com/Monaco-Diamond-Ring-(3/4-ct.-tw.)-14K-Gold-BE2D829/
2D829LC,Monaco Lab Diamond Ring (3/4 ct. tw.),monaco-lab-diamond-ring-3-4-ct-tw,"Classic Collection,Modern Collection,Luxe Collection",Classic Collection,"Yellow Gold, White Gold, Rose Gold, Platinum","14K, 18K, N/A",BE2D829LC_RENDER.glb,C:\brileent earth\2D829LC_Monaco-Lab-Diamond-Ring-_3_4-ct_-tw_-14K-Gold-BE2D829LC\3d_model\BE2D829LC_RENDER.glb,132.5,TRUE,https://www.brilliantearth.com/Monaco-Lab-Diamond-Ring-(3/4-ct.-tw.)-14K-Gold-BE2D829LC/
2D3932,Monaco Oval Diamond Ring,monaco-oval-diamond-ring,"Classic Collection,Modern Collection,Luxe Collection",Classic Collection,White Gold,18K,BE2D3932_RENDER.glb,C:\brileent earth\2D3932_Monaco-Oval-Diamond-Ring-White-Gold-BE2D3932\3d_model\BE2D3932_RENDER.glb,131.4,TRUE,https://www.brilliantearth.com/Monaco-Oval-Diamond-Ring-White-Gold-BE2D3932/
2D482,Monaco Three-Quarter Coverage Diamond Ring,monaco-three-quarter-coverage-diamond-ring,Classic Collection,Classic Collection,"Yellow Gold, White Gold, Rose Gold, Platinum","14K, 18K, N/A",BE2D482_RENDER.glb,C:\brileent earth\2D482_Monaco-Three-Quarter-Coverage-Diamond-Ring-14K-White-Gold-BE2D482\3d_model\BE2D482_RENDER.glb,140.4,TRUE,https://www.brilliantearth.com/Monaco-Three-Quarter-Coverage-Diamond-Ring-14K-White-Gold-BE2D482/
2D482LC,Monaco Three-Quarter Coverage Lab Diamond Ring,monaco-three-quarter-coverage-lab-diamond-ring,Classic Collection,Classic Collection,"Yellow Gold, White Gold, Rose Gold, Platinum","14K, 18K, N/A",BE2D482LC_RENDER.glb,C:\brileent earth\2D482LC_Monaco-Three-Quarter-Coverage-Lab-Diamond-Ring-14K-White-Gold-BE2D482LC\3d_model\BE2D482LC_RENDER.glb,147.9,TRUE,https://www.brilliantearth.com/Monaco-Three-Quarter-Coverage-Lab-Diamond-Ring-14K-White-Gold-BE2D482LC/
2D8474,Mosaic Lotus Pear and Round Diamond Ring,mosaic-lotus-pear-and-round-diamond-ring,"Modern Collection,Nature Collection",Modern Collection,"Yellow Gold, White Gold, Rose Gold, Platinum","14K, 18K, N/A",BE2D8474_RENDER.glb,C:\brileent earth\2D8474_Mosaic-Lotus-Pear-and-Round-Diamond-Ring-Gold-BE2D8474\3d_model\BE2D8474_RENDER.glb,648.9,TRUE,https://www.brilliantearth.com/Mosaic-Lotus-Pear-and-Round-Diamond-Ring-Gold-BE2D8474/
2D8474LC,Mosaic Lotus Pear and Round Lab Diamond Ring,mosaic-lotus-pear-and-round-lab-diamond-ring,"Modern Collection,Nature Collection",Modern Collection,"Yellow Gold, White Gold, Rose Gold, Platinum","14K, 18K, N/A",BE2D8474LC_RENDER.glb,C:\brileent earth\2D8474LC_Mosaic-Lotus-Pear-and-Round-Lab-Diamond-Ring-Gold-BE2D8474LC\3d_model\BE2D8474LC_RENDER.glb,3247.4,TRUE,https://www.brilliantearth.com/Mosaic-Lotus-Pear-and-Round-Lab-Diamond-Ring-Gold-BE2D8474LC/
2D480,Mosaic Nadia Diamond Ring,mosaic-nadia-diamond-ring,"Modern Collection,Nature Collection",Modern Collection,"Yellow Gold, White Gold, Rose Gold, Platinum","14K, 18K, N/A",BE2D480_RENDER.glb,C:\brileent earth\2D480_Mosaic-Nadia-Diamond-Ring-14K-Gold-BE2D480\3d_model\BE2D480_RENDER.glb,541.1,TRUE,https://www.brilliantearth.com/Mosaic-Nadia-Diamond-Ring-14K-Gold-BE2D480/
2D480LC,Mosaic Nadia Lab Diamond Ring,mosaic-nadia-lab-diamond-ring,"Modern Collection,Nature Collection",Modern Collection,"Yellow Gold, White Gold, Rose Gold, Platinum","14K, 18K, N/A",BE2D480LC_RENDER.glb,C:\brileent earth\2D480LC_Mosaic-Nadia-Lab-Diamond-Ring-14K-Gold-BE2D480LC\3d_model\BE2D480LC_RENDER.glb,346.4,TRUE,https://www.brilliantearth.com/Mosaic-Nadia-Lab-Diamond-Ring-14K-Gold-BE2D480LC/
2D484,Mosaic Olivetta Diamond Ring (3/4 ct. tw.),mosaic-olivetta-diamond-ring-3-4-ct-tw,"Classic Collection,Modern Collection,Nature Collection",Classic Collection,"Yellow Gold, White Gold, Rose Gold, Platinum","14K, 18K, N/A",BE2D484_RENDER.glb,C:\brileent earth\2D484_Mosaic-Olivetta-Diamond-Ring-_3_4-ct_-tw_-14K-Gold-BE2D484\3d_model\BE2D484_RENDER.glb,513.0,TRUE,https://www.brilliantearth.com/Mosaic-Olivetta-Diamond-Ring-(3/4-ct.-tw.)-14K-Gold-BE2D484/
2D484LC,Mosaic Olivetta Lab Diamond Ring (3/4 ct. tw.),mosaic-olivetta-lab-diamond-ring-3-4-ct-tw,"Classic Collection,Modern Collection,Nature Collection",Classic Collection,"Yellow Gold, White Gold, Rose Gold, Platinum","14K, 18K, N/A",BE2D484LC_RENDER.glb,C:\brileent earth\2D484LC_Mosaic-Olivetta-Lab-Diamond-Ring-_3_4-ct_-tw_-14K-Gold-BE2D484LC\3d_model\BE2D484LC_RENDER.glb,511.8,TRUE,https://www.brilliantearth.com/Mosaic-Olivetta-Lab-Diamond-Ring-(3/4-ct.-tw.)-14K-Gold-BE2D484LC/
2D8114,Nadia Contour Diamond Ring,nadia-contour-diamond-ring,"Nature Collection,Antique Collection",Nature Collection,"Yellow Gold, White Gold, Rose Gold, Platinum","14K, 18K, N/A",BE2D8114_RENDER.glb,C:\brileent earth\2D8114_Nadia-Contour-Diamond-Ring-14K-Gold-BE2D8114\3d_model\BE2D8114_RENDER.glb,227.8,TRUE,https://www.brilliantearth.com/Nadia-Contour-Diamond-Ring-14K-Gold-BE2D8114/
2D8114LC,Nadia Contour Lab Diamond Ring,nadia-contour-lab-diamond-ring,"Nature Collection,Antique Collection",Nature Collection,"Yellow Gold, White Gold, Rose Gold, Platinum","14K, 18K, N/A",BE2D8114LC_RENDER.glb,C:\brileent earth\2D8114LC_Nadia-Contour-Lab-Diamond-Ring-14K-Gold-BE2D8114LC\3d_model\BE2D8114LC_RENDER.glb,227.8,TRUE,https://www.brilliantearth.com/Nadia-Contour-Lab-Diamond-Ring-14K-Gold-BE2D8114LC/
2D7796,Nadia Eternity Diamond Ring,nadia-eternity-diamond-ring,"Luxe Collection,Nature Collection",Nature Collection,"Yellow Gold, White Gold, Rose Gold, Platinum","14K, 18K, N/A",BE2D7796_RENDER.glb,C:\brileent earth\2D7796_Nadia-Eternity-Diamond-Ring-14K-Gold-BE2D7796\3d_model\BE2D7796_RENDER.glb,258.1,TRUE,https://www.brilliantearth.com/Nadia-Eternity-Diamond-Ring-14K-Gold-BE2D7796/
2D7796LC,Nadia Eternity Lab Diamond Ring,nadia-eternity-lab-diamond-ring,"Luxe Collection,Nature Collection",Nature Collection,"Yellow Gold, White Gold, Rose Gold, Platinum","14K, 18K, N/A",BE2D7796LC_RENDER.glb,C:\brileent earth\2D7796LC_Nadia-Eternity-Lab-Diamond-Ring-14K-Gold-BE2D7796LC\3d_model\BE2D7796LC_RENDER.glb,258.1,TRUE,https://www.brilliantearth.com/Nadia-Eternity-Lab-Diamond-Ring-14K-Gold-BE2D7796LC/
2D4156,Nathalie Contour Oval Diamond Ring (1/2 ct. tw.),nathalie-contour-oval-diamond-ring-1-2-ct-tw,Classic Collection,Classic Collection,"Yellow Gold, White Gold, Rose Gold, Platinum","14K, 18K, N/A",BE2D4156_RENDER.glb,C:\brileent earth\2D4156_Nathalie-Contour-Oval-Diamond-Ring-_1_2-ct_-tw_-Gold-BE2D4156\3d_model\BE2D4156_RENDER.glb,172.2,TRUE,https://www.brilliantearth.com/Nathalie-Contour-Oval-Diamond-Ring-(1/2-ct.-tw.)-Gold-BE2D4156/
2D4156LC,Nathalie Contour Oval Lab Diamond Ring (1/2 ct. tw.),nathalie-contour-oval-lab-diamond-ring-1-2-ct-tw,Classic Collection,Classic Collection,"Yellow Gold, White Gold, Rose Gold, Platinum","14K, 18K, N/A",BE2D4156LC_RENDER.glb,C:\brileent earth\2D4156LC_Nathalie-Contour-Oval-Lab-Diamond-Ring-_1_2-ct_-tw_-Gold-BE2D4156LC\3d_model\BE2D4156LC_RENDER.glb,248.6,TRUE,https://www.brilliantearth.com/Nathalie-Contour-Oval-Lab-Diamond-Ring-(1/2-ct.-tw.)-Gold-BE2D4156LC/
2D741,Nathalie Emerald-Cut and Asscher Diamond Contour Ring (2/3 ct. tw.),nathalie-emerald-cut-and-asscher-diamond-contour-ring-2-3-ct-tw,Modern Collection,Modern Collection,"Yellow Gold, White Gold, Rose Gold, Platinum","14K, 18K, N/A",BE2D741_RENDER.glb,C:\brileent earth\2D741_Nathalie-Emerald-Cut-and-Asscher-Diamond-Contour-Ring-_2_3-ct_-tw_-14K-Gold-BE2D741\3d_model\BE2D741_RENDER.glb,303.3,TRUE,https://www.brilliantearth.com/Nathalie-Emerald-Cut-and-Asscher-Diamond-Contour-Ring-(2/3-ct.-tw.)-14K-Gold-BE2D741/
2D741LC,Nathalie Emerald-Cut and Asscher Lab Diamond Contour Ring (2/3 ct. tw.),nathalie-emerald-cut-and-asscher-lab-diamond-contour-ring-2-3-ct-tw,Modern Collection,Modern Collection,"Yellow Gold, White Gold, Rose Gold, Platinum","14K, 18K, N/A",BE2D741LC_RENDER.glb,C:\brileent earth\2D741LC_Nathalie-Emerald-Cut-and-Asscher-Lab-Diamond-Contour-Ring-_2_3-ct_-tw_-14K-Gold-BE2D741LC\3d_model\BE2D741LC_RENDER.glb,303.3,TRUE,https://www.brilliantearth.com/Nathalie-Emerald-Cut-and-Asscher-Lab-Diamond-Contour-Ring-(2/3-ct.-tw.)-14K-Gold-BE2D741LC/
2D3425,Nathalie Emerald Cut Diamond Ring,nathalie-emerald-cut-diamond-ring,"Classic Collection,Luxe Collection",Classic Collection,"Yellow Gold, White Gold, Rose Gold, Platinum","14K, 18K, N/A",BE2D3425_RENDER.glb,C:\brileent earth\2D3425_Nathalie-Emerald-Cut-Diamond-Ring-14K-Gold-BE2D3425\3d_model\BE2D3425_RENDER.glb,180.5,TRUE,https://www.brilliantearth.com/Nathalie-Emerald-Cut-Diamond-Ring-14K-Gold-BE2D3425/
2D3426LC,Nathalie Emerald Cut Eternity Lab Diamond Ring (1 ct. tw.),nathalie-emerald-cut-eternity-lab-diamond-ring-1-ct-tw,Modern Collection,Modern Collection,"Yellow Gold, White Gold, Rose Gold, Platinum","14K, 18K, N/A",BE2D3426LC_RENDER.glb,C:\brileent earth\2D3426LC_Nathalie-Emerald-Cut-Eternity-Lab-Diamond-Ring-_1-ct_-tw_-14K-White-Gold-BE2D3426LC\3d_model\BE2D3426LC_RENDER.glb,308.2,TRUE,https://www.brilliantearth.com/Nathalie-Emerald-Cut-Eternity-Lab-Diamond-Ring-(1-ct.-tw.)-14K-White-Gold-BE2D3426LC/
2D854LC,Nathalie Emerald Cut Eternity Lab Diamond Ring (2 ct. tw.),nathalie-emerald-cut-eternity-lab-diamond-ring-2-ct-tw,Classic Collection,Classic Collection,"Yellow Gold, White Gold, Rose Gold, Platinum","14K, 18K, N/A",BE2D854LC_RENDER.glb,C:\brileent earth\2D854LC_Nathalie-Emerald-Cut-Eternity-Lab-Diamond-Ring-_2-ct_-tw_-14K-Gold-BE2D854LC\3d_model\BE2D854LC_RENDER.glb,299.5,TRUE,https://www.brilliantearth.com/Nathalie-Emerald-Cut-Eternity-Lab-Diamond-Ring-(2-ct.-tw.)-14K-Gold-BE2D854LC/
2D3438LC,Nathalie Emerald Cut Lab Diamond Ring (2 1/2 ct. tw.),nathalie-emerald-cut-lab-diamond-ring-2-1-2-ct-tw,Classic Collection,Classic Collection,"Yellow Gold, White Gold, Rose Gold, Platinum","14K, 18K, N/A",BE2D3438LC_RENDER.glb,C:\brileent earth\2D3438LC_Nathalie-Emerald-Cut-Lab-Diamond-Ring-_2-1_2-ct_-tw_-14K-Gold-BE2D3438LC\3d_model\BE2D3438LC_RENDER.glb,408.9,TRUE,https://www.brilliantearth.com/Nathalie-Emerald-Cut-Lab-Diamond-Ring-(2-1/2-ct.-tw.)-14K-Gold-BE2D3438LC/
2D3425LC,Nathalie Emerald Cut Lab Diamond Ring,nathalie-emerald-cut-lab-diamond-ring,"Classic Collection,Luxe Collection",Classic Collection,"Yellow Gold, White Gold, Rose Gold, Platinum","14K, 18K, N/A",BE2D3425LC_RENDER.glb,C:\brileent earth\2D3425LC_Nathalie-Emerald-Cut-Lab-Diamond-Ring-14K-Gold-BE2D3425LC\3d_model\BE2D3425LC_RENDER.glb,1105.8,TRUE,https://www.brilliantearth.com/Nathalie-Emerald-Cut-Lab-Diamond-Ring-14K-Gold-BE2D3425LC/
2D851,Nathalie Oval Diamond Ring,nathalie-oval-diamond-ring,Classic Collection,Classic Collection,"Yellow Gold, White Gold, Rose Gold, Platinum","14K, 18K, N/A",BE2D851_RENDER.glb,C:\brileent earth\2D851_Nathalie-Oval-Diamond-Ring-14K-Gold-BE2D851\3d_model\BE2D851_RENDER.glb,194.0,TRUE,https://www.brilliantearth.com/Nathalie-Oval-Diamond-Ring-14K-Gold-BE2D851/
2D852LC,Nathalie Oval Eternity Lab Diamond Ring,nathalie-oval-eternity-lab-diamond-ring,Classic Collection,Classic Collection,"Yellow Gold, White Gold, Rose Gold, Platinum","14K, 18K, N/A",BE2D852LC_RENDER.glb,C:\brileent earth\2D852LC_Nathalie-Oval-Eternity-Lab-Diamond-Ring-14K-Gold-BE2D852LC\3d_model\BE2D852LC_RENDER.glb,136.4,TRUE,https://www.brilliantearth.com/Nathalie-Oval-Eternity-Lab-Diamond-Ring-14K-Gold-BE2D852LC/
2D851LC,Nathalie Oval Lab Diamond Ring,nathalie-oval-lab-diamond-ring,Classic Collection,Classic Collection,"Yellow Gold, White Gold, Rose Gold, Platinum","14K, 18K, N/A",BE2D851LC_RENDER.glb,C:\brileent earth\2D851LC_Nathalie-Oval-Lab-Diamond-Ring-14K-Gold-BE2D851LC\3d_model\BE2D851LC_RENDER.glb,194.0,TRUE,https://www.brilliantearth.com/Nathalie-Oval-Lab-Diamond-Ring-14K-Gold-BE2D851LC/
2D3428LC,Nathalie Radiant Cut Lab Diamond Ring (7/8 ct. tw.),nathalie-radiant-cut-lab-diamond-ring-7-8-ct-tw,Classic Collection,Classic Collection,"Yellow Gold, White Gold, Rose Gold, Platinum","14K, 18K, N/A",BE2D3428LC_RENDER.glb,C:\brileent earth\2D3428LC_Nathalie-Radiant-Cut-Lab-Diamond-Ring-_7_8-ct_-tw_-14K-Gold-BE2D3428LC\3d_model\BE2D3428LC_RENDER.glb,212.4,TRUE,https://www.brilliantearth.com/Nathalie-Radiant-Cut-Lab-Diamond-Ring-(7/8-ct.-tw.)-14K-Gold-BE2D3428LC/
2D8726,Naya Eternity Diamond Ring (1 1/2 ct. tw.),naya-eternity-diamond-ring-1-1-2-ct-tw,Luxe Collection,Luxe Collection,"Yellow Gold, White Gold, Rose Gold, Platinum","14K, 18K, N/A",BE2D8726_RENDER.glb,C:\brileent earth\2D8726_Naya-Eternity-Diamond-Ring-_1-1_2-ct_-tw_-14K-Gold-BE2D8726\3d_model\BE2D8726_RENDER.glb,666.9,TRUE,https://www.brilliantearth.com/Naya-Eternity-Diamond-Ring-(1-1/2-ct.-tw.)-14K-Gold-BE2D8726/
2D8726LC,Naya Eternity Lab Diamond Ring (1 1/2 ct. tw.),naya-eternity-lab-diamond-ring-1-1-2-ct-tw,Luxe Collection,Luxe Collection,"Yellow Gold, White Gold, Rose Gold, Platinum","14K, 18K, N/A",BE2D8726LC_RENDER.glb,C:\brileent earth\2D8726LC_Naya-Eternity-Lab-Diamond-Ring-_1-1_2-ct_-tw_-14K-Gold-BE2D8726LC\3d_model\BE2D8726LC_RENDER.glb,666.9,TRUE,https://www.brilliantearth.com/Naya-Eternity-Lab-Diamond-Ring-(1-1/2-ct.-tw.)-14K-Gold-BE2D8726LC/
2D539,Naya Half Coverage Diamond Ring (7/8 ct. tw.),naya-half-coverage-diamond-ring-7-8-ct-tw,Modern Collection,Modern Collection,"Yellow Gold, White Gold, Rose Gold, Platinum","14K, 18K, N/A",BE2D539_RENDER.glb,C:\brileent earth\2D539_Naya-Half-Coverage-Diamond-Ring-_7_8-ct_-tw_-14K-Gold-BE2D539\3d_model\BE2D539_RENDER.glb,646.4,TRUE,https://www.brilliantearth.com/Naya-Half-Coverage-Diamond-Ring-(7/8-ct.-tw.)-14K-Gold-BE2D539/
2D539LC,Naya Half Coverage Lab Diamond Ring (7/8 ct. tw.),naya-half-coverage-lab-diamond-ring-7-8-ct-tw,"Classic Collection,Luxe Collection,Modern Collection",Classic Collection,"Yellow Gold, White Gold, Rose Gold, Platinum","14K, 18K, N/A",BE2D539LC_RENDER.glb,C:\brileent earth\2D539LC_Naya-Half-Coverage-Lab-Diamond-Ring-_7_8-ct_-tw_-14K-Gold-BE2D539LC\3d_model\BE2D539LC_RENDER.glb,646.4,TRUE,https://www.brilliantearth.com/Naya-Half-Coverage-Lab-Diamond-Ring-(7/8-ct.-tw.)-14K-Gold-BE2D539LC/
2D2359,Nouveau Diamond Ring,nouveau-diamond-ring,"Modern Collection,Antique Collection",Modern Collection,"Yellow Gold, White Gold, Rose Gold, Platinum","14K, 18K, N/A",BE2D2359_RENDER.glb,C:\brileent earth\2D2359_Nouveau-Diamond-Ring-14K-White-Gold-BE2D2359\3d_model\BE2D2359_RENDER.glb,287.3,TRUE,https://www.brilliantearth.com/Nouveau-Diamond-Ring-14K-White-Gold-BE2D2359/
2D25241,Nova Diamond Ring (1/3 ct. tw.),nova-diamond-ring-1-3-ct-tw,"Modern Collection,Nature Collection,Antique Collection",Modern Collection,White Gold,18K,BE2D25241_RENDER.glb,C:\brileent earth\2D25241_Nova-Diamond-Ring-_1_3-ct_-tw_-White-Gold-BE2D25241\3d_model\BE2D25241_RENDER.glb,690.7,TRUE,https://www.brilliantearth.com/Nova-Diamond-Ring-(1/3-ct.-tw.)-White-Gold-BE2D25241/
2D17278,Odette Diamond Ring (1/4 ct. tw.),odette-diamond-ring-1-4-ct-tw,"Classic Collection,Antique Collection",Classic Collection,"Rose Gold, White Gold","14K, 18K",BE2D17278_RENDER.glb,C:\brileent earth\2D17278_Odette-Diamond-Ring-_1_4-ct_-tw_-Rose-Gold-BE2D17278\3d_model\BE2D17278_RENDER.glb,243.9,TRUE,https://www.brilliantearth.com/Odette-Diamond-Ring-(1/4-ct.-tw.)-Rose-Gold-BE2D17278/
2D2237,Olivetta Contoured Diamond Ring (1/2 ct. tw.),olivetta-contoured-diamond-ring-1-2-ct-tw,Nature Collection,Nature Collection,"Yellow Gold, White Gold, Rose Gold, Platinum","14K, 18K, N/A",BE2D2237_RENDER.glb,C:\brileent earth\2D2237_Olivetta-Contoured-Diamond-Ring-_1_2-ct_-tw_-White-Gold-BE2D2237\3d_model\BE2D2237_RENDER.glb,396.1,TRUE,https://www.brilliantearth.com/Olivetta-Contoured-Diamond-Ring-(1/2-ct.-tw.)-White-Gold-BE2D2237/
2D2237LC,Olivetta Contoured Lab Diamond Ring (1/2 ct. tw.),olivetta-contoured-lab-diamond-ring-1-2-ct-tw,Nature Collection,Nature Collection,"Yellow Gold, White Gold, Rose Gold, Platinum","14K, 18K, N/A",BE2D2237LC_RENDER.glb,C:\brileent earth\2D2237LC_Olivetta-Contoured-Lab-Diamond-Ring-_1_2-ct_-tw_-14K-Gold-BE2D2237LC\3d_model\BE2D2237LC_RENDER.glb,396.1,TRUE,https://www.brilliantearth.com/Olivetta-Contoured-Lab-Diamond-Ring-(1/2-ct.-tw.)-14K-Gold-BE2D2237LC/
2D813,Olivetta Diamond Open Ring,olivetta-diamond-open-ring,"Nature Collection,Open Collection",Nature Collection,"Yellow Gold, White Gold, Rose Gold, Platinum","14K, 18K, N/A",BE2D813_RENDER.glb,C:\brileent earth\2D813_Olivetta-Diamond-Open-Ring-14K-Gold-BE2D813\3d_model\BE2D813_RENDER.glb,136.7,TRUE,https://www.brilliantearth.com/Olivetta-Diamond-Open-Ring-14K-Gold-BE2D813/
2D757,Olivetta Double Row Eternity Diamond Ring,olivetta-double-row-eternity-diamond-ring,"Luxe Collection,Nature Collection",Nature Collection,"Yellow Gold, White Gold, Rose Gold, Platinum","14K, 18K, N/A",BE2D757_RENDER.glb,C:\brileent earth\2D757_Olivetta-Double-Row-Eternity-Diamond-Ring-14K-White-Gold-BE2D757\3d_model\BE2D757_RENDER.glb,222.8,TRUE,https://www.brilliantearth.com/Olivetta-Double-Row-Eternity-Diamond-Ring-14K-White-Gold-BE2D757/
2D757LC,Olivetta Double Row Eternity Lab Diamond Ring,olivetta-double-row-eternity-lab-diamond-ring,"Luxe Collection,Nature Collection",Nature Collection,"Yellow Gold, White Gold, Rose Gold, Platinum","14K, 18K, N/A",BE2D757LC_RENDER.glb,C:\brileent earth\2D757LC_Olivetta-Double-Row-Eternity-Lab-Diamond-Ring-14K-White-Gold-BE2D757LC\3d_model\BE2D757LC_RENDER.glb,222.4,TRUE,https://www.brilliantearth.com/Olivetta-Double-Row-Eternity-Lab-Diamond-Ring-14K-White-Gold-BE2D757LC/
2D983,Olivetta Eternity Bezel Diamond Ring (3/4 ct. tw.),olivetta-eternity-bezel-diamond-ring-3-4-ct-tw,"Modern Collection,Nature Collection",Modern Collection,"Yellow Gold, White Gold, Rose Gold, Platinum","14K, 18K, N/A",BE2D983_RENDER.glb,C:\brileent earth\2D983_Olivetta-Eternity-Bezel-Diamond-Ring-_3_4-ct_-tw_-Gold-BE2D983\3d_model\BE2D983_RENDER.glb,303.9,TRUE,https://www.brilliantearth.com/Olivetta-Eternity-Bezel-Diamond-Ring-(3/4-ct.-tw.)-Gold-BE2D983/
2D983LC,Olivetta Eternity Bezel Lab Diamond Ring (3/4 ct. tw.),olivetta-eternity-bezel-lab-diamond-ring-3-4-ct-tw,"Modern Collection,Nature Collection",Modern Collection,"Yellow Gold, White Gold, Rose Gold, Platinum","14K, 18K, N/A",BE2D983LC_RENDER.glb,C:\brileent earth\2D983LC_Olivetta-Eternity-Bezel-Lab-Diamond-Ring-_3_4-ct_-tw_-Gold-BE2D983LC\3d_model\BE2D983LC_RENDER.glb,303.9,TRUE,https://www.brilliantearth.com/Olivetta-Eternity-Bezel-Lab-Diamond-Ring-(3/4-ct.-tw.)-Gold-BE2D983LC/
2DE15103LC,Olivetta Eternity Lab Diamond Ring,olivetta-eternity-lab-diamond-ring,"Luxe Collection,Nature Collection,Statement Collection",Nature Collection,"Yellow Gold, White Gold, Rose Gold, Platinum","14K, 18K, N/A",BE2DE15103LC_RENDER.glb,C:\brileent earth\2DE15103LC_Olivetta-Eternity-Lab-Diamond-Ring-14K-Gold-BE2DE15103LC\3d_model\BE2DE15103LC_RENDER.glb,462.5,TRUE,https://www.brilliantearth.com/Olivetta-Eternity-Lab-Diamond-Ring-14K-Gold-BE2DE15103LC/
2D15103,Olivetta Half Coverage Diamond Ring,olivetta-half-coverage-diamond-ring,Nature Collection,Nature Collection,"Yellow Gold, White Gold, Rose Gold, Platinum","14K, 18K, N/A",BE2D15103_RENDER.glb,C:\brileent earth\2D15103_Olivetta-Half-Coverage-Diamond-Ring-14K-Gold-BE2D15103\3d_model\BE2D15103_RENDER.glb,221.2,TRUE,https://www.brilliantearth.com/Olivetta-Half-Coverage-Diamond-Ring-14K-Gold-BE2D15103/
2D15103LC,Olivetta Half Coverage Lab Diamond Ring,olivetta-half-coverage-lab-diamond-ring,Nature Collection,Nature Collection,"Yellow Gold, White Gold, Rose Gold, Platinum","14K, 18K, N/A",BE2D15103LC_RENDER.glb,C:\brileent earth\2D15103LC_Olivetta-Half-Coverage-Lab-Diamond-Ring-14K-Gold-BE2D15103LC\3d_model\BE2D15103LC_RENDER.glb,312.1,TRUE,https://www.brilliantearth.com/Olivetta-Half-Coverage-Lab-Diamond-Ring-14K-Gold-BE2D15103LC/
2D813LC,Olivetta Lab Diamond Open Ring,olivetta-lab-diamond-open-ring,"Nature Collection,Open Collection",Nature Collection,"Yellow Gold, White Gold, Rose Gold, Platinum","14K, 18K, N/A",BE2D813LC_RENDER.glb,C:\brileent earth\2D813LC_Olivetta-Lab-Diamond-Open-Ring-14K-Gold-BE2D813LC\3d_model\BE2D813LC_RENDER.glb,136.7,TRUE,https://www.brilliantearth.com/Olivetta-Lab-Diamond-Open-Ring-14K-Gold-BE2D813LC/
2D15104,Olivetta Three-Quarter Coverage Diamond Ring,olivetta-three-quarter-coverage-diamond-ring,"Luxe Collection,Nature Collection",Nature Collection,"Yellow Gold, White Gold, Rose Gold, Platinum","14K, 18K, N/A",BE2D15104_RENDER.glb,C:\brileent earth\2D15104_Olivetta-Three-Quarter-Coverage-Diamond-Ring-14K-Gold-BE2D15104\3d_model\BE2D15104_RENDER.glb,322.9,TRUE,https://www.brilliantearth.com/Olivetta-Three-Quarter-Coverage-Diamond-Ring-14K-Gold-BE2D15104/
2D15104LC,Olivetta Three-Quarter Coverage Lab Diamond Ring,olivetta-three-quarter-coverage-lab-diamond-ring,"Luxe Collection,Nature Collection",Nature Collection,"Yellow Gold, White Gold, Rose Gold, Platinum","14K, 18K, N/A",BE2D15104LC_RENDER.glb,C:\brileent earth\2D15104LC_Olivetta-Three-Quarter-Coverage-Lab-Diamond-Ring-14K-Gold-BE2D15104LC\3d_model\BE2D15104LC_RENDER.glb,322.9,TRUE,https://www.brilliantearth.com/Olivetta-Three-Quarter-Coverage-Lab-Diamond-Ring-14K-Gold-BE2D15104LC/
2D3633,Oval Diamond Toi Et Moi Nesting Ring (1 ct. tw.),oval-diamond-toi-et-moi-nesting-ring-1-ct-tw,"Modern Collection,Toi et Moi",Modern Collection,"Yellow Gold, White Gold, Rose Gold, Platinum","14K, 18K, N/A",BE2D3633_RENDER.glb,C:\brileent earth\2D3633_Oval-Diamond-Toi-Et-Moi-Nesting-Ring-_1-ct_-tw_-14K-Gold-BE2D3633\3d_model\BE2D3633_RENDER.glb,186.9,TRUE,https://www.brilliantearth.com/Oval-Diamond-Toi-Et-Moi-Nesting-Ring-(1-ct.-tw.)-14K-Gold-BE2D3633/
2D3629,Oval Diamond Trio Stacking Ring (1 ct. tw.),oval-diamond-trio-stacking-ring-1-ct-tw,Modern Collection,Modern Collection,"Yellow Gold, White Gold, Rose Gold, Platinum","14K, 18K, N/A",BE2D3629_RENDER.glb,C:\brileent earth\2D3629_Oval-Diamond-Trio-Stacking-Ring-_1-ct_-tw_-White-Gold-BE2D3629\3d_model\BE2D3629_RENDER.glb,191.6,TRUE,https://www.brilliantearth.com/Oval-Diamond-Trio-Stacking-Ring-(1-ct.-tw.)-White-Gold-BE2D3629/
2DOV200E,Oval Eternity Diamond Ring (2 ct. tw.),oval-eternity-diamond-ring-2-ct-tw,Classic Collection,Classic Collection,"Yellow Gold, White Gold, Rose Gold, Platinum","14K, 18K, N/A",BE2DOV200E_RENDER.glb,C:\brileent earth\2DOV200E_Oval-Eternity-Diamond-Ring-_2-ct_-tw_-14K-White-Gold-BE2DOV200E\3d_model\BE2DOV200E_RENDER.glb,286.0,TRUE,https://www.brilliantearth.com/Oval-Eternity-Diamond-Ring-(2-ct.-tw.)-14K-White-Gold-BE2DOV200E/
2DOV300E,Oval Eternity Diamond Ring (3 ct. tw.),oval-eternity-diamond-ring-3-ct-tw,Modern Collection,Modern Collection,"Yellow Gold, White Gold, Rose Gold, Platinum","14K, 18K, N/A",BE2DOV300E_RENDER.glb,C:\brileent earth\2DOV300E_Oval-Eternity-Diamond-Ring-_3-ct_-tw_-14K-White-Gold-BE2DOV300E\3d_model\BE2DOV300E_RENDER.glb,345.9,TRUE,https://www.brilliantearth.com/Oval-Eternity-Diamond-Ring-(3-ct.-tw.)-14K-White-Gold-BE2DOV300E/
2D400OVE,Oval Eternity Diamond Ring (4 ct. tw.),oval-eternity-diamond-ring-4-ct-tw,"Classic Collection,Luxe Collection",Classic Collection,"Yellow Gold, White Gold, Rose Gold, Platinum","14K, 18K, N/A",BE2D400OVE_RENDER.glb,C:\brileent earth\2D400OVE_Oval-Eternity-Diamond-Ring-_4-ct_-tw_-Rose-Gold-BE2D400OVE\3d_model\BE2D400OVE_RENDER.glb,476.8,TRUE,https://www.brilliantearth.com/Oval-Eternity-Diamond-Ring-(4-ct.-tw.)-Rose-Gold-BE2D400OVE/
2DOV200ELC,Oval Eternity Lab Diamond Ring (2 ct. tw.),oval-eternity-lab-diamond-ring-2-ct-tw,Classic Collection,Classic Collection,"Yellow Gold, White Gold, Rose Gold, Platinum","14K, 18K, N/A",BE2DOV200ELC_RENDER.glb,C:\brileent earth\2DOV200ELC_Oval-Eternity-Lab-Diamond-Ring-_2-ct_-tw_-14K-White-Gold-BE2DOV200ELC\3d_model\BE2DOV200ELC_RENDER.glb,284.6,TRUE,https://www.brilliantearth.com/Oval-Eternity-Lab-Diamond-Ring-(2-ct.-tw.)-14K-White-Gold-BE2DOV200ELC/
2DOV300ELC,Oval Eternity Lab Diamond Ring (3 ct. tw.),oval-eternity-lab-diamond-ring-3-ct-tw,Modern Collection,Modern Collection,"Yellow Gold, White Gold, Rose Gold, Platinum","14K, 18K, N/A",BE2DOV300ELC_RENDER.glb,C:\brileent earth\2DOV300ELC_Oval-Eternity-Lab-Diamond-Ring-_3-ct_-tw_-14K-White-Gold-BE2DOV300ELC\3d_model\BE2DOV300ELC_RENDER.glb,538.5,TRUE,https://www.brilliantearth.com/Oval-Eternity-Lab-Diamond-Ring-(3-ct.-tw.)-14K-White-Gold-BE2DOV300ELC/
2DOV400ELC,Oval Eternity Lab Diamond Ring (4 ct. tw.),oval-eternity-lab-diamond-ring-4-ct-tw,"Classic Collection,Luxe Collection",Classic Collection,"Yellow Gold, White Gold, Rose Gold, Platinum","14K, 18K, N/A",BE2DOV400ELC_RENDER.glb,C:\brileent earth\2DOV400ELC_Oval-Eternity-Lab-Diamond-Ring-_4-ct_-tw_-14K-Gold-BE2DOV400ELC\3d_model\BE2DOV400ELC_RENDER.glb,336.2,TRUE,https://www.brilliantearth.com/Oval-Eternity-Lab-Diamond-Ring-(4-ct.-tw.)-14K-Gold-BE2DOV400ELC/
2D3633LC,Oval Lab Diamond Toi Et Moi Nesting Ring (1 ct. tw.),oval-lab-diamond-toi-et-moi-nesting-ring-1-ct-tw,"Modern Collection,Toi et Moi",Modern Collection,"Yellow Gold, White Gold, Rose Gold, Platinum","14K, 18K, N/A",BE2D3633LC_RENDER.glb,C:\brileent earth\2D3633LC_Oval-Lab-Diamond-Toi-Et-Moi-Nesting-Ring-_1-ct_-tw_-14K-Gold-BE2D3633LC\3d_model\BE2D3633LC_RENDER.glb,186.9,TRUE,https://www.brilliantearth.com/Oval-Lab-Diamond-Toi-Et-Moi-Nesting-Ring-(1-ct.-tw.)-14K-Gold-BE2D3633LC/
2D3629LC,Oval Lab Diamond Trio Stacking Ring (1 ct. tw.),oval-lab-diamond-trio-stacking-ring-1-ct-tw,Modern Collection,Modern Collection,"Yellow Gold, White Gold, Rose Gold, Platinum","14K, 18K, N/A",BE2D3629LC_RENDER.glb,C:\brileent earth\2D3629LC_Oval-Lab-Diamond-Trio-Stacking-Ring-_1-ct_-tw_-White-Gold-BE2D3629LC\3d_model\BE2D3629LC_RENDER.glb,191.6,TRUE,https://www.brilliantearth.com/Oval-Lab-Diamond-Trio-Stacking-Ring-(1-ct.-tw.)-White-Gold-BE2D3629LC/
2D187LC,Oval Three-Quarter Coverage Lab Diamond Ring (1 1/2 ct. tw.),oval-three-quarter-coverage-lab-diamond-ring-1-1-2-ct-tw,Classic Collection,Classic Collection,"Yellow Gold, White Gold, Rose Gold, Platinum","14K, 18K, N/A",BE2D187LC_RENDER.glb,C:\brileent earth\2D187LC_Oval-Three-Quarter-Coverage-Lab-Diamond-Ring-_1-1_2-ct_-tw_-14K-White-Gold-BE2D187LC\3d_model\BE2D187LC_RENDER.glb,198.3,TRUE,https://www.brilliantearth.com/Oval-Three-Quarter-Coverage-Lab-Diamond-Ring-(1-1/2-ct.-tw.)-14K-White-Gold-BE2D187LC/
2D3632,Pear Diamond Toi Et Moi Nesting Ring (1 ct. tw.),pear-diamond-toi-et-moi-nesting-ring-1-ct-tw,"Modern Collection,Toi et Moi",Modern Collection,"Yellow Gold, White Gold, Rose Gold, Platinum","14K, 18K, N/A",BE2D3632_RENDER.glb,C:\brileent earth\2D3632_Pear-Diamond-Toi-Et-Moi-Nesting-Ring-_1-ct_-tw_-14K-Gold-BE2D3632\3d_model\BE2D3632_RENDER.glb,240.3,TRUE,https://www.brilliantearth.com/Pear-Diamond-Toi-Et-Moi-Nesting-Ring-(1-ct.-tw.)-14K-Gold-BE2D3632/
2D3630,Pear Diamond Trio Stacking Ring (1 ct. tw.),pear-diamond-trio-stacking-ring-1-ct-tw,Modern Collection,Modern Collection,"Yellow Gold, White Gold, Rose Gold, Platinum","14K, 18K, N/A",BE2D3630_RENDER.glb,C:\brileent earth\2D3630_Pear-Diamond-Trio-Stacking-Ring-_1-ct_-tw_-White-Gold-BE2D3630\3d_model\BE2D3630_RENDER.glb,110.9,TRUE,https://www.brilliantearth.com/Pear-Diamond-Trio-Stacking-Ring-(1-ct.-tw.)-White-Gold-BE2D3630/
2D9988LC,Pear Eternity Lab Diamond Ring (2 ct. tw.),pear-eternity-lab-diamond-ring-2-ct-tw,"Classic Collection,Luxe Collection,Modern Collection",Classic Collection,"Yellow Gold, White Gold, Rose Gold, Platinum","14K, 18K, N/A",BE2D9988LC_RENDER.glb,C:\brileent earth\2D9988LC_Pear-Eternity-Lab-Diamond-Ring-_2-ct_-tw_-14K-Gold-BE2D9988LC\3d_model\BE2D9988LC_RENDER.glb,248.0,TRUE,https://www.brilliantearth.com/Pear-Eternity-Lab-Diamond-Ring-(2-ct.-tw.)-14K-Gold-BE2D9988LC/
2D3632LC,Pear Lab Diamond Toi Et Moi Nesting Ring (1 ct. tw.),pear-lab-diamond-toi-et-moi-nesting-ring-1-ct-tw,"Modern Collection,Toi et Moi",Modern Collection,"Yellow Gold, White Gold, Rose Gold, Platinum","14K, 18K, N/A",BE2D3632LC_RENDER.glb,C:\brileent earth\2D3632LC_Pear-Lab-Diamond-Toi-Et-Moi-Nesting-Ring-_1-ct_-tw_-14K-Gold-BE2D3632LC\3d_model\BE2D3632LC_RENDER.glb,240.3,TRUE,https://www.brilliantearth.com/Pear-Lab-Diamond-Toi-Et-Moi-Nesting-Ring-(1-ct.-tw.)-14K-Gold-BE2D3632LC/
2D3630LC,Pear Lab Diamond Trio Stacking Ring (1 ct. tw.),pear-lab-diamond-trio-stacking-ring-1-ct-tw,Modern Collection,Modern Collection,"Yellow Gold, White Gold, Rose Gold, Platinum","14K, 18K, N/A",BE2D3630LC_RENDER.glb,C:\brileent earth\2D3630LC_Pear-Lab-Diamond-Trio-Stacking-Ring-_1-ct_-tw_-White-Gold-BE2D3630LC\3d_model\BE2D3630LC_RENDER.glb,110.9,TRUE,https://www.brilliantearth.com/Pear-Lab-Diamond-Trio-Stacking-Ring-(1-ct.-tw.)-White-Gold-BE2D3630LC/
2D145,Petal Contour Diamond Ring,petal-contour-diamond-ring,Nature Collection,Nature Collection,"Rose Gold, Yellow Gold, White Gold, Platinum","14K, 18K, N/A",BE2D145_RENDER.glb,C:\brileent earth\2D145_Petal-Contour-Diamond-Ring-Gold-BE2D145\3d_model\BE2D145_RENDER.glb,214.4,TRUE,https://www.brilliantearth.com/Petal-Contour-Diamond-Ring-Gold-BE2D145/
2D346,Petal Diamond Ring,petal-diamond-ring,Nature Collection,Nature Collection,"Rose Gold, Yellow Gold, White Gold, Platinum","14K, 18K, N/A",BE2D346_RENDER.glb,C:\brileent earth\2D346_Petal-Diamond-Ring-Rose-Gold-BE2D346\3d_model\BE2D346_RENDER.glb,326.2,TRUE,https://www.brilliantearth.com/Petal-Diamond-Ring-Rose-Gold-BE2D346/
2D8444LC,Petite Adelaide Curved Lab Diamond Ring (1/2 ct. tw.),petite-adelaide-curved-lab-diamond-ring-1-2-ct-tw,Luxe Collection,Luxe Collection,"Yellow Gold, White Gold, Rose Gold, Platinum","14K, 18K, N/A",BE2D8444LC_RENDER.glb,C:\brileent earth\2D8444LC_Petite-Adelaide-Curved-Lab-Diamond-Ring-_1_2-ct_-tw_-14K-Gold-BE2D8444LC\3d_model\BE2D8444LC_RENDER.glb,473.1,TRUE,https://www.brilliantearth.com/Petite-Adelaide-Curved-Lab-Diamond-Ring-(1/2-ct.-tw.)-14K-Gold-BE2D8444LC/
2D936,Petite Curved Diamond Ring (1/10 ct. tw.),petite-curved-diamond-ring-1-10-ct-tw,"Classic Collection,Customer Favorites Collection",Classic Collection,"Yellow Gold, White Gold, Rose Gold, Platinum","14K, 18K, N/A",BE2D936_RENDER.glb,C:\brileent earth\2D936_Petite-Curved-Diamond-Ring-_1_10-ct_-tw_-14K-White-Gold-BE2D936\3d_model\BE2D936_RENDER.glb,407.2,TRUE,https://www.brilliantearth.com/Petite-Curved-Diamond-Ring-(1/10-ct.-tw.)-14K-White-Gold-BE2D936/
2D933,Petite Curved Diamond Ring (1/5 ct. tw.),petite-curved-diamond-ring-1-5-ct-tw,Classic Collection,Classic Collection,"Yellow Gold, White Gold",18K,BE2D933_RENDER.glb,C:\brileent earth\2D933_Petite-Curved-Diamond-Ring-_1_5-ct_-tw_-Gold-BE2D933\3d_model\BE2D933_RENDER.glb,144.2,TRUE,https://www.brilliantearth.com/Petite-Curved-Diamond-Ring-(1/5-ct.-tw.)-Gold-BE2D933/
2D5899,Petite Lina Baguette Diamond Ring,petite-lina-baguette-diamond-ring,"Classic Collection,Modern Collection,Antique Collection",Classic Collection,"Yellow Gold, White Gold, Rose Gold, Platinum","14K, 18K, N/A",BE2D5899_RENDER.glb,C:\brileent earth\2D5899_Petite-Lina-Baguette-Diamond-Ring-14K-Gold-BE2D5899\3d_model\BE2D5899_RENDER.glb,291.4,TRUE,https://www.brilliantearth.com/Petite-Lina-Baguette-Diamond-Ring-14K-Gold-BE2D5899/
2D755,Petite Lunette Contour Diamond Ring (1/10 ct. tw.),petite-lunette-contour-diamond-ring-1-10-ct-tw,Classic Collection,Classic Collection,"Yellow Gold, White Gold, Rose Gold, Platinum","14K, 18K, N/A",BE2D755_RENDER.glb,C:\brileent earth\2D755_Petite-Lunette-Contour-Diamond-Ring-_1_10-ct_-tw_-14K-Gold-BE2D755\3d_model\BE2D755_RENDER.glb,162.9,TRUE,https://www.brilliantearth.com/Petite-Lunette-Contour-Diamond-Ring-(1/10-ct.-tw.)-14K-Gold-BE2D755/
2M9856,Petite Luxe Twisted Vine Diamond Ring (1/4 ct. tw.),petite-luxe-twisted-vine-diamond-ring-1-4-ct-tw,"Classic Collection,Nature Collection",Classic Collection,"Yellow Gold, White Gold, Rose Gold, Platinum","14K, 18K, N/A",BE2M9856_RENDER.glb,C:\brileent earth\2M9856_Petite-Luxe-Twisted-Vine-Diamond-Ring-_1_4-ct_-tw_-14K-White-Gold-BE2M9856\3d_model\BE2M9856_RENDER.glb,581.9,TRUE,https://www.brilliantearth.com/Petite-Luxe-Twisted-Vine-Diamond-Ring-(1/4-ct.-tw.)-14K-White-Gold-BE2M9856/
2PD50R50,Petite Shared Prong Eternity Diamond Ring (1/2 ct. tw.),petite-shared-prong-eternity-diamond-ring-1-2-ct-tw,"Classic Collection,Customer Favorites Collection",Classic Collection,White Gold,18K,BE2PD50R50_RENDER.glb,C:\brileent earth\2PD50R50_Petite-Shared-Prong-Eternity-Diamond-Ring-_1_2-ct_-tw_-White-Gold-BE2PD50R50\3d_model\BE2PD50R50_RENDER.glb,396.8,TRUE,https://www.brilliantearth.com/Petite-Shared-Prong-Eternity-Diamond-Ring-(1/2-ct.-tw.)-White-Gold-BE2PD50R50/
2PD50R50LC,Petite Shared Prong Eternity Lab Diamond Ring (1/2 ct. tw.),petite-shared-prong-eternity-lab-diamond-ring-1-2-ct-tw,"Classic Collection,Customer Favorites Collection",Classic Collection,White Gold,18K,BE2PD50R50LC_RENDER.glb,C:\brileent earth\2PD50R50LC_Petite-Shared-Prong-Eternity-Lab-Diamond-Ring-_1_2-ct_-tw_-White-Gold-BE2PD50R50LC\3d_model\BE2PD50R50LC_RENDER.glb,396.8,TRUE,https://www.brilliantearth.com/Petite-Shared-Prong-Eternity-Lab-Diamond-Ring-(1/2-ct.-tw.)-White-Gold-BE2PD50R50LC/
2PD25R25,Petite Shared Prong Half Coverage Diamond Ring (1/4 ct. tw.),petite-shared-prong-half-coverage-diamond-ring-1-4-ct-tw,"Classic Collection,Customer Favorites Collection",Classic Collection,"Yellow Gold, White Gold, Rose Gold, Platinum","14K, 18K, N/A",BE2PD25R25_RENDER.glb,C:\brileent earth\2PD25R25_Petite-Shared-Prong-Half-Coverage-Diamond-Ring-_1_4-ct_-tw_-14K-White-Gold-BE2PD25R25\3d_model\BE2PD25R25_RENDER.glb,223.9,TRUE,https://www.brilliantearth.com/Petite-Shared-Prong-Half-Coverage-Diamond-Ring-(1/4-ct.-tw.)-14K-White-Gold-BE2PD25R25/
2PD25R25LC,Petite Shared Prong Half Coverage Lab Diamond Ring (1/4 ct. tw.),petite-shared-prong-half-coverage-lab-diamond-ring-1-4-ct-tw,"Classic Collection,Customer Favorites Collection",Classic Collection,"Yellow Gold, White Gold, Rose Gold, Platinum","14K, 18K, N/A",BE2PD25R25LC_RENDER.glb,C:\brileent earth\2PD25R25LC_Petite-Shared-Prong-Half-Coverage-Lab-Diamond-Ring-_1_4-ct_-tw_-14K-White-Gold-BE2PD25R25L\3d_model\BE2PD25R25LC_RENDER.glb,439.2,TRUE,https://www.brilliantearth.com/Petite-Shared-Prong-Half-Coverage-Lab-Diamond-Ring-(1/4-ct.-tw.)-14K-White-Gold-BE2PD25R25LC/
2PD28R15,Petite Shared Prong Three-Quarter Coverage Diamond Ring (3/8 ct. tw.),petite-shared-prong-three-quarter-coverage-diamond-ring-3-8-ct-tw,"Classic Collection,Customer Favorites Collection",Classic Collection,"Yellow Gold, White Gold, Rose Gold, Platinum","14K, 18K, N/A",BE2PD28R15_RENDER.glb,C:\brileent earth\2PD28R15_Petite-Shared-Prong-Three-Quarter-Coverage-Diamond-Ring-_3_8-ct_-tw_-14K-White-Gold-BE2PD2\3d_model\BE2PD28R15_RENDER.glb,344.8,TRUE,https://www.brilliantearth.com/Petite-Shared-Prong-Three-Quarter-Coverage-Diamond-Ring-(3/8-ct.-tw.)-14K-White-Gold-BE2PD28R15/
2PD28R15LC,Petite Shared Prong Three-Quarter Coverage Lab Diamond Ring (3/8 ct. tw.),petite-shared-prong-three-quarter-coverage-lab-diamond-ring-3-8-ct-tw,"Classic Collection,Customer Favorites Collection",Classic Collection,"Yellow Gold, White Gold, Rose Gold, Platinum","14K, 18K, N/A",BE2PD28R15LC_RENDER.glb,C:\brileent earth\2PD28R15LC_Petite-Shared-Prong-Three-Quarter-Coverage-Lab-Diamond-Ring-_3_8-ct_-tw_-14K-White-Gold-BE\3d_model\BE2PD28R15LC_RENDER.glb,344.8,TRUE,https://www.brilliantearth.com/Petite-Shared-Prong-Three-Quarter-Coverage-Lab-Diamond-Ring-(3/8-ct.-tw.)-14K-White-Gold-BE2PD28R15LC/
2D2289,Petite Twisted Vine Curved Diamond Ring (1/5 ct. tw.),petite-twisted-vine-curved-diamond-ring-1-5-ct-tw,Nature Collection,Nature Collection,"Rose Gold, Yellow Gold, White Gold, Platinum","14K, 18K, N/A",BE2D2289_RENDER.glb,C:\brileent earth\2D2289_Petite-Twisted-Vine-Curved-Diamond-Ring-_1_5-ct_-tw_-Gold-BE2D2289\3d_model\BE2D2289_RENDER.glb,572.2,TRUE,https://www.brilliantearth.com/Petite-Twisted-Vine-Curved-Diamond-Ring-(1/5-ct.-tw.)-Gold-BE2D2289/
2M254P,Petite Twisted Vine Diamond Ring (1/8 ct. tw.),petite-twisted-vine-diamond-ring-1-8-ct-tw,"Classic Collection,Nature Collection,Customer Favorites Collection",Classic Collection,"Yellow Gold, White Gold, Rose Gold, Platinum","14K, N/A",BE2M254P_RENDER.glb,C:\brileent earth\2M254P_Petite-Twisted-Vine-Diamond-Ring-_1_8-ct_-tw_-14K-White-Gold-BE2M254P\3d_model\BE2M254P_RENDER.glb,412.8,TRUE,https://www.brilliantearth.com/Petite-Twisted-Vine-Diamond-Ring-(1/8-ct.-tw.)-14K-White-Gold-BE2M254P/
2D509E,Petite Twisted Vine Eternity Diamond Ring (1/5 ct. tw.),petite-twisted-vine-eternity-diamond-ring-1-5-ct-tw,"Classic Collection,Nature Collection",Classic Collection,"Yellow Gold, White Gold, Rose Gold, Platinum","14K, 18K, N/A",BE2D509E_RENDER.glb,C:\brileent earth\2D509E_Petite-Twisted-Vine-Eternity-Diamond-Ring-_1_5-ct_-tw_-Rose-Gold-BE2D509E\3d_model\BE2D509E_RENDER.glb,475.0,TRUE,https://www.brilliantearth.com/Petite-Twisted-Vine-Eternity-Diamond-Ring-(1/5-ct.-tw.)-Rose-Gold-BE2D509E/
2M254PLC,Petite Twisted Vine Lab Diamond Ring (1/8 ct. tw.),petite-twisted-vine-lab-diamond-ring-1-8-ct-tw,"Classic Collection,Nature Collection,Customer Favorites Collection",Classic Collection,"Yellow Gold, White Gold, Rose Gold, Platinum","14K, 18K, N/A",BE2M254PLC_RENDER.glb,C:\brileent earth\2M254PLC_Petite-Twisted-Vine-Lab-Diamond-Ring-_1_8-ct_-tw_-14K-White-Gold-BE2M254PLC\3d_model\BE2M254PLC_RENDER.glb,1682.2,TRUE,https://www.brilliantearth.com/Petite-Twisted-Vine-Lab-Diamond-Ring-(1/8-ct.-tw.)-14K-White-Gold-BE2M254PLC/
2557,Petra Textured Ring,petra-textured-ring,"Modern Collection,Plain Metal Collection",Modern Collection,"Yellow Gold, White Gold, Rose Gold, Platinum","14K, 18K, N/A",BE2557_RENDER.glb,C:\brileent earth\2557_Petra-Textured-Ring-Rose-Gold-BE2557\3d_model\BE2557_RENDER.glb,392.1,TRUE,https://www.brilliantearth.com/Petra-Textured-Ring-Rose-Gold-BE2557/
2D4263,Peyton Emerald-Cut Diamond Open Ring (1/2 ct. tw.),peyton-emerald-cut-diamond-open-ring-1-2-ct-tw,"Modern Collection,Open Collection",Modern Collection,"Yellow Gold, White Gold, Rose Gold, Platinum","14K, 18K, N/A",BE2D4263_RENDER.glb,C:\brileent earth\2D4263_Peyton-Emerald-Cut-Diamond-Open-Ring-_1_2-ct_-tw_-14K-Gold-BE2D4263\3d_model\BE2D4263_RENDER.glb,339.9,TRUE,https://www.brilliantearth.com/Peyton-Emerald-Cut-Diamond-Open-Ring-(1/2-ct.-tw.)-14K-Gold-BE2D4263/
2D4263LC,Peyton Emerald-Cut Lab Diamond Open Ring (1/2 ct. tw.),peyton-emerald-cut-lab-diamond-open-ring-1-2-ct-tw,"Modern Collection,Open Collection",Modern Collection,"Yellow Gold, White Gold, Rose Gold, Platinum","14K, 18K, N/A",BE2D4263LC_RENDER.glb,C:\brileent earth\2D4263LC_Peyton-Emerald-Cut-Lab-Diamond-Open-Ring-_1_2-ct_-tw_-14K-Gold-BE2D4263LC\3d_model\BE2D4263LC_RENDER.glb,340.6,TRUE,https://www.brilliantearth.com/Peyton-Emerald-Cut-Lab-Diamond-Open-Ring-(1/2-ct.-tw.)-14K-Gold-BE2D4263LC/
2D1826,Poetica Scalloped Pavé Diamond Ring (1/2 ct. tw.),poetica-scalloped-pav-diamond-ring-1-2-ct-tw,Classic Collection,Classic Collection,"Yellow Gold, White Gold",18K,BE2D1826_RENDER.glb,C:\brileent earth\2D1826_Poetica-Scalloped-Pav├⌐-Diamond-Ring-_1_2-ct_-tw_-White-Gold-BE2D1826\3d_model\BE2D1826_RENDER.glb,173.1,TRUE,https://www.brilliantearth.com/Poetica-Scalloped-Pav├⌐-Diamond-Ring-(1/2-ct.-tw.)-White-Gold-BE2D1826/
2D1628LC,Portia Lab Diamond Ring (1 1/3 ct. tw.),portia-lab-diamond-ring-1-1-3-ct-tw,"Classic Collection,Luxe Collection",Classic Collection,"Yellow Gold, White Gold, Rose Gold, Platinum","14K, 18K, N/A",BE2D1628LC_RENDER.glb,C:\brileent earth\2D1628LC_Portia-Lab-Diamond-Ring-_1-1_3-ct_-tw_-14K-White-Gold-BE2D1628LC\3d_model\BE2D1628LC_RENDER.glb,170.8,TRUE,https://www.brilliantearth.com/Portia-Lab-Diamond-Ring-(1-1/3-ct.-tw.)-14K-White-Gold-BE2D1628LC/
2D1719E,Precision-Set Diamond Eternity Ring (1 ct. tw.),precision-set-diamond-eternity-ring-1-ct-tw,Classic Collection,Classic Collection,"Yellow Gold, White Gold, Rose Gold, Platinum","14K, 18K, N/A",BE2D1719E_RENDER.glb,C:\brileent earth\2D1719E_Precision-Set-Diamond-Eternity-Ring-_1-ct_-tw_-White-Gold-BE2D1719E\3d_model\BE2D1719E_RENDER.glb,614.1,TRUE,https://www.brilliantearth.com/Precision-Set-Diamond-Eternity-Ring-(1-ct.-tw.)-White-Gold-BE2D1719E/
2D1763E,Precision-Set Diamond Eternity Ring (2 ct. tw.),precision-set-diamond-eternity-ring-2-ct-tw,Classic Collection,Classic Collection,"Yellow Gold, White Gold, Rose Gold, Platinum","14K, 18K, N/A",BE2D1763E_RENDER.glb,C:\brileent earth\2D1763E_Precision-Set-Diamond-Eternity-Ring-_2-ct_-tw_-White-Gold-BE2D1763E\3d_model\BE2D1763E_RENDER.glb,315.9,TRUE,https://www.brilliantearth.com/Precision-Set-Diamond-Eternity-Ring-(2-ct.-tw.)-White-Gold-BE2D1763E/
2D1720E,Precision-Set Diamond Eternity Ring (3 ct. tw.),precision-set-diamond-eternity-ring-3-ct-tw,Classic Collection,Classic Collection,"Yellow Gold, White Gold, Rose Gold, Platinum","14K, 18K, N/A",BE2D1720E_RENDER.glb,C:\brileent earth\2D1720E_Precision-Set-Diamond-Eternity-Ring-_3-ct_-tw_-White-Gold-BE2D1720E\3d_model\BE2D1720E_RENDER.glb,186.4,TRUE,https://www.brilliantearth.com/Precision-Set-Diamond-Eternity-Ring-(3-ct.-tw.)-White-Gold-BE2D1720E/
2D0052LC,Precision-Set Double Row Lab Diamond Ring,precision-set-double-row-lab-diamond-ring,"Classic Collection,Luxe Collection",Classic Collection,"Yellow Gold, White Gold, Rose Gold, Platinum","14K, 18K, N/A",BE2D0052LC_RENDER.glb,C:\brileent earth\2D0052LC_Precision-Set-Double-Row-Lab-Diamond-Ring-14K-Gold-BE2D0052LC\3d_model\BE2D0052LC_RENDER.glb,284.5,TRUE,https://www.brilliantearth.com/Precision-Set-Double-Row-Lab-Diamond-Ring-14K-Gold-BE2D0052LC/
2D0352E,Precision-Set Eternity Diamond Ring (2 ct. tw.),precision-set-eternity-diamond-ring-2-ct-tw,Modern Collection,Modern Collection,"Yellow Gold, White Gold, Rose Gold, Platinum","14K, 18K, N/A",BE2D0352E_RENDER.glb,C:\brileent earth\2D0352E_Precision-Set-Eternity-Diamond-Ring-_2-ct_-tw_-Gold-BE2D0352E\3d_model\BE2D0352E_RENDER.glb,319.9,TRUE,https://www.brilliantearth.com/Precision-Set-Eternity-Diamond-Ring-(2-ct.-tw.)-Gold-BE2D0352E/
2D0352ELC,Precision-Set Eternity Lab Diamond Ring (2 ct. tw.),precision-set-eternity-lab-diamond-ring-2-ct-tw,Modern Collection,Modern Collection,"Yellow Gold, White Gold, Rose Gold, Platinum","14K, 18K, N/A",BE2D0352ELC_RENDER.glb,C:\brileent earth\2D0352ELC_Precision-Set-Eternity-Lab-Diamond-Ring-_2-ct_-tw_-Gold-BE2D0352ELC\3d_model\BE2D0352ELC_RENDER.glb,230.1,TRUE,https://www.brilliantearth.com/Precision-Set-Eternity-Lab-Diamond-Ring-(2-ct.-tw.)-Gold-BE2D0352ELC/
2D1719ELC,Precision-Set Lab Diamond Eternity Ring (1 ct. tw.),precision-set-lab-diamond-eternity-ring-1-ct-tw,Classic Collection,Classic Collection,"Yellow Gold, White Gold, Rose Gold, Platinum","14K, 18K, N/A",BE2D1719ELC_RENDER.glb,C:\brileent earth\2D1719ELC_Precision-Set-Lab-Diamond-Eternity-Ring-_1-ct_-tw_-White-Gold-BE2D1719ELC\3d_model\BE2D1719ELC_RENDER.glb,614.1,TRUE,https://www.brilliantearth.com/Precision-Set-Lab-Diamond-Eternity-Ring-(1-ct.-tw.)-White-Gold-BE2D1719ELC/
2D1763ELC,Precision-Set Lab Diamond Eternity Ring (2 ct. tw.),precision-set-lab-diamond-eternity-ring-2-ct-tw,Classic Collection,Classic Collection,"Yellow Gold, White Gold, Rose Gold, Platinum","14K, 18K, N/A",BE2D1763ELC_RENDER.glb,C:\brileent earth\2D1763ELC_Precision-Set-Lab-Diamond-Eternity-Ring-_2-ct_-tw_-White-Gold-BE2D1763ELC\3d_model\BE2D1763ELC_RENDER.glb,315.9,TRUE,https://www.brilliantearth.com/Precision-Set-Lab-Diamond-Eternity-Ring-(2-ct.-tw.)-White-Gold-BE2D1763ELC/
2D1720ELC,Precision-Set Lab Diamond Eternity Ring (3 ct. tw.),precision-set-lab-diamond-eternity-ring-3-ct-tw,Classic Collection,Classic Collection,"Yellow Gold, White Gold, Rose Gold, Platinum","14K, 18K, N/A",BE2D1720ELC_RENDER.glb,C:\brileent earth\2D1720ELC_Precision-Set-Lab-Diamond-Eternity-Ring-_3-ct_-tw_-White-Gold-BE2D1720ELC\3d_model\BE2D1720ELC_RENDER.glb,186.4,TRUE,https://www.brilliantearth.com/Precision-Set-Lab-Diamond-Eternity-Ring-(3-ct.-tw.)-White-Gold-BE2D1720ELC/
2D36315,Prism Diamond Ring (1 1/6 ct. tw.),prism-diamond-ring-1-1-6-ct-tw,"Luxe Collection,Modern Collection,Antique Collection",Modern Collection,White Gold,18K,BE2D36315_RENDER.glb,C:\brileent earth\2D36315_Prism-Diamond-Ring-_1-1_6-ct_-tw_-White-Gold-BE2D36315\3d_model\BE2D36315_RENDER.glb,275.2,TRUE,https://www.brilliantearth.com/Prism-Diamond-Ring-(1-1/6-ct.-tw.)-White-Gold-BE2D36315/
2DRA200E,Radiant Eternity Diamond Ring (2 ct. tw.),radiant-eternity-diamond-ring-2-ct-tw,Classic Collection,Classic Collection,"Yellow Gold, White Gold, Rose Gold, Platinum","14K, 18K, N/A",BE2DRA200E_RENDER.glb,C:\brileent earth\2DRA200E_Radiant-Eternity-Diamond-Ring-_2-ct_-tw_-14K-Gold-BE2DRA200E\3d_model\BE2DRA200E_RENDER.glb,299.9,TRUE,https://www.brilliantearth.com/Radiant-Eternity-Diamond-Ring-(2-ct.-tw.)-14K-Gold-BE2DRA200E/
2DRA300E,Radiant Eternity Diamond Ring (3 ct. tw.),radiant-eternity-diamond-ring-3-ct-tw,"Classic Collection,Luxe Collection",Classic Collection,"Yellow Gold, White Gold, Rose Gold, Platinum","14K, 18K, N/A",BE2DRA300E_RENDER.glb,C:\brileent earth\2DRA300E_Radiant-Eternity-Diamond-Ring-_3-ct_-tw_-14K-White-Gold-BE2DRA300E\3d_model\BE2DRA300E_RENDER.glb,284.6,TRUE,https://www.brilliantearth.com/Radiant-Eternity-Diamond-Ring-(3-ct.-tw.)-14K-White-Gold-BE2DRA300E/
2DRA200ELC,Radiant Eternity Lab Diamond Ring (2 ct. tw.),radiant-eternity-lab-diamond-ring-2-ct-tw,Classic Collection,Classic Collection,"Yellow Gold, White Gold, Rose Gold, Platinum","14K, 18K, N/A",BE2DRA200ELC_RENDER.glb,C:\brileent earth\2DRA200ELC_Radiant-Eternity-Lab-Diamond-Ring-_2-ct_-tw_-14K-Gold-BE2DRA200ELC\3d_model\BE2DRA200ELC_RENDER.glb,369.7,TRUE,https://www.brilliantearth.com/Radiant-Eternity-Lab-Diamond-Ring-(2-ct.-tw.)-14K-Gold-BE2DRA200ELC/
2DRA300ELC,Radiant Eternity Lab Diamond Ring (3 ct. tw.),radiant-eternity-lab-diamond-ring-3-ct-tw,"Classic Collection,Luxe Collection",Classic Collection,"Yellow Gold, White Gold, Rose Gold, Platinum","14K, 18K, N/A",BE2DRA300ELC_RENDER.glb,C:\brileent earth\2DRA300ELC_Radiant-Eternity-Lab-Diamond-Ring-_3-ct_-tw_-14K-White-Gold-BE2DRA300ELC\3d_model\BE2DRA300ELC_RENDER.glb,311.8,TRUE,https://www.brilliantearth.com/Radiant-Eternity-Lab-Diamond-Ring-(3-ct.-tw.)-14K-White-Gold-BE2DRA300ELC/
2D4072LC,Ravenna Lab Diamond Ring (1 ct. tw.),ravenna-lab-diamond-ring-1-ct-tw,Modern Collection,Modern Collection,"Yellow Gold, White Gold, Rose Gold, Platinum","14K, 18K, N/A",BE2D4072LC_RENDER.glb,C:\brileent earth\2D4072LC_Ravenna-Lab-Diamond-Ring-_1-ct_-tw_-14K-White-Gold-BE2D4072LC\3d_model\BE2D4072LC_RENDER.glb,357.0,TRUE,https://www.brilliantearth.com/Ravenna-Lab-Diamond-Ring-(1-ct.-tw.)-14K-White-Gold-BE2D4072LC/
2DR100E,Riviera Eternity Diamond Ring (1 ct. tw.),riviera-eternity-diamond-ring-1-ct-tw,"Classic Collection,Luxe Collection,Modern Collection",Classic Collection,"Yellow Gold, White Gold, Rose Gold, Platinum","14K, 18K, N/A",BE2DR100E_RENDER.glb,C:\brileent earth\2DR100E_Riviera-Eternity-Diamond-Ring-_1-ct_-tw_-14K-Gold-BE2DR100E\3d_model\BE2DR100E_RENDER.glb,552.5,TRUE,https://www.brilliantearth.com/Riviera-Eternity-Diamond-Ring-(1-ct.-tw.)-14K-Gold-BE2DR100E/
2DR200E,Riviera Eternity Diamond Ring (2 ct. tw.),riviera-eternity-diamond-ring-2-ct-tw,Classic Collection,Classic Collection,"Yellow Gold, White Gold, Rose Gold, Platinum","14K, 18K, N/A",BE2DR200E_RENDER.glb,C:\brileent earth\2DR200E_Riviera-Eternity-Diamond-Ring-_2-ct_-tw_-14K-White-Gold-BE2DR200E\3d_model\BE2DR200E_RENDER.glb,196.0,TRUE,https://www.brilliantearth.com/Riviera-Eternity-Diamond-Ring-(2-ct.-tw.)-14K-White-Gold-BE2DR200E/
2DR300E,Riviera Eternity Diamond Ring (3 ct. tw.),riviera-eternity-diamond-ring-3-ct-tw,Classic Collection,Classic Collection,"Yellow Gold, White Gold, Rose Gold, Platinum","14K, 18K, N/A",BE2DR300E_RENDER.glb,C:\brileent earth\2DR300E_Riviera-Eternity-Diamond-Ring-_3-ct_-tw_-14K-White-Gold-BE2DR300E\3d_model\BE2DR300E_RENDER.glb,502.9,TRUE,https://www.brilliantearth.com/Riviera-Eternity-Diamond-Ring-(3-ct.-tw.)-14K-White-Gold-BE2DR300E/
2DR400E,Riviera Eternity Diamond Ring (4 ct. tw.),riviera-eternity-diamond-ring-4-ct-tw,"Classic Collection,Luxe Collection",Classic Collection,"Yellow Gold, White Gold, Rose Gold, Platinum","14K, 18K, N/A",BE2DR400E_RENDER.glb,C:\brileent earth\2DR400E_Riviera-Eternity-Diamond-Ring-_4-ct_-tw_-14K-White-Gold-BE2DR400E\3d_model\BE2DR400E_RENDER.glb,322.7,TRUE,https://www.brilliantearth.com/Riviera-Eternity-Diamond-Ring-(4-ct.-tw.)-14K-White-Gold-BE2DR400E/
2DR100ELC,Riviera Eternity Lab Diamond Ring (1 ct. tw.),riviera-eternity-lab-diamond-ring-1-ct-tw,"Classic Collection,Luxe Collection,Modern Collection",Classic Collection,"Yellow Gold, White Gold, Rose Gold, Platinum","14K, 18K, N/A",BE2DR100ELC_RENDER.glb,C:\brileent earth\2DR100ELC_Riviera-Eternity-Lab-Diamond-Ring-_1-ct_-tw_-14K-Gold-BE2DR100ELC\3d_model\BE2DR100ELC_RENDER.glb,495.6,TRUE,https://www.brilliantearth.com/Riviera-Eternity-Lab-Diamond-Ring-(1-ct.-tw.)-14K-Gold-BE2DR100ELC/
2DR200ELC,Riviera Eternity Lab Diamond Ring (2 ct. tw.),riviera-eternity-lab-diamond-ring-2-ct-tw,Classic Collection,Classic Collection,"Yellow Gold, White Gold, Rose Gold, Platinum","14K, 18K, N/A",BE2DR200ELC_RENDER.glb,C:\brileent earth\2DR200ELC_Riviera-Eternity-Lab-Diamond-Ring-_2-ct_-tw_-14K-White-Gold-BE2DR200ELC\3d_model\BE2DR200ELC_RENDER.glb,196.0,TRUE,https://www.brilliantearth.com/Riviera-Eternity-Lab-Diamond-Ring-(2-ct.-tw.)-14K-White-Gold-BE2DR200ELC/
2DR300ELC,Riviera Eternity Lab Diamond Ring (3 ct. tw.),riviera-eternity-lab-diamond-ring-3-ct-tw,Classic Collection,Classic Collection,"Yellow Gold, White Gold, Rose Gold, Platinum","14K, 18K, N/A",BE2DR300ELC_RENDER.glb,C:\brileent earth\2DR300ELC_Riviera-Eternity-Lab-Diamond-Ring-_3-ct_-tw_-14K-White-Gold-BE2DR300ELC\3d_model\BE2DR300ELC_RENDER.glb,248.6,TRUE,https://www.brilliantearth.com/Riviera-Eternity-Lab-Diamond-Ring-(3-ct.-tw.)-14K-White-Gold-BE2DR300ELC/
2DR400ELC,Riviera Eternity Lab Diamond Ring (4 ct. tw.),riviera-eternity-lab-diamond-ring-4-ct-tw,"Classic Collection,Luxe Collection",Classic Collection,"Yellow Gold, White Gold, Rose Gold, Platinum","14K, 18K, N/A",BE2DR400ELC_RENDER.glb,C:\brileent earth\2DR400ELC_Riviera-Eternity-Lab-Diamond-Ring-_4-ct_-tw_-14K-White-Gold-BE2DR400ELC\3d_model\BE2DR400ELC_RENDER.glb,327.1,TRUE,https://www.brilliantearth.com/Riviera-Eternity-Lab-Diamond-Ring-(4-ct.-tw.)-14K-White-Gold-BE2DR400ELC/
2D723,Rose Thorn Diamond Open Ring (1/3 ct. tw.),rose-thorn-diamond-open-ring-1-3-ct-tw,"Nature Collection,Open Collection",Nature Collection,"Yellow Gold, White Gold",18K,BE2D723_RENDER.glb,C:\brileent earth\2D723_Rose-Thorn-Diamond-Open-Ring-_1_3-ct_-tw_-Gold-BE2D723\3d_model\BE2D723_RENDER.glb,645.6,TRUE,https://www.brilliantearth.com/Rose-Thorn-Diamond-Open-Ring-(1/3-ct.-tw.)-Gold-BE2D723/
2534,Rose Thorn Open Ring,rose-thorn-open-ring,"Nature Collection,Open Collection",Nature Collection,"Rose Gold, Yellow Gold, White Gold, Platinum","14K, 18K, N/A",BE2534_RENDER.glb,C:\brileent earth\2534_Rose-Thorn-Open-Ring-Gold-BE2534\3d_model\BE2534_RENDER.glb,173.5,TRUE,https://www.brilliantearth.com/Rose-Thorn-Open-Ring-Gold-BE2534/
2D3628,Round Diamond Trio Stacking Ring (1 ct. tw.),round-diamond-trio-stacking-ring-1-ct-tw,Modern Collection,Modern Collection,"Yellow Gold, White Gold, Rose Gold, Platinum","14K, 18K, N/A",BE2D3628_RENDER.glb,C:\brileent earth\2D3628_Round-Diamond-Trio-Stacking-Ring-_1-ct_-tw_-White-Gold-BE2D3628\3d_model\BE2D3628_RENDER.glb,288.5,TRUE,https://www.brilliantearth.com/Round-Diamond-Trio-Stacking-Ring-(1-ct.-tw.)-White-Gold-BE2D3628/
2D5ST150RD,Round Five Stone Diamond Ring (1 1/2 ct. tw.),round-five-stone-diamond-ring-1-1-2-ct-tw,"Classic Collection,Luxe Collection",Classic Collection,"Yellow Gold, White Gold, Rose Gold, Platinum","14K, 18K, N/A",BE2D5ST150RD_RENDER.glb,C:\brileent earth\2D5ST150RD_Round-Five-Stone-Diamond-Ring-_1-1_2-ct_-tw_-Rose-Gold-BE2D5ST150RD\3d_model\BE2D5ST150RD_RENDER.glb,297.9,TRUE,https://www.brilliantearth.com/Round-Five-Stone-Diamond-Ring-(1-1/2-ct.-tw.)-Rose-Gold-BE2D5ST150RD/
2D5ST150RDLC,Round Five Stone Lab Diamond Ring (1 1/2 ct. tw.),round-five-stone-lab-diamond-ring-1-1-2-ct-tw,"Classic Collection,Luxe Collection",Classic Collection,"Yellow Gold, White Gold, Rose Gold, Platinum","14K, 18K, N/A",BE2D5ST150RDLC_RENDER.glb,C:\brileent earth\2D5ST150RDLC_Round-Five-Stone-Lab-Diamond-Ring-_1-1_2-ct_-tw_-Rose-Gold-BE2D5ST150RDLC\3d_model\BE2D5ST150RDLC_RENDER.glb,160.9,TRUE,https://www.brilliantearth.com/Round-Five-Stone-Lab-Diamond-Ring-(1-1/2-ct.-tw.)-Rose-Gold-BE2D5ST150RDLC/
2D3628LC,Round Lab Diamond Trio Stacking Ring (1 ct. tw.),round-lab-diamond-trio-stacking-ring-1-ct-tw,Modern Collection,Modern Collection,"Yellow Gold, White Gold, Rose Gold, Platinum","14K, 18K, N/A",BE2D3628LC_RENDER.glb,C:\brileent earth\2D3628LC_Round-Lab-Diamond-Trio-Stacking-Ring-_1-ct_-tw_-White-Gold-BE2D3628LC\3d_model\BE2D3628LC_RENDER.glb,288.5,TRUE,https://www.brilliantearth.com/Round-Lab-Diamond-Trio-Stacking-Ring-(1-ct.-tw.)-White-Gold-BE2D3628LC/
2D1598LC,Round Three-Quarter Coverage Lab Diamond Ring (7/8 ct. tw.),round-three-quarter-coverage-lab-diamond-ring-7-8-ct-tw,Classic Collection,Classic Collection,"Yellow Gold, White Gold, Rose Gold, Platinum","14K, 18K, N/A",BE2D1598LC_RENDER.glb,C:\brileent earth\2D1598LC_Round-Three-Quarter-Coverage-Lab-Diamond-Ring-_7_8-ct_-tw_-14K-Gold-BE2D1598LC\3d_model\BE2D1598LC_RENDER.glb,228.2,TRUE,https://www.brilliantearth.com/Round-Three-Quarter-Coverage-Lab-Diamond-Ring-(7/8-ct.-tw.)-14K-Gold-BE2D1598LC/
2D126P,Rowan Diamond Open Ring,rowan-diamond-open-ring,"Classic Collection,Modern Collection,Open Collection",Classic Collection,"Yellow Gold, White Gold",18K,BE2D126P_RENDER.glb,C:\brileent earth\2D126P_Rowan-Diamond-Open-Ring-White-Gold-BE2D126P\3d_model\BE2D126P_RENDER.glb,291.6,TRUE,https://www.brilliantearth.com/Rowan-Diamond-Open-Ring-White-Gold-BE2D126P/
2D6391,Secret Garden Contour Diamond Ring (1/4 ct. tw.),secret-garden-contour-diamond-ring-1-4-ct-tw,Nature Collection,Nature Collection,"Yellow Gold, White Gold, Rose Gold, Platinum","14K, 18K, N/A",BE2D6391_RENDER.glb,C:\brileent earth\2D6391_Secret-Garden-Contour-Diamond-Ring-_1_4-ct_-tw_-14K-Gold-BE2D6391\3d_model\BE2D6391_RENDER.glb,126.0,TRUE,https://www.brilliantearth.com/Secret-Garden-Contour-Diamond-Ring-(1/4-ct.-tw.)-14K-Gold-BE2D6391/
2D6354,Secret Garden Diamond Wedding Ring (1/4 ct. tw.),secret-garden-diamond-wedding-ring-1-4-ct-tw,Nature Collection,Nature Collection,"Yellow Gold, White Gold, Rose Gold, Platinum","14K, 18K, N/A",BE2D6354_RENDER.glb,C:\brileent earth\2D6354_Secret-Garden-Diamond-Wedding-Ring-_1_4-ct_-tw_-14K-White-Gold-BE2D6354\3d_model\BE2D6354_RENDER.glb,163.1,TRUE,https://www.brilliantearth.com/Secret-Garden-Diamond-Wedding-Ring-(1/4-ct.-tw.)-14K-White-Gold-BE2D6354/
2D6354LC,Secret Garden Lab Diamond Wedding Ring (1/4 ct. tw.),secret-garden-lab-diamond-wedding-ring-1-4-ct-tw,Nature Collection,Nature Collection,"Yellow Gold, White Gold, Rose Gold, Platinum","14K, 18K, N/A",BE2D6354LC_RENDER.glb,C:\brileent earth\2D6354LC_Secret-Garden-Lab-Diamond-Wedding-Ring-_1_4-ct_-tw_-14K-White-Gold-BE2D6354LC\3d_model\BE2D6354LC_RENDER.glb,163.1,TRUE,https://www.brilliantearth.com/Secret-Garden-Lab-Diamond-Wedding-Ring-(1/4-ct.-tw.)-14K-White-Gold-BE2D6354LC/
2D013ELC,Semi-Bezel Emerald Cut Eternity Lab Diamond Ring (3 ct. tw.),semi-bezel-emerald-cut-eternity-lab-diamond-ring-3-ct-tw,Modern Collection,Modern Collection,"Yellow Gold, White Gold, Rose Gold, Platinum","14K, 18K, N/A",BE2D013ELC_RENDER.glb,C:\brileent earth\2D013ELC_Semi-Bezel-Emerald-Cut-Eternity-Lab-Diamond-Ring-_3-ct_-tw_-14K-Gold-BE2D013ELC\3d_model\BE2D013ELC_RENDER.glb,428.8,TRUE,https://www.brilliantearth.com/Semi-Bezel-Emerald-Cut-Eternity-Lab-Diamond-Ring-(3-ct.-tw.)-14K-Gold-BE2D013ELC/
2D014ELC,Semi-Bezel Oval Eternity Lab Diamond Ring (3 ct. tw.),semi-bezel-oval-eternity-lab-diamond-ring-3-ct-tw,Modern Collection,Modern Collection,"Yellow Gold, White Gold, Rose Gold, Platinum","14K, 18K, N/A",BE2D014ELC_RENDER.glb,C:\brileent earth\2D014ELC_Semi-Bezel-Oval-Eternity-Lab-Diamond-Ring-_3-ct_-tw_-14K-Gold-BE2D014ELC\3d_model\BE2D014ELC_RENDER.glb,210.0,TRUE,https://www.brilliantearth.com/Semi-Bezel-Oval-Eternity-Lab-Diamond-Ring-(3-ct.-tw.)-14K-Gold-BE2D014ELC/
2D012ELC,Semi-Bezel Round Eternity Lab Diamond Ring (2 1/2 ct. tw.),semi-bezel-round-eternity-lab-diamond-ring-2-1-2-ct-tw,Modern Collection,Modern Collection,"Yellow Gold, White Gold, Rose Gold, Platinum","14K, 18K, N/A",BE2D012ELC_RENDER.glb,C:\brileent earth\2D012ELC_Semi-Bezel-Round-Eternity-Lab-Diamond-Ring-_2-1_2-ct_-tw_-14K-Gold-BE2D012ELC\3d_model\BE2D012ELC_RENDER.glb,162.6,TRUE,https://www.brilliantearth.com/Semi-Bezel-Round-Eternity-Lab-Diamond-Ring-(2-1/2-ct.-tw.)-14K-Gold-BE2D012ELC/
2D574,Serafina Contour Diamond Ring (1/4 ct. tw.),serafina-contour-diamond-ring-1-4-ct-tw,Classic Collection,Classic Collection,"Yellow Gold, White Gold, Rose Gold, Platinum","14K, 18K, N/A",BE2D574_RENDER.glb,C:\brileent earth\2D574_Serafina-Contour-Diamond-Ring-_1_4-ct_-tw_-14K-Gold-BE2D574\3d_model\BE2D574_RENDER.glb,172.9,TRUE,https://www.brilliantearth.com/Serafina-Contour-Diamond-Ring-(1/4-ct.-tw.)-14K-Gold-BE2D574/
2D457,Seven Stone Oval Contour Diamond Ring (2/3 ct. tw.),seven-stone-oval-contour-diamond-ring-2-3-ct-tw,"Classic Collection,Luxe Collection",Classic Collection,"Yellow Gold, White Gold, Rose Gold, Platinum","14K, 18K, N/A",BE2D457_RENDER.glb,C:\brileent earth\2D457_Seven-Stone-Oval-Contour-Diamond-Ring-_2_3-ct_-tw_-14K-White-Gold-BE2D457\3d_model\BE2D457_RENDER.glb,135.1,TRUE,https://www.brilliantearth.com/Seven-Stone-Oval-Contour-Diamond-Ring-(2/3-ct.-tw.)-14K-White-Gold-BE2D457/
2PD14R40,Shared Double Prong Diamond Ring (1/2 ct. tw.),shared-double-prong-diamond-ring-1-2-ct-tw,"Classic Collection,Customer Favorites Collection",Classic Collection,"Yellow Gold, White Gold, Rose Gold, Platinum","14K, 18K, N/A",BE2PD14R40_RENDER.glb,C:\brileent earth\2PD14R40_Shared-Double-Prong-Diamond-Ring-_1_2-ct_-tw_-14K-White-Gold-BE2PD14R40\3d_model\BE2PD14R40_RENDER.glb,255.5,TRUE,https://www.brilliantearth.com/Shared-Double-Prong-Diamond-Ring-(1/2-ct.-tw.)-14K-White-Gold-BE2PD14R40/
2D4774,Shared Prong Diamond Ring (1/2 ct. tw.),shared-prong-diamond-ring-1-2-ct-tw,Classic Collection,Classic Collection,White Gold,18K,BE2D4774_RENDER.glb,C:\brileent earth\2D4774_Shared-Prong-Diamond-Ring-_1_2-ct_-tw_-White-Gold-BE2D4774\3d_model\BE2D4774_RENDER.glb,234.4,TRUE,https://www.brilliantearth.com/Shared-Prong-Diamond-Ring-(1/2-ct.-tw.)-White-Gold-BE2D4774/
2D2118P,Sia Half Coverage Diamond Ring (1/8 ct. tw.),sia-half-coverage-diamond-ring-1-8-ct-tw,"Classic Collection,Modern Collection,Open Collection",Classic Collection,"Yellow Gold, White Gold, Rose Gold, Platinum","14K, 18K, N/A",BE2D2118P_RENDER.glb,C:\brileent earth\2D2118P_Sia-Half-Coverage-Diamond-Ring-_1_8-ct_-tw_-14K-Gold-BE2D2118P\3d_model\BE2D2118P_RENDER.glb,439.8,TRUE,https://www.brilliantearth.com/Sia-Half-Coverage-Diamond-Ring-(1/8-ct.-tw.)-14K-Gold-BE2D2118P/
2D756P,Sia Three-Quarter Coverage Diamond Ring (1/5 ct. tw.),sia-three-quarter-coverage-diamond-ring-1-5-ct-tw,"Classic Collection,Modern Collection,Open Collection",Classic Collection,"Yellow Gold, White Gold, Rose Gold, Platinum","14K, 18K, N/A",BE2D756P_RENDER.glb,C:\brileent earth\2D756P_Sia-Three-Quarter-Coverage-Diamond-Ring-_1_5-ct_-tw_-14K-White-Gold-BE2D756P\3d_model\BE2D756P_RENDER.glb,298.5,TRUE,https://www.brilliantearth.com/Sia-Three-Quarter-Coverage-Diamond-Ring-(1/5-ct.-tw.)-14K-White-Gold-BE2D756P/
2D1912,Sienna Contour Diamond Ring,sienna-contour-diamond-ring,Modern Collection,Modern Collection,"Yellow Gold, White Gold, Rose Gold, Platinum","14K, 18K, N/A",BE2D1912_RENDER.glb,C:\brileent earth\2D1912_Sienna-Contour-Diamond-Ring-14K-White-Gold-BE2D1912\3d_model\BE2D1912_RENDER.glb,281.8,TRUE,https://www.brilliantearth.com/Sienna-Contour-Diamond-Ring-14K-White-Gold-BE2D1912/
2M3420ET,Sienna Eternity Diamond Ring (7/8 ct. tw.),sienna-eternity-diamond-ring-7-8-ct-tw,"Classic Collection,Luxe Collection",Classic Collection,"Yellow Gold, White Gold, Rose Gold, Platinum","14K, 18K, N/A",BE2M3420ET_RENDER.glb,C:\brileent earth\2M3420ET_Sienna-Eternity-Diamond-Ring-_7_8-ct_-tw_-14K-White-Gold-BE2M3420ET\3d_model\BE2M3420ET_RENDER.glb,393.0,TRUE,https://www.brilliantearth.com/Sienna-Eternity-Diamond-Ring-(7/8-ct.-tw.)-14K-White-Gold-BE2M3420ET/
2M3420ETLC,Sienna Eternity Lab Diamond Ring (7/8 ct. tw.),sienna-eternity-lab-diamond-ring-7-8-ct-tw,"Classic Collection,Luxe Collection",Classic Collection,"Yellow Gold, White Gold, Rose Gold, Platinum","14K, 18K, N/A",BE2M3420ETLC_RENDER.glb,C:\brileent earth\2M3420ETLC_Sienna-Eternity-Lab-Diamond-Ring-_7_8-ct_-tw_-14K-White-Gold-BE2M3420ETLC\3d_model\BE2M3420ETLC_RENDER.glb,393.0,TRUE,https://www.brilliantearth.com/Sienna-Eternity-Lab-Diamond-Ring-(7/8-ct.-tw.)-14K-White-Gold-BE2M3420ETLC/
2M3420H,Sienna Half Coverage Diamond Ring (1/2 ct. tw.),sienna-half-coverage-diamond-ring-1-2-ct-tw,"Classic Collection,Customer Favorites Collection",Classic Collection,"Yellow Gold, White Gold, Rose Gold, Platinum","14K, 18K, N/A",BE2M3420H_RENDER.glb,C:\brileent earth\2M3420H_Sienna-Half-Coverage-Diamond-Ring-_1_2-ct_-tw_-14K-White-Gold-BE2M3420H\3d_model\BE2M3420H_RENDER.glb,332.4,TRUE,https://www.brilliantearth.com/Sienna-Half-Coverage-Diamond-Ring-(1/2-ct.-tw.)-14K-White-Gold-BE2M3420H/
2M3420HLC,Sienna Half Coverage Lab Diamond Ring (1/2 ct. tw.),sienna-half-coverage-lab-diamond-ring-1-2-ct-tw,"Classic Collection,Customer Favorites Collection",Classic Collection,"Yellow Gold, White Gold, Rose Gold, Platinum","14K, 18K, N/A",BE2M3420HLC_RENDER.glb,C:\brileent earth\2M3420HLC_Sienna-Half-Coverage-Lab-Diamond-Ring-_1_2-ct_-tw_-14K-White-Gold-BE2M3420HLC\3d_model\BE2M3420HLC_RENDER.glb,392.4,TRUE,https://www.brilliantearth.com/Sienna-Half-Coverage-Lab-Diamond-Ring-(1/2-ct.-tw.)-14K-White-Gold-BE2M3420HLC/
2D1398,Sienna Three-Quarter Coverage Diamond Open Ring (1/2 ct. tw.),sienna-three-quarter-coverage-diamond-open-ring-1-2-ct-tw,"Classic Collection,Modern Collection,Open Collection",Classic Collection,"Yellow Gold, White Gold, Rose Gold, Platinum","14K, 18K, N/A",BE2D1398_RENDER.glb,C:\brileent earth\2D1398_Sienna-Three-Quarter-Coverage-Diamond-Open-Ring-_1_2-ct_-tw_-14K-Gold-BE2D1398\3d_model\BE2D1398_RENDER.glb,953.0,TRUE,https://www.brilliantearth.com/Sienna-Three-Quarter-Coverage-Diamond-Open-Ring-(1/2-ct.-tw.)-14K-Gold-BE2D1398/
2M3420,Sienna Three-Quarter Coverage Diamond Ring (5/8 ct. tw.),sienna-three-quarter-coverage-diamond-ring-5-8-ct-tw,"Classic Collection,Customer Favorites Collection",Classic Collection,"Yellow Gold, White Gold, Rose Gold, Platinum","14K, 18K, N/A",BE2M3420_RENDER.glb,C:\brileent earth\2M3420_Sienna-Three-Quarter-Coverage-Diamond-Ring-_5_8-ct_-tw_-14K-White-Gold-BE2M3420\3d_model\BE2M3420_RENDER.glb,575.6,TRUE,https://www.brilliantearth.com/Sienna-Three-Quarter-Coverage-Diamond-Ring-(5/8-ct.-tw.)-14K-White-Gold-BE2M3420/
2D1398LC,Sienna Three-Quarter Coverage Lab Diamond Open Ring (1/2 ct. tw.),sienna-three-quarter-coverage-lab-diamond-open-ring-1-2-ct-tw,"Classic Collection,Modern Collection,Open Collection",Classic Collection,"Yellow Gold, White Gold, Rose Gold, Platinum","14K, 18K, N/A",BE2D1398LC_RENDER.glb,C:\brileent earth\2D1398LC_Sienna-Three-Quarter-Coverage-Lab-Diamond-Open-Ring-_1_2-ct_-tw_-14K-Gold-BE2D1398LC\3d_model\BE2D1398LC_RENDER.glb,1691.1,TRUE,https://www.brilliantearth.com/Sienna-Three-Quarter-Coverage-Lab-Diamond-Open-Ring-(1/2-ct.-tw.)-14K-Gold-BE2D1398LC/
2D744,Silhouette Diamond Ring (1/2 ct. tw.),silhouette-diamond-ring-1-2-ct-tw,Modern Collection,Modern Collection,"Yellow Gold, White Gold, Rose Gold, Platinum","14K, 18K, N/A",BE2D744_RENDER.glb,C:\brileent earth\2D744_Silhouette-Diamond-Ring-_1_2-ct_-tw_-14K-Gold-BE2D744\3d_model\BE2D744_RENDER.glb,209.5,TRUE,https://www.brilliantearth.com/Silhouette-Diamond-Ring-(1/2-ct.-tw.)-14K-Gold-BE2D744/
2592,Silhouette Ring,silhouette-ring,Modern Collection,Modern Collection,"Yellow Gold, White Gold, Rose Gold, Platinum","14K, 18K, N/A",BE2592_RENDER.glb,C:\brileent earth\2592_Silhouette-Ring-14K-Gold-BE2592\3d_model\BE2592_RENDER.glb,192.0,TRUE,https://www.brilliantearth.com/Silhouette-Ring-14K-Gold-BE2592/
2D7858,Sol Diamond Ring (1/2 ct. tw.),sol-diamond-ring-1-2-ct-tw,"Modern Collection,Statement Collection",Modern Collection,"Yellow Gold, White Gold","14K, 18K",BE2D7858_RENDER.glb,C:\brileent earth\2D7858_Sol-Diamond-Ring-_1_2-ct_-tw_-14K-Gold-BE2D7858\3d_model\BE2D7858_RENDER.glb,961.3,TRUE,https://www.brilliantearth.com/Sol-Diamond-Ring-(1/2-ct.-tw.)-14K-Gold-BE2D7858/
27878,Sol Ring,sol-ring,"Modern Collection,Statement Collection",Modern Collection,"Yellow Gold, White Gold",14K,BE27878_RENDER.glb,C:\brileent earth\27878_Sol-Ring-14K-Gold-BE27878\3d_model\BE27878_RENDER.glb,360.7,TRUE,https://www.brilliantearth.com/Sol-Ring-14K-Gold-BE27878/
2D7868,Sol Starburst Diamond Ring,sol-starburst-diamond-ring,"Modern Collection,Statement Collection",Modern Collection,"Yellow Gold, White Gold",14K,BE2D7868_RENDER.glb,C:\brileent earth\2D7868_Sol-Starburst-Diamond-Ring-14K-Gold-BE2D7868\3d_model\BE2D7868_RENDER.glb,315.5,TRUE,https://www.brilliantearth.com/Sol-Starburst-Diamond-Ring-14K-Gold-BE2D7868/
210E,Sonora Eternity Diamond Ring (3/8 ct. tw.),sonora-eternity-diamond-ring-3-8-ct-tw,Classic Collection,Classic Collection,"Yellow Gold, White Gold, Rose Gold, Platinum","14K, 18K, N/A",BE210E_RENDER.glb,C:\brileent earth\210E_Sonora-Eternity-Diamond-Ring-_3_8-ct_-tw_-14K-Gold-BE210E\3d_model\BE210E_RENDER.glb,456.1,TRUE,https://www.brilliantearth.com/Sonora-Eternity-Diamond-Ring-(3/8-ct.-tw.)-14K-Gold-BE210E/
210,Sonora One-Quarter Coverage Diamond Ring (1/8 ct. tw.),sonora-one-quarter-coverage-diamond-ring-1-8-ct-tw,"Classic Collection,Customer Favorites Collection",Classic Collection,"Yellow Gold, White Gold, Rose Gold, Platinum","14K, 18K, N/A",BE210_RENDER.glb,C:\brileent earth\210_Sonora-One-Quarter-Coverage-Diamond-Ring-_1_8-ct_-tw_-14K-White-Gold-BE210\3d_model\BE210_RENDER.glb,308.5,TRUE,https://www.brilliantearth.com/Sonora-One-Quarter-Coverage-Diamond-Ring-(1/8-ct.-tw.)-14K-White-Gold-BE210/
2D23,Sonora Three-Quarter Coverage Diamond Ring (1/4 ct. tw.),sonora-three-quarter-coverage-diamond-ring-1-4-ct-tw,Classic Collection,Classic Collection,"Yellow Gold, White Gold, Rose Gold, Platinum","14K, 18K, N/A",BE2D23_RENDER.glb,C:\brileent earth\2D23_Sonora-Three-Quarter-Coverage-Diamond-Ring-_1_4-ct_-tw_-14K-White-Gold-BE2D23\3d_model\BE2D23_RENDER.glb,278.5,TRUE,https://www.brilliantearth.com/Sonora-Three-Quarter-Coverage-Diamond-Ring-(1/4-ct.-tw.)-14K-White-Gold-BE2D23/
2D5422,Sweeping Ivy Diamond Open Ring (1/2 ct. tw.),sweeping-ivy-diamond-open-ring-1-2-ct-tw,"Luxe Collection,Nature Collection,Statement Collection,Open Collection",Nature Collection,"Yellow Gold, White Gold, Rose Gold, Platinum","14K, 18K, N/A",BE2D5422_RENDER.glb,C:\brileent earth\2D5422_Sweeping-Ivy-Diamond-Open-Ring-_1_2-ct_-tw_-14K-Gold-BE2D5422\3d_model\BE2D5422_RENDER.glb,443.7,TRUE,https://www.brilliantearth.com/Sweeping-Ivy-Diamond-Open-Ring-(1/2-ct.-tw.)-14K-Gold-BE2D5422/
2D119LC,Tabitha Channel Set Baguette Eternity Lab Diamond Ring,tabitha-channel-set-baguette-eternity-lab-diamond-ring,Modern Collection,Modern Collection,"Yellow Gold, White Gold, Rose Gold, Platinum","14K, 18K, N/A",BE2D119LC_RENDER.glb,C:\brileent earth\2D119LC_Tabitha-Channel-Set-Baguette-Eternity-Lab-Diamond-Ring-14K-Gold-BE2D119LC\3d_model\BE2D119LC_RENDER.glb,132.4,TRUE,https://www.brilliantearth.com/Tabitha-Channel-Set-Baguette-Eternity-Lab-Diamond-Ring-14K-Gold-BE2D119LC/
2D458LC,Tabitha Channel Set Eternity Lab Diamond Ring (1/3 ct. tw.),tabitha-channel-set-eternity-lab-diamond-ring-1-3-ct-tw,Modern Collection,Modern Collection,"Yellow Gold, White Gold, Rose Gold, Platinum","14K, 18K, N/A",BE2D458LC_RENDER.glb,C:\brileent earth\2D458LC_Tabitha-Channel-Set-Eternity-Lab-Diamond-Ring-_1_3-ct_-tw_-14K-Gold-BE2D458LC\3d_model\BE2D458LC_RENDER.glb,383.2,TRUE,https://www.brilliantearth.com/Tabitha-Channel-Set-Eternity-Lab-Diamond-Ring-(1/3-ct.-tw.)-14K-Gold-BE2D458LC/
2D5124,Tapered Baguette Diamond Ring,tapered-baguette-diamond-ring,"Classic Collection,Modern Collection",Classic Collection,"Yellow Gold, White Gold, Rose Gold, Platinum","14K, 18K, N/A",BE2D5124_RENDER.glb,C:\brileent earth\2D5124_Tapered-Baguette-Diamond-Ring-14K-White-Gold-BE2D5124\3d_model\BE2D5124_RENDER.glb,148.7,TRUE,https://www.brilliantearth.com/Tapered-Baguette-Diamond-Ring-14K-White-Gold-BE2D5124/
2D360LC,Three Row Lab Diamond Ring (1 1/2 ct. tw.),three-row-lab-diamond-ring-1-1-2-ct-tw,Luxe Collection,Luxe Collection,"Yellow Gold, White Gold, Rose Gold, Platinum","14K, 18K, N/A",BE2D360LC_RENDER.glb,C:\brileent earth\2D360LC_Three-Row-Lab-Diamond-Ring-_1-1_2-ct_-tw_-14K-White-Gold-BE2D360LC\3d_model\BE2D360LC_RENDER.glb,553.9,TRUE,https://www.brilliantearth.com/Three-Row-Lab-Diamond-Ring-(1-1/2-ct.-tw.)-14K-White-Gold-BE2D360LC/
251BDE,Tiara Diamond Ring (1/10 ct. tw.),tiara-diamond-ring-1-10-ct-tw,"Antique Collection,Customer Favorites Collection",Antique Collection,"Yellow Gold, White Gold, Rose Gold, Platinum","14K, 18K, N/A",BE251BDE_RENDER.glb,C:\brileent earth\251BDE_Tiara-Diamond-Ring-_1_10-ct_-tw_-Rose-Gold-BE251BDE\3d_model\BE251BDE_RENDER.glb,647.9,TRUE,https://www.brilliantearth.com/Tiara-Diamond-Ring-(1/10-ct.-tw.)-Rose-Gold-BE251BDE/
250BDE,Tiara Eternity Diamond Ring (1/4 ct. tw.),tiara-eternity-diamond-ring-1-4-ct-tw,"Antique Collection,Customer Favorites Collection",Antique Collection,"Yellow Gold, White Gold, Rose Gold, Platinum","14K, 18K, N/A",BE250BDE_RENDER.glb,C:\brileent earth\250BDE_Tiara-Eternity-Diamond-Ring-_1_4-ct_-tw_-Rose-Gold-BE250BDE\3d_model\BE250BDE_RENDER.glb,449.3,TRUE,https://www.brilliantearth.com/Tiara-Eternity-Diamond-Ring-(1/4-ct.-tw.)-Rose-Gold-BE250BDE/
2D1537LC,Trillion Cut Lab Diamond Ring,trillion-cut-lab-diamond-ring,"Luxe Collection,Modern Collection,Antique Collection",Modern Collection,"Yellow Gold, White Gold, Rose Gold, Platinum","14K, 18K, N/A",BE2D1537LC_RENDER.glb,C:\brileent earth\2D1537LC_Trillion-Cut-Lab-Diamond-Ring-14K-Gold-BE2D1537LC\3d_model\BE2D1537LC_RENDER.glb,314.5,TRUE,https://www.brilliantearth.com/Trillion-Cut-Lab-Diamond-Ring-14K-Gold-BE2D1537LC/
2M56D,Twisted Vine Ring,twisted-vine-ring,"Classic Collection,Nature Collection",Classic Collection,"Yellow Gold, White Gold, Rose Gold, Platinum","14K, 18K, N/A",BE2M56D_RENDER.glb,C:\brileent earth\2M56D_Twisted-Vine-Ring-14K-Gold-BE2M56D\3d_model\BE2M56D_RENDER.glb,140.2,TRUE,https://www.brilliantearth.com/Twisted-Vine-Ring-14K-Gold-BE2M56D/
2D1136LC,Ulla Eternity Lab Diamond Ring (1 ct. tw.),ulla-eternity-lab-diamond-ring-1-ct-tw,"Classic Collection,Luxe Collection",Classic Collection,"Yellow Gold, White Gold, Rose Gold, Platinum","14K, 18K, N/A",BE2D1136LC_RENDER.glb,C:\brileent earth\2D1136LC_Ulla-Eternity-Lab-Diamond-Ring-_1-ct_-tw_-Rose-Gold-BE2D1136LC\3d_model\BE2D1136LC_RENDER.glb,263.5,TRUE,https://www.brilliantearth.com/Ulla-Eternity-Lab-Diamond-Ring-(1-ct.-tw.)-Rose-Gold-BE2D1136LC/
2D575,Uma Contour Bezel Diamond Ring,uma-contour-bezel-diamond-ring,Modern Collection,Modern Collection,"Yellow Gold, White Gold, Rose Gold, Platinum","14K, 18K, N/A",BE2D575_RENDER.glb,C:\brileent earth\2D575_Uma-Contour-Bezel-Diamond-Ring-14K-Gold-BE2D575\3d_model\BE2D575_RENDER.glb,968.8,TRUE,https://www.brilliantearth.com/Uma-Contour-Bezel-Diamond-Ring-14K-Gold-BE2D575/
2D654LC,Valencia Eternity Lab Diamond Ring (1 1/2 ct. tw.),valencia-eternity-lab-diamond-ring-1-1-2-ct-tw,Luxe Collection,Luxe Collection,"Yellow Gold, White Gold, Rose Gold, Platinum","14K, 18K, N/A",BE2D654LC_RENDER.glb,C:\brileent earth\2D654LC_Valencia-Eternity-Lab-Diamond-Ring-_1-1_2-ct_-tw_-14K-White-Gold-BE2D654LC\3d_model\BE2D654LC_RENDER.glb,762.6,TRUE,https://www.brilliantearth.com/Valencia-Eternity-Lab-Diamond-Ring-(1-1/2-ct.-tw.)-14K-White-Gold-BE2D654LC/
2D1789LC,Valencia Lab Diamond Ring (1/3 ct. tw.),valencia-lab-diamond-ring-1-3-ct-tw,Luxe Collection,Luxe Collection,"Yellow Gold, White Gold, Rose Gold, Platinum","14K, 18K, N/A",BE2D1789LC_RENDER.glb,C:\brileent earth\2D1789LC_Valencia-Lab-Diamond-Ring-_1_3-ct_-tw_-14K-White-Gold-BE2D1789LC\3d_model\BE2D1789LC_RENDER.glb,548.1,TRUE,https://www.brilliantearth.com/Valencia-Lab-Diamond-Ring-(1/3-ct.-tw.)-14K-White-Gold-BE2D1789LC/
2D667,Veranda Diamond Ring,veranda-diamond-ring,Nature Collection,Nature Collection,"Yellow Gold, White Gold, Rose Gold, Platinum","14K, 18K, N/A",BE2D667_RENDER.glb,C:\brileent earth\2D667_Veranda-Diamond-Ring-14K-Gold-BE2D667\3d_model\BE2D667_RENDER.glb,184.9,TRUE,https://www.brilliantearth.com/Veranda-Diamond-Ring-14K-Gold-BE2D667/
2D667LC,Veranda Lab Diamond Ring,veranda-lab-diamond-ring,Nature Collection,Nature Collection,"Yellow Gold, White Gold, Rose Gold, Platinum","14K, 18K, N/A",BE2D667LC_RENDER.glb,C:\brileent earth\2D667LC_Veranda-Lab-Diamond-Ring-14K-Gold-BE2D667LC\3d_model\BE2D667LC_RENDER.glb,184.9,TRUE,https://www.brilliantearth.com/Veranda-Lab-Diamond-Ring-14K-Gold-BE2D667LC/
2D923,Veranda Straight Diamond Ring,veranda-straight-diamond-ring,"Nature Collection,Antique Collection",Nature Collection,"Yellow Gold, White Gold, Rose Gold, Platinum","14K, 18K, N/A",BE2D923_RENDER.glb,C:\brileent earth\2D923_Veranda-Straight-Diamond-Ring-Gold-BE2D923\3d_model\BE2D923_RENDER.glb,167.2,TRUE,https://www.brilliantearth.com/Veranda-Straight-Diamond-Ring-Gold-BE2D923/
2D923LC,Veranda Straight Lab Diamond Ring,veranda-straight-lab-diamond-ring,"Nature Collection,Antique Collection",Nature Collection,"Yellow Gold, White Gold, Rose Gold, Platinum","14K, 18K, N/A",BE2D923LC_RENDER.glb,C:\brileent earth\2D923LC_Veranda-Straight-Lab-Diamond-Ring-Gold-BE2D923LC\3d_model\BE2D923LC_RENDER.glb,241.9,TRUE,https://www.brilliantearth.com/Veranda-Straight-Lab-Diamond-Ring-Gold-BE2D923LC/
2D1785,Verdure Engraved Diamond Ring,verdure-engraved-diamond-ring,"Nature Collection,Antique Collection",Nature Collection,"Yellow Gold, White Gold, Rose Gold, Platinum","14K, 18K, N/A",BE2D1785_RENDER.glb,C:\brileent earth\2D1785_Verdure-Engraved-Diamond-Ring-14K-Gold-BE2D1785\3d_model\BE2D1785_RENDER.glb,1288.4,TRUE,https://www.brilliantearth.com/Verdure-Engraved-Diamond-Ring-14K-Gold-BE2D1785/
2D789,Veronika Diamond Ring,veronika-diamond-ring,"Modern Collection,Antique Collection",Modern Collection,"Yellow Gold, White Gold, Rose Gold, Platinum","14K, 18K, N/A",BE2D789_RENDER.glb,C:\brileent earth\2D789_Veronika-Diamond-Ring-14K-Gold-BE2D789\3d_model\BE2D789_RENDER.glb,339.9,TRUE,https://www.brilliantearth.com/Veronika-Diamond-Ring-14K-Gold-BE2D789/
2D7895,Versailles Bezel Diamond Ring,versailles-bezel-diamond-ring,Classic Collection,Classic Collection,"Yellow Gold, White Gold, Rose Gold, Platinum","14K, 18K, N/A",BE2D7895_RENDER.glb,C:\brileent earth\2D7895_Versailles-Bezel-Diamond-Ring-14K-Gold-BE2D7895\3d_model\BE2D7895_RENDER.glb,275.8,TRUE,https://www.brilliantearth.com/Versailles-Bezel-Diamond-Ring-14K-Gold-BE2D7895/
2D2952,Versailles Diamond Open Ring (1/2 ct. tw.),versailles-diamond-open-ring-1-2-ct-tw,"Classic Collection,Modern Collection,Open Collection",Classic Collection,"Yellow Gold, White Gold, Rose Gold, Platinum","14K, 18K, N/A",BE2D2952_RENDER.glb,C:\brileent earth\2D2952_Versailles-Diamond-Open-Ring-_1_2-ct_-tw_-14K-Gold-BE2D2952\3d_model\BE2D2952_RENDER.glb,188.0,TRUE,https://www.brilliantearth.com/Versailles-Diamond-Open-Ring-(1/2-ct.-tw.)-14K-Gold-BE2D2952/
2D3792,Versailles Eternity Diamond Ring (3/4 ct. tw.),versailles-eternity-diamond-ring-3-4-ct-tw,Classic Collection,Classic Collection,"Yellow Gold, White Gold, Rose Gold, Platinum","14K, 18K, N/A",BE2D3792_RENDER.glb,C:\brileent earth\2D3792_Versailles-Eternity-Diamond-Ring-_3_4-ct_-tw_-14K-Gold-BE2D3792\3d_model\BE2D3792_RENDER.glb,398.9,TRUE,https://www.brilliantearth.com/Versailles-Eternity-Diamond-Ring-(3/4-ct.-tw.)-14K-Gold-BE2D3792/
2D3792LC,Versailles Eternity Lab Diamond Ring (3/4 ct. tw.),versailles-eternity-lab-diamond-ring-3-4-ct-tw,Classic Collection,Classic Collection,"Yellow Gold, White Gold, Rose Gold, Platinum","14K, 18K, N/A",BE2D3792LC_RENDER.glb,C:\brileent earth\2D3792LC_Versailles-Eternity-Lab-Diamond-Ring-_3_4-ct_-tw_-14K-Gold-BE2D3792LC\3d_model\BE2D3792LC_RENDER.glb,398.9,TRUE,https://www.brilliantearth.com/Versailles-Eternity-Lab-Diamond-Ring-(3/4-ct.-tw.)-14K-Gold-BE2D3792LC/
2D378,Versailles Half Coverage Diamond Ring (3/8 ct. tw.),versailles-half-coverage-diamond-ring-3-8-ct-tw,"Classic Collection,Modern Collection,Customer Favorites Collection",Classic Collection,"Yellow Gold, White Gold, Rose Gold, Platinum","14K, 18K, N/A",BE2D378_RENDER.glb,C:\brileent earth\2D378_Versailles-Half-Coverage-Diamond-Ring-_3_8-ct_-tw_-14K-White-Gold-BE2D378\3d_model\BE2D378_RENDER.glb,125.6,TRUE,https://www.brilliantearth.com/Versailles-Half-Coverage-Diamond-Ring-(3/8-ct.-tw.)-14K-White-Gold-BE2D378/
2D378LC,Versailles Half Coverage Lab Diamond Ring (3/8 ct. tw.),versailles-half-coverage-lab-diamond-ring-3-8-ct-tw,"Classic Collection,Modern Collection,Customer Favorites Collection",Classic Collection,"Yellow Gold, White Gold, Rose Gold, Platinum","14K, 18K, N/A",BE2D378LC_RENDER.glb,C:\brileent earth\2D378LC_Versailles-Half-Coverage-Lab-Diamond-Ring-_3_8-ct_-tw_-14K-White-Gold-BE2D378LC\3d_model\BE2D378LC_RENDER.glb,125.6,TRUE,https://www.brilliantearth.com/Versailles-Half-Coverage-Lab-Diamond-Ring-(3/8-ct.-tw.)-14K-White-Gold-BE2D378LC/
2D2952LC,Versailles Lab Diamond Open Ring (1/2 ct. tw.),versailles-lab-diamond-open-ring-1-2-ct-tw,"Classic Collection,Modern Collection,Open Collection",Classic Collection,"Yellow Gold, White Gold, Rose Gold, Platinum","14K, 18K, N/A",BE2D2952LC_RENDER.glb,C:\brileent earth\2D2952LC_Versailles-Lab-Diamond-Open-Ring-_1_2-ct_-tw_-14K-Gold-BE2D2952LC\3d_model\BE2D2952LC_RENDER.glb,188.0,TRUE,https://www.brilliantearth.com/Versailles-Lab-Diamond-Open-Ring-(1/2-ct.-tw.)-14K-Gold-BE2D2952LC/
2D3422,Versailles One-Quarter Coverage Diamond Ring (1/5 ct. tw.),versailles-one-quarter-coverage-diamond-ring-1-5-ct-tw,"Classic Collection,Modern Collection",Classic Collection,"Yellow Gold, White Gold, Rose Gold, Platinum","14K, 18K, N/A",BE2D3422_RENDER.glb,C:\brileent earth\2D3422_Versailles-One-Quarter-Coverage-Diamond-Ring-_1_5-ct_-tw_-14K-Gold-BE2D3422\3d_model\BE2D3422_RENDER.glb,257.2,TRUE,https://www.brilliantearth.com/Versailles-One-Quarter-Coverage-Diamond-Ring-(1/5-ct.-tw.)-14K-Gold-BE2D3422/
2D362,Versailles Three-Quarter Coverage Diamond Ring (1/2 ct. tw.),versailles-three-quarter-coverage-diamond-ring-1-2-ct-tw,"Classic Collection,Modern Collection,Customer Favorites Collection",Classic Collection,"Yellow Gold, White Gold, Rose Gold, Platinum","14K, 18K, N/A",BE2D362_RENDER.glb,C:\brileent earth\2D362_Versailles-Three-Quarter-Coverage-Diamond-Ring-_1_2-ct_-tw_-14K-White-Gold-BE2D362\3d_model\BE2D362_RENDER.glb,289.4,TRUE,https://www.brilliantearth.com/Versailles-Three-Quarter-Coverage-Diamond-Ring-(1/2-ct.-tw.)-14K-White-Gold-BE2D362/
2D362LC,Versailles Three-Quarter Coverage Lab Diamond Ring (1/2 ct. tw.),versailles-three-quarter-coverage-lab-diamond-ring-1-2-ct-tw,"Classic Collection,Modern Collection,Customer Favorites Collection",Classic Collection,"Yellow Gold, White Gold, Rose Gold, Platinum","14K, 18K, N/A",BE2D362LC_RENDER.glb,C:\brileent earth\2D362LC_Versailles-Three-Quarter-Coverage-Lab-Diamond-Ring-_1_2-ct_-tw_-14K-White-Gold-BE2D362LC\3d_model\BE2D362LC_RENDER.glb,194.6,TRUE,https://www.brilliantearth.com/Versailles-Three-Quarter-Coverage-Lab-Diamond-Ring-(1/2-ct.-tw.)-14K-White-Gold-BE2D362LC/
2D366,Vintage Secret Garden Diamond Ring (1/2 ct. tw.),vintage-secret-garden-diamond-ring-1-2-ct-tw,Nature Collection,Nature Collection,"Yellow Gold, White Gold, Rose Gold, Platinum","14K, 18K, N/A",BE2D366_RENDER.glb,C:\brileent earth\2D366_Vintage-Secret-Garden-Diamond-Ring-_1_2-ct_-tw_-14K-White-Gold-BE2D366\3d_model\BE2D366_RENDER.glb,391.8,TRUE,https://www.brilliantearth.com/Vintage-Secret-Garden-Diamond-Ring-(1/2-ct.-tw.)-14K-White-Gold-BE2D366/
2D396,Vintage Secret Garden Diamond Ring (1/4 ct. tw.),vintage-secret-garden-diamond-ring-1-4-ct-tw,Nature Collection,Nature Collection,"Yellow Gold, White Gold, Rose Gold, Platinum","14K, 18K, N/A",BE2D396_RENDER.glb,C:\brileent earth\2D396_Vintage-Secret-Garden-Diamond-Ring-_1_4-ct_-tw_-14K-Gold-BE2D396\3d_model\BE2D396_RENDER.glb,169.1,TRUE,https://www.brilliantearth.com/Vintage-Secret-Garden-Diamond-Ring-(1/4-ct.-tw.)-14K-Gold-BE2D396/
266E,Whisper Eternity Diamond Ring (1/4 ct. tw.),whisper-eternity-diamond-ring-1-4-ct-tw,"Classic Collection,Customer Favorites Collection",Classic Collection,"Yellow Gold, White Gold, Rose Gold, Platinum","14K, 18K, N/A",BE266E_RENDER.glb,C:\brileent earth\266E_Whisper-Eternity-Diamond-Ring-_1_4-ct_-tw_-14K-White-Gold-BE266E\3d_model\BE266E_RENDER.glb,467.8,TRUE,https://www.brilliantearth.com/Whisper-Eternity-Diamond-Ring-(1/4-ct.-tw.)-14K-White-Gold-BE266E/
266,Whisper One-Quarter Coverage Diamond Ring (1/10 ct. tw.),whisper-one-quarter-coverage-diamond-ring-1-10-ct-tw,"Classic Collection,Customer Favorites Collection",Classic Collection,"Yellow Gold, White Gold, Rose Gold, Platinum","14K, 18K, N/A",BE266_RENDER.glb,C:\brileent earth\266_Whisper-One-Quarter-Coverage-Diamond-Ring-_1_10-ct_-tw_-14K-White-Gold-BE266\3d_model\BE266_RENDER.glb,294.2,TRUE,https://www.brilliantearth.com/Whisper-One-Quarter-Coverage-Diamond-Ring-(1/10-ct.-tw.)-14K-White-Gold-BE266/
266LC,Whisper One-Quarter Coverage Lab Diamond Ring (1/10 ct. tw.),whisper-one-quarter-coverage-lab-diamond-ring-1-10-ct-tw,"Classic Collection,Customer Favorites Collection",Classic Collection,"Yellow Gold, White Gold, Rose Gold, Platinum","14K, 18K, N/A",BE266LC_RENDER.glb,C:\brileent earth\266LC_Whisper-One-Quarter-Coverage-Lab-Diamond-Ring-_1_10-ct_-tw_-14K-White-Gold-BE266LC\3d_model\BE266LC_RENDER.glb,294.2,TRUE,https://www.brilliantearth.com/Whisper-One-Quarter-Coverage-Lab-Diamond-Ring-(1/10-ct.-tw.)-14K-White-Gold-BE266LC/
2D2661,Whisper Three-Quarter Coverage Diamond Ring (1/5 ct. tw.),whisper-three-quarter-coverage-diamond-ring-1-5-ct-tw,Classic Collection,Classic Collection,"Yellow Gold, White Gold, Rose Gold, Platinum","14K, 18K, N/A",BE2D2661_RENDER.glb,C:\brileent earth\2D2661_Whisper-Three-Quarter-Coverage-Diamond-Ring-_1_5-ct_-tw_-14K-White-Gold-BE2D2661\3d_model\BE2D2661_RENDER.glb,400.8,TRUE,https://www.brilliantearth.com/Whisper-Three-Quarter-Coverage-Diamond-Ring-(1/5-ct.-tw.)-14K-White-Gold-BE2D2661/
2D205,Willow Contour Diamond Ring,willow-contour-diamond-ring,Nature Collection,Nature Collection,"Yellow Gold, White Gold, Rose Gold, Platinum","14K, 18K, N/A",BE2D205_RENDER.glb,C:\brileent earth\2D205_Willow-Contour-Diamond-Ring-14K-White-Gold-BE2D205\3d_model\BE2D205_RENDER.glb,341.6,TRUE,https://www.brilliantearth.com/Willow-Contour-Diamond-Ring-14K-White-Gold-BE2D205/
2044,Winding Willow Diamond Ring,winding-willow-diamond-ring,"Nature Collection,Customer Favorites Collection",Nature Collection,"Yellow Gold, White Gold, Rose Gold, Platinum","14K, 18K, N/A",BE2044_RENDER.glb,C:\brileent earth\2044_Winding-Willow-Diamond-Ring-14K-White-Gold-BE2044\3d_model\BE2044_RENDER.glb,159.1,TRUE,https://www.brilliantearth.com/Winding-Willow-Diamond-Ring-14K-White-Gold-BE2044/
2D1633,Winding Willow Eternity Diamond Ring (1/3 ct. tw.),winding-willow-eternity-diamond-ring-1-3-ct-tw,Nature Collection,Nature Collection,"Yellow Gold, White Gold",18K,BE2D1633_RENDER.glb,C:\brileent earth\2D1633_Winding-Willow-Eternity-Diamond-Ring-_1_3-ct_-tw_-White-Gold-BE2D1633\3d_model\BE2D1633_RENDER.glb,285.5,TRUE,https://www.brilliantearth.com/Winding-Willow-Eternity-Diamond-Ring-(1/3-ct.-tw.)-White-Gold-BE2D1633/
2133,Winding Willow Ring,winding-willow-ring,"Nature Collection,Customer Favorites Collection",Nature Collection,"Yellow Gold, White Gold, Rose Gold, Platinum","14K, 18K, N/A",BE2133_RENDER.glb,C:\brileent earth\2133_Winding-Willow-Ring-14K-Gold-BE2133\3d_model\BE2133_RENDER.glb,93.4,TRUE,https://www.brilliantearth.com/Winding-Willow-Ring-14K-Gold-BE2133/
2D5419,Wren Baguette Diamond Ring,wren-baguette-diamond-ring,"Classic Collection,Open Collection",Classic Collection,"Yellow Gold, White Gold, Rose Gold, Platinum","14K, 18K, N/A",BE2D5419_RENDER.glb,C:\brileent earth\2D5419_Wren-Baguette-Diamond-Ring-14K-Gold-BE2D5419\3d_model\BE2D5419_RENDER.glb,58.2,TRUE,https://www.brilliantearth.com/Wren-Baguette-Diamond-Ring-14K-Gold-BE2D5419/
2D2006,Wren Diamond Open Ring,wren-diamond-open-ring,"Classic Collection,Modern Collection,Open Collection,Customer Favorites Collection",Classic Collection,"Yellow Gold, White Gold, Rose Gold, Platinum","14K, 18K, N/A",BE2D2006_RENDER.glb,C:\brileent earth\2D2006_Wren-Diamond-Open-Ring-14K-White-Gold-BE2D2006\3d_model\BE2D2006_RENDER.glb,89.4,TRUE,https://www.brilliantearth.com/Wren-Diamond-Open-Ring-14K-White-Gold-BE2D2006/
2D2006LC,Wren Lab Diamond Open Ring,wren-lab-diamond-open-ring,"Classic Collection,Modern Collection,Open Collection,Customer Favorites Collection",Classic Collection,"Yellow Gold, White Gold, Rose Gold, Platinum","14K, 18K, N/A",BE2D2006LC_RENDER.glb,C:\brileent earth\2D2006LC_Wren-Lab-Diamond-Open-Ring-14K-White-Gold-BE2D2006LC\3d_model\BE2D2006LC_RENDER.glb,89.4,TRUE,https://www.brilliantearth.com/Wren-Lab-Diamond-Open-Ring-14K-White-Gold-BE2D2006LC/
2D382,Wren Pear Diamond Ring,wren-pear-diamond-ring,"Modern Collection,Open Collection",Modern Collection,"Yellow Gold, White Gold, Rose Gold, Platinum","14K, 18K, N/A",BE2D382_RENDER.glb,C:\brileent earth\2D382_Wren-Pear-Diamond-Ring-14K-Gold-BE2D382\3d_model\BE2D382_RENDER.glb,60.6,TRUE,https://www.brilliantearth.com/Wren-Pear-Diamond-Ring-14K-Gold-BE2D382/
2D781,Yvette Diamond Ring (1/4 ct. tw.),yvette-diamond-ring-1-4-ct-tw,Nature Collection,Nature Collection,"Yellow Gold, White Gold, Rose Gold, Platinum","14K, 18K, N/A",BE2D781_RENDER.glb,C:\brileent earth\2D781_Yvette-Diamond-Ring-_1_4-ct_-tw_-14K-Gold-BE2D781\3d_model\BE2D781_RENDER.glb,223.5,TRUE,https://www.brilliantearth.com/Yvette-Diamond-Ring-(1/4-ct.-tw.)-14K-Gold-BE2D781/
2D7158,Yvette Diamond Ring (1/6 ct. tw.),yvette-diamond-ring-1-6-ct-tw,"Modern Collection,Nature Collection",Modern Collection,"Yellow Gold, White Gold, Rose Gold, Platinum","14K, 18K, N/A",BE2D7158_RENDER.glb,C:\brileent earth\2D7158_Yvette-Diamond-Ring-_1_6-ct_-tw_-14K-White-Gold-BE2D7158\3d_model\BE2D7158_RENDER.glb,268.6,TRUE,https://www.brilliantearth.com/Yvette-Diamond-Ring-(1/6-ct.-tw.)-14K-White-Gold-BE2D7158/
2D781LC,Yvette Lab Diamond Ring (1/4 ct. tw.),yvette-lab-diamond-ring-1-4-ct-tw,Nature Collection,Nature Collection,"Yellow Gold, White Gold, Rose Gold, Platinum","14K, 18K, N/A",BE2D781LC_RENDER.glb,C:\brileent earth\2D781LC_Yvette-Lab-Diamond-Ring-_1_4-ct_-tw_-14K-Gold-BE2D781LC\3d_model\BE2D781LC_RENDER.glb,206.0,TRUE,https://www.brilliantearth.com/Yvette-Lab-Diamond-Ring-(1/4-ct.-tw.)-14K-Gold-BE2D781LC/
2D922,Yvette Straight Diamond Ring,yvette-straight-diamond-ring,Nature Collection,Nature Collection,"Yellow Gold, White Gold, Rose Gold, Platinum","14K, 18K, N/A",BE2D922_RENDER.glb,C:\brileent earth\2D922_Yvette-Straight-Diamond-Ring-Gold-BE2D922\3d_model\BE2D922_RENDER.glb,240.7,TRUE,https://www.brilliantearth.com/Yvette-Straight-Diamond-Ring-Gold-BE2D922/
2D922LC,Yvette Straight Lab Diamond Ring,yvette-straight-lab-diamond-ring,Nature Collection,Nature Collection,"Yellow Gold, White Gold, Rose Gold, Platinum","14K, 18K, N/A",BE2D922LC_RENDER.glb,C:\brileent earth\2D922LC_Yvette-Straight-Lab-Diamond-Ring-Gold-BE2D922LC\3d_model\BE2D922LC_RENDER.glb,240.7,TRUE,https://www.brilliantearth.com/Yvette-Straight-Lab-Diamond-Ring-Gold-BE2D922LC/
2D3689LC,Zadie Channel Set Contour Lab Diamond Ring (1/4 ct. tw.),zadie-channel-set-contour-lab-diamond-ring-1-4-ct-tw,Luxe Collection,Luxe Collection,"Yellow Gold, White Gold, Rose Gold, Platinum","14K, 18K, N/A",BE2D3689LC_RENDER.glb,C:\brileent earth\2D3689LC_Zadie-Channel-Set-Contour-Lab-Diamond-Ring-_1_4-ct_-tw_-14K-Gold-BE2D3689LC\3d_model\BE2D3689LC_RENDER.glb,296.5,TRUE,https://www.brilliantearth.com/Zadie-Channel-Set-Contour-Lab-Diamond-Ring-(1/4-ct.-tw.)-14K-Gold-BE2D3689LC/
2D26118P,Zeta Diamond Open Ring,zeta-diamond-open-ring,"Classic Collection,Modern Collection,Open Collection",Classic Collection,"Yellow Gold, White Gold, Rose Gold, Platinum","14K, 18K, N/A",BE2D26118P_RENDER.glb,C:\brileent earth\2D26118P_Zeta-Diamond-Open-Ring-14K-Gold-BE2D26118P\3d_model\BE2D26118P_RENDER.glb,322.7,TRUE,https://www.brilliantearth.com/Zeta-Diamond-Open-Ring-14K-Gold-BE2D26118P/
2D26118PLC,Zeta Lab Diamond Open Ring,zeta-lab-diamond-open-ring,"Classic Collection,Modern Collection,Open Collection",Classic Collection,"Yellow Gold, White Gold, Rose Gold, Platinum","14K, 18K, N/A",BE2D26118PLC_RENDER.glb,C:\brileent earth\2D26118PLC_Zeta-Lab-Diamond-Open-Ring-14K-Gold-BE2D26118PLC\3d_model\BE2D26118PLC_RENDER.glb,322.7,TRUE,https://www.brilliantearth.com/Zeta-Lab-Diamond-Open-Ring-14K-Gold-BE2D26118PLC/
2D225,Zora Baguette Diamond Open Ring (1/3 ct. tw.),zora-baguette-diamond-open-ring-1-3-ct-tw,"Modern Collection,Open Collection",Modern Collection,"Yellow Gold, White Gold, Rose Gold, Platinum","14K, 18K, N/A",BE2D225_RENDER.glb,C:\brileent earth\2D225_Zora-Baguette-Diamond-Open-Ring-_1_3-ct_-tw_-14K-Gold-BE2D225\3d_model\BE2D225_RENDER.glb,198.8,TRUE,https://www.brilliantearth.com/Zora-Baguette-Diamond-Open-Ring-(1/3-ct.-tw.)-14K-Gold-BE2D225/
